# Blender v3.6.23 OBJ File: '02.blend'
# www.blender.org
mtllib 02フープ筋.mtl
o _3-3__curve___3-3__curve_.001
v 184.177048 140.000000 -217.268845
v 183.944229 143.660248 -213.616013
v 183.626175 145.000000 -208.626129
v 183.308121 143.660263 -203.636261
v 183.075302 140.000000 -199.983414
v 182.990082 135.000015 -198.646378
v 183.075302 130.000000 -199.983414
v 183.308121 126.339752 -203.636246
v 183.626175 125.000000 -208.626114
v 183.944229 126.339737 -213.615997
v 184.177048 129.999985 -217.268845
v 184.262268 134.999985 -218.605881
v 187.280991 140.000000 -217.053329
v 186.815582 143.660248 -213.422791
v 186.179810 145.000000 -208.463364
v 185.544037 143.660263 -203.503952
v 185.078629 140.000000 -199.873413
v 184.908264 135.000015 -198.544540
v 185.078629 130.000015 -199.873398
v 185.544037 126.339752 -203.503937
v 186.179810 125.000000 -208.463348
v 186.815582 126.339737 -213.422775
v 187.280991 129.999985 -217.053314
v 187.451355 134.999985 -218.382187
v 190.891174 140.000000 -216.353622
v 189.964951 143.660248 -212.812500
v 188.699707 145.000000 -207.975220
v 187.434464 143.660263 -203.137955
v 186.508240 140.000000 -199.596832
v 186.169220 135.000015 -198.300690
v 186.508240 130.000000 -199.596817
v 187.434464 126.339752 -203.137939
v 188.699707 125.000000 -207.975204
v 189.964951 126.339737 -212.812485
v 190.891174 129.999985 -216.353607
v 191.230194 134.999985 -217.649750
v 194.410278 140.000000 -215.185654
v 193.033249 143.660248 -211.794312
v 191.152191 145.000000 -207.161636
v 189.271133 143.660263 -202.528976
v 187.894104 140.000000 -199.137619
v 187.390076 135.000015 -197.896301
v 187.894104 130.000000 -199.137604
v 189.271133 126.339752 -202.528961
v 191.152191 125.000000 -207.161621
v 193.033249 126.339737 -211.794296
v 194.410278 129.999985 -215.185654
v 194.914307 134.999985 -216.426971
v 197.787689 140.000000 -213.548996
v 195.977020 143.660248 -210.367981
v 193.503586 145.000000 -206.022614
v 191.030151 143.660263 -201.677261
v 189.219482 140.000000 -198.496231
v 188.556732 135.000015 -197.331894
v 189.219482 130.000000 -198.496231
v 191.030151 126.339752 -201.677246
v 193.503586 125.000000 -206.022598
v 195.977005 126.339737 -210.367966
v 197.787689 129.999985 -213.548996
v 198.450439 134.999985 -214.713333
v 200.968414 140.000000 -211.446960
v 198.750244 143.660248 -208.535400
v 195.720169 145.000000 -204.558136
v 192.690094 143.660263 -200.580872
v 190.471924 140.000000 -197.669312
v 189.660004 135.000015 -196.603607
v 190.471909 130.000000 -197.669312
v 192.690079 126.339752 -200.580872
v 195.720169 125.000000 -204.558121
v 198.750244 126.339737 -208.535385
v 200.968414 129.999985 -211.446960
v 201.780334 134.999985 -212.512665
v 203.892044 140.000000 -208.891891
v 201.303833 143.660248 -206.303726
v 197.768265 145.000000 -202.768219
v 194.232712 143.660263 -199.232712
v 191.644501 140.000000 -196.644547
v 190.697144 135.000015 -195.697205
v 191.644485 130.000000 -196.644531
v 194.232697 126.339752 -199.232712
v 197.768265 125.000000 -202.768219
v 201.303818 126.339737 -206.303726
v 203.892029 129.999985 -208.891891
v 204.839386 134.999985 -209.839233
v 206.447037 140.000000 -205.968262
v 203.535461 143.660248 -203.750122
v 199.558151 145.000000 -200.720093
v 195.580856 143.660263 -197.690063
v 192.669266 140.000000 -195.471939
v 191.603546 135.000015 -194.660034
v 192.669250 130.000015 -195.471924
v 195.580841 126.339752 -197.690063
v 199.558136 125.000000 -200.720093
v 203.535446 126.339737 -203.750122
v 206.447037 129.999985 -205.968246
v 207.512756 134.999985 -206.780151
v 208.549026 140.000000 -202.787537
v 205.367996 143.660248 -200.976883
v 201.022614 145.000000 -198.503479
v 196.677246 143.660263 -196.030075
v 193.496201 140.000000 -194.219421
v 192.331863 135.000015 -193.556671
v 193.496201 130.000000 -194.219421
v 196.677231 126.339752 -196.030075
v 201.022598 125.000000 -198.503479
v 205.367981 126.339737 -200.976883
v 208.549026 129.999985 -202.787537
v 209.713364 134.999985 -203.450287
v 210.185654 140.000000 -199.410156
v 206.794312 143.660248 -198.033127
v 202.161636 145.000000 -196.152069
v 197.528976 143.660248 -194.271011
v 194.137619 140.000000 -192.893982
v 192.896301 135.000015 -192.389954
v 194.137619 130.000000 -192.893982
v 197.528961 126.339752 -194.271011
v 202.161621 125.000000 -196.152069
v 206.794296 126.339737 -198.033127
v 210.185654 129.999985 -199.410156
v 211.426971 134.999985 -199.914185
v 211.353622 140.000000 -195.891083
v 207.812500 143.660248 -194.964844
v 202.975235 145.000000 -193.699570
v 198.137985 143.660263 -192.434296
v 194.596863 140.000000 -191.508057
v 193.300705 135.000015 -191.169037
v 194.596848 130.000000 -191.508057
v 198.137970 126.339752 -192.434296
v 202.975220 125.000000 -193.699570
v 207.812485 126.339737 -194.964828
v 211.353607 129.999985 -195.891083
v 212.649765 134.999985 -196.230103
v 212.053345 140.000000 -192.280914
v 208.422806 143.660248 -191.815475
v 203.463394 145.000000 -191.179672
v 198.503983 143.660263 -190.543869
v 194.873444 140.000000 -190.078430
v 193.544571 135.000015 -189.908066
v 194.873444 130.000000 -190.078430
v 198.503967 126.339752 -190.543869
v 203.463379 125.000000 -191.179672
v 208.422791 126.339737 -191.815475
v 212.053345 129.999985 -192.280914
v 213.382217 134.999985 -192.451279
v 212.286438 140.000000 -188.626160
v 208.626175 143.660248 -188.626144
v 203.626175 145.000000 -188.626129
v 198.626175 143.660263 -188.626114
v 194.965927 140.000000 -188.626099
v 193.626175 135.000015 -188.626083
v 194.965912 130.000000 -188.626099
v 198.626160 126.339752 -188.626114
v 203.626160 125.000000 -188.626129
v 208.626160 126.339737 -188.626144
v 212.286423 129.999985 -188.626160
v 213.626175 134.999985 -188.626175
v 212.053375 140.000000 -184.971313
v 208.422821 143.660248 -185.436722
v 203.463409 145.000000 -186.072495
v 198.503998 143.660263 -186.708267
v 194.873459 140.000000 -187.173676
v 193.544586 135.000015 -187.344040
v 194.873444 130.000000 -187.173676
v 198.503983 126.339752 -186.708267
v 203.463394 125.000000 -186.072495
v 208.422821 126.339737 -185.436722
v 212.053360 129.999985 -184.971313
v 213.382233 134.999985 -184.800949
v 211.353668 140.000000 -181.361130
v 207.812531 143.660248 -182.287354
v 202.975266 145.000000 -183.552597
v 198.138000 143.660263 -184.817841
v 194.596878 140.000000 -185.744064
v 193.300735 135.000015 -186.083084
v 194.596863 130.000000 -185.744064
v 198.137985 126.339752 -184.817841
v 202.975250 125.000000 -183.552597
v 207.812531 126.339737 -182.287354
v 211.353653 129.999985 -181.361130
v 212.649796 134.999985 -181.022110
v 210.185699 140.000000 -177.842026
v 206.794357 143.660248 -179.219055
v 202.161682 145.000000 -181.100113
v 197.529022 143.660263 -182.981171
v 194.137665 140.000000 -184.358200
v 192.896347 135.000015 -184.862228
v 194.137665 130.000000 -184.358200
v 197.529007 126.339752 -182.981171
v 202.161667 125.000000 -181.100113
v 206.794342 126.339737 -179.219070
v 210.185699 129.999985 -177.842041
v 211.427017 134.999985 -177.337997
v 208.549042 140.000000 -174.464615
v 205.368027 143.660248 -176.275284
v 201.022659 145.000000 -178.748718
v 196.677307 143.660263 -181.222137
v 193.496277 140.000000 -183.032822
v 192.331940 135.000015 -183.695572
v 193.496277 130.000000 -183.032822
v 196.677292 126.339752 -181.222153
v 201.022644 125.000000 -178.748718
v 205.368011 126.339737 -176.275299
v 208.549042 129.999985 -174.464615
v 209.713379 134.999985 -173.801865
v 206.447083 140.000000 -171.283981
v 203.535492 143.660248 -173.502106
v 199.558182 145.000000 -176.532135
v 195.580872 143.660263 -179.562149
v 192.669281 140.000000 -181.780289
v 191.603561 135.000015 -182.592178
v 192.669281 130.000000 -181.780289
v 195.580872 126.339752 -179.562164
v 199.558182 125.000000 -176.532135
v 203.535477 126.339737 -173.502121
v 206.447083 129.999985 -171.283997
v 207.512802 134.999985 -170.472092
v 204.094238 140.000000 -168.569351
v 201.420578 143.660248 -171.069138
v 197.768265 145.000000 -174.483917
v 194.115967 143.660263 -177.898682
v 191.442291 140.000000 -180.398468
v 190.463654 135.000000 -181.313461
v 191.442276 130.000000 -180.398483
v 194.115952 126.339752 -177.898697
v 197.768265 125.000000 -174.483917
v 201.420563 126.339737 -171.069153
v 204.094238 130.000000 -168.569366
v 205.072876 134.999985 -167.654373
v 161.465576 140.000000 -125.933807
v 158.877396 143.660248 -128.521988
v 155.341858 145.000000 -132.057526
v 151.806320 143.660263 -135.593048
v 149.218140 140.000000 -138.181244
v 148.270782 135.000000 -139.128586
v 149.218124 130.000000 -138.181259
v 151.806320 126.339752 -135.593063
v 155.341858 125.000000 -132.057541
v 158.877380 126.339737 -128.522003
v 161.465576 129.999985 -125.933807
v 162.412933 134.999985 -124.986465
v -186.576355 124.995895 -217.286377
v -186.724625 128.653137 -213.626129
v -186.778900 129.991791 -208.626129
v -186.724625 128.653152 -203.626129
v -186.576355 124.995903 -199.965881
v -186.373825 120.000008 -198.626129
v -186.171295 115.004112 -199.965866
v -186.023026 111.346863 -203.626114
v -185.968750 110.008209 -208.626114
v -186.023026 111.346848 -213.626129
v -186.171295 115.004097 -217.286377
v -186.373825 119.999992 -218.626129
v 183.423645 139.995895 -217.286377
v 183.275375 143.653137 -213.626129
v 183.221100 144.991791 -208.626129
v 183.275375 143.653152 -203.626129
v 183.423645 139.995895 -199.965881
v 183.626175 135.000000 -198.626129
v 183.828705 130.004105 -199.965866
v 183.976974 126.346863 -203.626114
v 184.031250 125.008209 -208.626114
v 183.976974 126.346848 -213.626129
v 183.828705 130.004089 -217.286377
v 183.626175 134.999985 -218.626129
v 194.965912 125.000000 181.373932
v 198.626175 128.660248 181.373932
v 203.626175 130.000000 181.373932
v 208.626175 128.660263 181.373932
v 212.286423 125.000008 181.373932
v 213.626175 120.000008 181.373932
v 212.286438 115.000008 181.373932
v 208.626190 111.339752 181.373932
v 203.626190 110.000000 181.373932
v 198.626175 111.339737 181.373932
v 194.965927 114.999992 181.373932
v 193.626175 119.999992 181.373932
v 194.965912 125.000000 -188.626129
v 198.626175 128.660248 -188.626129
v 203.626175 130.000000 -188.626129
v 208.626175 128.660263 -188.626129
v 212.286423 125.000008 -188.626129
v 213.626175 120.000008 -188.626129
v 212.286438 115.000008 -188.626129
v 208.626190 111.339752 -188.626129
v 203.626190 110.000000 -188.626129
v 198.626175 111.339737 -188.626129
v 194.965927 114.999992 -188.626129
v 193.626175 119.999992 -188.626129
v 120.933838 125.000000 -166.465561
v 123.522018 128.660248 -163.877365
v 127.057556 130.000000 -160.341827
v 130.593079 128.660263 -156.806290
v 133.181274 125.000008 -154.218109
v 134.128616 120.000008 -153.270752
v 133.181290 115.000008 -154.218094
v 130.593094 111.339752 -156.806290
v 127.057571 110.000000 -160.341827
v 123.522034 111.339737 -163.877350
v 120.933838 114.999992 -166.465546
v 119.986496 119.999992 -167.412903
v 163.360245 125.000000 -208.891953
v 165.948425 128.660248 -206.303757
v 169.483963 130.000000 -202.768219
v 173.019485 128.660263 -199.232681
v 175.607681 125.000008 -196.644501
v 176.555023 120.000008 -195.697144
v 175.607697 115.000008 -196.644485
v 173.019501 111.339752 -199.232681
v 169.483978 110.000000 -202.768219
v 165.948441 111.339737 -206.303741
v 163.360245 114.999992 -208.891937
v 162.412903 119.999992 -209.839294
v -215.034088 125.000000 181.373932
v -211.373825 128.660248 181.373932
v -206.373825 130.000000 181.373932
v -201.373825 128.660263 181.373932
v -197.713577 125.000008 181.373932
v -196.373825 120.000008 181.373932
v -197.713562 115.000008 181.373932
v -201.373810 111.339752 181.373932
v -206.373810 110.000000 181.373932
v -211.373825 111.339737 181.373932
v -215.034073 114.999992 181.373932
v -216.373825 119.999992 181.373932
v -215.034088 125.000000 -188.626129
v -211.373825 128.660248 -188.626129
v -206.373825 130.000000 -188.626129
v -201.373825 128.660263 -188.626129
v -197.713577 125.000008 -188.626129
v -196.373825 120.000008 -188.626129
v -197.713562 115.000008 -188.626129
v -201.373810 111.339752 -188.626129
v -206.373810 110.000000 -188.626129
v -211.373825 111.339737 -188.626129
v -215.034073 114.999992 -188.626129
v -216.373825 119.999992 -188.626129
v -186.373825 125.000000 192.713684
v -186.373825 128.660248 196.373932
v -186.373825 130.000000 201.373932
v -186.373825 128.660263 206.373932
v -186.373825 125.000008 210.034180
v -186.373825 120.000008 211.373932
v -186.373825 115.000008 210.034195
v -186.373825 111.339752 206.373947
v -186.373825 110.000000 201.373947
v -186.373825 111.339737 196.373947
v -186.373825 114.999992 192.713684
v -186.373825 119.999992 191.373932
v 183.626175 125.000000 192.713684
v 183.626175 128.660248 196.373932
v 183.626175 130.000000 201.373932
v 183.626175 128.660263 206.373932
v 183.626175 125.000008 210.034180
v 183.626175 120.000008 211.373932
v 183.626175 115.000008 210.034195
v 183.626175 111.339752 206.373947
v 183.626175 110.000000 201.373947
v 183.626175 111.339737 196.373947
v 183.626175 114.999992 192.713684
v 183.626175 119.999992 191.373932
v 194.983383 125.000000 -188.075348
v 198.636230 128.660248 -188.308121
v 203.626114 130.000000 -188.626083
v 208.615997 128.660263 -188.944046
v 212.268829 125.000008 -189.176819
v 213.605881 120.000008 -189.262009
v 212.268845 115.000008 -189.176819
v 208.615997 111.339752 -188.944046
v 203.626129 110.000000 -188.626083
v 198.636246 111.339737 -188.308121
v 194.983398 114.999992 -188.075348
v 193.646347 119.999992 -187.990158
v 194.873428 125.000000 -190.078537
v 198.503967 128.660248 -190.543930
v 203.463394 130.000000 -191.179672
v 208.422806 128.660263 -191.815414
v 212.053360 125.000008 -192.280807
v 213.382233 120.000008 -192.451157
v 212.053360 115.000008 -192.280807
v 208.422821 111.339752 -191.815414
v 203.463409 110.000000 -191.179672
v 198.503983 111.339737 -190.543930
v 194.873428 114.999992 -190.078537
v 193.544556 119.999992 -189.908188
v 194.596848 125.000000 -191.508057
v 198.137970 128.660248 -192.434296
v 202.975235 130.000000 -193.699570
v 207.812485 128.660263 -194.964828
v 211.353607 125.000008 -195.891068
v 212.649750 120.000008 -196.230103
v 211.353622 115.000008 -195.891083
v 207.812500 111.339752 -194.964844
v 202.975250 110.000000 -193.699570
v 198.137985 111.339737 -192.434311
v 194.596863 114.999992 -191.508072
v 193.300720 119.999992 -191.169037
v 194.137619 125.000000 -192.893982
v 197.528961 128.660248 -194.271011
v 202.161636 130.000000 -196.152069
v 206.794296 128.660263 -198.033127
v 210.185654 125.000008 -199.410156
v 211.426971 120.000008 -199.914185
v 210.185654 115.000008 -199.410156
v 206.794312 111.339752 -198.033127
v 202.161652 110.000000 -196.152069
v 197.528976 111.339737 -194.271011
v 194.137619 114.999992 -192.893982
v 192.896301 119.999992 -192.389954
v 193.496201 125.000000 -194.219421
v 196.677231 128.660248 -196.030075
v 201.022614 130.000000 -198.503479
v 205.367981 128.660263 -200.976883
v 208.549026 125.000008 -202.787537
v 209.713364 120.000008 -203.450287
v 208.549026 115.000008 -202.787537
v 205.367996 111.339752 -200.976883
v 201.022629 110.000000 -198.503479
v 196.677246 111.339737 -196.030090
v 193.496201 114.999992 -194.219421
v 192.331863 119.999992 -193.556671
v 192.669266 125.000000 -195.471939
v 195.580841 128.660248 -197.690063
v 199.558151 130.000000 -200.720093
v 203.535446 128.660263 -203.750122
v 206.447037 125.000008 -205.968246
v 207.512756 120.000008 -206.780151
v 206.447052 115.000008 -205.968262
v 203.535461 111.339752 -203.750122
v 199.558151 110.000000 -200.720093
v 195.580856 111.339737 -197.690079
v 192.669266 114.999992 -195.471939
v 191.603546 119.999992 -194.660034
v 191.644485 125.000000 -196.644547
v 194.232697 128.660248 -199.232712
v 197.768265 130.000000 -202.768219
v 201.303818 128.660263 -206.303726
v 203.892029 125.000008 -208.891891
v 204.839386 120.000008 -209.839233
v 203.892044 115.000008 -208.891907
v 201.303833 111.339752 -206.303726
v 197.768265 110.000000 -202.768219
v 194.232712 111.339737 -199.232712
v 191.644501 114.999992 -196.644547
v 190.697144 119.999992 -195.697205
v 190.471924 125.000000 -197.669312
v 192.690094 128.660248 -200.580872
v 195.720169 130.000000 -204.558136
v 198.750244 128.660263 -208.535400
v 200.968414 125.000008 -211.446960
v 201.780334 120.000008 -212.512665
v 200.968430 115.000008 -211.446960
v 198.750259 111.339752 -208.535400
v 195.720169 110.000000 -204.558151
v 192.690094 111.339745 -200.580887
v 190.471924 114.999992 -197.669312
v 189.660004 119.999992 -196.603607
v 189.219482 125.000000 -198.496231
v 191.030151 128.660248 -201.677246
v 193.503586 130.000000 -206.022614
v 195.977020 128.660263 -210.367966
v 197.787689 125.000008 -213.548996
v 198.450439 120.000008 -214.713333
v 197.787689 115.000008 -213.548996
v 195.977020 111.339752 -210.367981
v 193.503586 110.000000 -206.022629
v 191.030167 111.339737 -201.677261
v 189.219482 114.999992 -198.496231
v 188.556732 119.999992 -197.331894
v 187.894104 125.000000 -199.137619
v 189.271133 128.660248 -202.528961
v 191.152191 130.000000 -207.161636
v 193.033249 128.660263 -211.794296
v 194.410278 125.000008 -215.185654
v 194.914307 120.000008 -216.426971
v 194.410278 115.000008 -215.185669
v 193.033249 111.339752 -211.794312
v 191.152191 110.000000 -207.161652
v 189.271133 111.339737 -202.528976
v 187.894104 114.999992 -199.137619
v 187.390076 119.999992 -197.896301
v 186.508240 125.000000 -199.596817
v 187.434464 128.660248 -203.137955
v 188.699707 130.000000 -207.975220
v 189.964951 128.660263 -212.812485
v 190.891174 125.000008 -216.353607
v 191.230194 120.000008 -217.649750
v 190.891174 115.000008 -216.353622
v 189.964951 111.339752 -212.812500
v 188.699707 110.000000 -207.975235
v 187.434464 111.339737 -203.137955
v 186.508240 114.999992 -199.596832
v 186.169220 119.999992 -198.300690
v 185.078720 125.000000 -199.873398
v 185.544098 128.660248 -203.503937
v 186.179810 130.000000 -208.463364
v 186.815521 128.660263 -213.422775
v 187.280899 125.000008 -217.053329
v 187.451233 120.000008 -218.382202
v 187.280899 115.000008 -217.053345
v 186.815521 111.339752 -213.422791
v 186.179810 110.000000 -208.463379
v 185.544098 111.339737 -203.503952
v 185.078720 114.999992 -199.873398
v 184.908386 119.999992 -198.544525
v 183.626251 125.000000 -199.965805
v 183.626236 128.660248 -203.626068
v 183.626221 130.000000 -208.626068
v 183.626205 128.660263 -213.626068
v 183.626190 125.000008 -217.286316
v 183.626190 120.000008 -218.626068
v 183.626190 115.000008 -217.286331
v 183.626205 111.339752 -213.626083
v 183.626221 110.000000 -208.626083
v 183.626236 111.339737 -203.626083
v 183.626251 114.999992 -199.965820
v 183.626251 119.999992 -198.626068
v 182.173767 125.000000 -199.873383
v 181.708374 128.660248 -203.503922
v 181.072632 130.000000 -208.463348
v 180.436890 128.660263 -213.422760
v 179.971497 125.000008 -217.053314
v 179.801147 120.000008 -218.382187
v 179.971497 115.000008 -217.053314
v 180.436890 111.339752 -213.422775
v 181.072632 110.000000 -208.463364
v 181.708374 111.339737 -203.503937
v 182.173767 114.999992 -199.873383
v 182.344116 119.999992 -198.544510
v 180.744247 125.000000 -199.596802
v 179.818008 128.660248 -203.137924
v 178.552734 130.000000 -207.975189
v 177.287476 128.660263 -212.812439
v 176.361221 125.000008 -216.353577
v 176.022202 120.000008 -217.649719
v 176.361221 115.000008 -216.353577
v 177.287460 111.339752 -212.812454
v 178.552734 110.000000 -207.975204
v 179.817993 111.339737 -203.137939
v 180.744247 114.999992 -199.596817
v 181.083267 119.999992 -198.300659
v 179.358322 125.000000 -199.137573
v 177.981293 128.660248 -202.528915
v 176.100235 130.000000 -207.161591
v 174.219177 128.660263 -211.794250
v 172.842148 125.000008 -215.185608
v 172.338120 120.000008 -216.426926
v 172.842148 115.000008 -215.185608
v 174.219177 111.339752 -211.794266
v 176.100235 110.000000 -207.161606
v 177.981293 111.339737 -202.528931
v 179.358322 114.999992 -199.137573
v 179.862350 119.999992 -197.896255
v 178.032883 125.000000 -198.496155
v 176.222229 128.660248 -201.677185
v 173.748825 130.000000 -206.022568
v 171.275421 128.660263 -210.367935
v 169.464767 125.000008 -213.548981
v 168.802017 120.000008 -214.713318
v 169.464767 115.000008 -213.548981
v 171.275421 111.339752 -210.367950
v 173.748825 110.000000 -206.022583
v 176.222229 111.339737 -201.677200
v 178.032883 114.999992 -198.496155
v 178.695633 119.999992 -197.331818
v 176.780380 125.000000 -197.669220
v 174.562241 128.660248 -200.580795
v 171.532211 130.000000 -204.558105
v 168.502182 128.660263 -208.535400
v 166.284058 125.000008 -211.446991
v 165.472153 120.000008 -212.512711
v 166.284042 115.000008 -211.446991
v 168.502182 111.339752 -208.535416
v 171.532211 110.000000 -204.558121
v 174.562225 111.339745 -200.580811
v 176.780365 114.999992 -197.669220
v 177.592270 119.999992 -196.603500
v 175.182892 125.000000 -196.247208
v 172.774292 128.660248 -199.003311
v 169.484085 130.000000 -202.768219
v 166.193878 128.660263 -206.533127
v 163.785278 125.000008 -209.289230
v 162.903671 120.000008 -210.298035
v 163.785278 115.000008 -209.289230
v 166.193863 111.339752 -206.533127
v 169.484085 110.000000 -202.768219
v 172.774292 111.339737 -199.003311
v 175.182892 114.999992 -196.247208
v 176.064499 119.999992 -195.238403
v 183.044891 125.000000 192.733200
v 183.290573 128.660248 196.385208
v 183.626175 130.000000 201.373932
v 183.961777 128.660263 206.362656
v 184.207458 125.000008 210.014648
v 184.297394 120.000008 211.351379
v 184.207458 115.000008 210.014664
v 183.961777 111.339752 206.362671
v 183.626175 110.000000 201.373947
v 183.290573 111.339737 196.385223
v 183.044891 114.999992 192.733215
v 182.954956 119.999992 191.396484
v 185.179932 125.000000 192.609161
v 185.670242 128.660248 196.236420
v 186.340042 130.000000 201.191360
v 187.009842 128.660263 206.146286
v 187.500153 125.000008 209.773560
v 187.679626 120.000008 211.101227
v 187.500153 115.000008 209.773560
v 187.009842 111.339752 206.146301
v 186.340042 110.000000 201.191376
v 185.670242 111.339737 196.236435
v 185.179932 114.999992 192.609161
v 185.000458 119.999992 191.281494
v 186.650269 125.000000 192.308243
v 187.619263 128.660248 195.837906
v 188.942947 130.000000 200.659515
v 190.266632 128.660263 205.481110
v 191.235626 125.000008 209.010773
v 191.590302 120.000008 210.302719
v 191.235626 115.000008 209.010788
v 190.266632 111.339752 205.481125
v 188.942947 110.000000 200.659531
v 187.619263 111.339737 195.837921
v 186.650269 114.999992 192.308258
v 186.295593 119.999992 191.016312
v 188.041016 125.000000 191.824585
v 189.465363 128.660248 195.196335
v 191.411057 130.000000 199.802231
v 193.356750 128.660263 204.408127
v 194.781082 125.000008 207.779877
v 195.302429 120.000008 209.014023
v 194.781097 115.000008 207.779877
v 193.356750 111.339752 204.408142
v 191.411057 110.000000 199.802246
v 189.465363 111.339737 195.196335
v 188.041031 114.999992 191.824585
v 187.519684 119.999992 190.590439
v 189.345734 125.000000 191.169312
v 191.194748 128.660248 194.328201
v 193.720535 130.000000 198.643341
v 196.246323 128.660263 202.958466
v 198.095322 125.000008 206.117371
v 198.772110 120.000008 207.273605
v 198.095337 115.000008 206.117386
v 196.246323 111.339752 202.958481
v 193.720535 110.000000 198.643356
v 191.194748 111.339737 194.328217
v 189.345749 114.999992 191.169312
v 188.668961 119.999992 190.013062
v 190.552170 125.000000 190.354034
v 192.790268 128.660248 193.250305
v 195.847565 130.000000 197.206680
v 198.904861 128.660263 201.163055
v 201.142960 125.000008 204.059326
v 201.962158 120.000008 205.119431
v 201.142960 115.000008 204.059326
v 198.904877 111.339752 201.163071
v 195.847565 110.000000 197.206680
v 192.790268 111.339737 193.250305
v 190.552170 114.999992 190.354034
v 189.732971 119.999992 189.293930
v 191.644577 125.000000 189.392334
v 194.232758 128.660248 191.980530
v 197.768295 130.000000 195.516068
v 201.303818 128.660263 199.051605
v 203.892014 125.000008 201.639786
v 204.839355 120.000008 202.587143
v 203.892014 115.000008 201.639801
v 201.303833 111.339752 199.051605
v 197.768295 110.000000 195.516068
v 194.232773 111.339745 191.980545
v 191.644577 114.999992 189.392349
v 190.697235 119.999992 188.444992
v 192.606277 125.000000 188.299927
v 195.502533 128.660248 190.538025
v 199.458908 130.000000 193.595337
v 203.415283 128.660263 196.652649
v 206.311539 125.000008 198.890747
v 207.371643 120.000008 199.709946
v 206.311554 115.000008 198.890747
v 203.415283 111.339752 196.652649
v 199.458908 110.000000 193.595337
v 195.502548 111.339737 190.538040
v 192.606277 114.999992 188.299927
v 191.546173 119.999992 187.480713
v 193.421539 125.000000 187.093506
v 196.580429 128.660248 188.942520
v 200.895569 130.000000 191.468323
v 205.210693 128.660263 193.994110
v 208.369598 125.000008 195.843124
v 209.525833 120.000008 196.519913
v 208.369598 115.000008 195.843140
v 205.210709 111.339752 193.994125
v 200.895569 110.000000 191.468323
v 196.580444 111.339737 188.942535
v 193.421555 114.999992 187.093521
v 192.265305 119.999992 186.416733
v 194.076813 125.000000 185.788803
v 197.448563 128.660248 187.213150
v 202.054459 130.000000 189.158844
v 206.660355 128.660263 191.104538
v 210.032104 125.000008 192.528885
v 211.266251 120.000008 193.050232
v 210.032104 115.000008 192.528885
v 206.660370 111.339752 191.104538
v 202.054474 110.000000 189.158844
v 197.448563 111.339737 187.213150
v 194.076813 114.999992 185.788803
v 192.842667 119.999992 185.267456
v 194.560471 125.000000 184.398056
v 198.090134 128.660248 185.367050
v 202.911743 130.000000 186.690735
v 207.733337 128.660263 188.014404
v 211.263000 125.000008 188.983414
v 212.554947 120.000008 189.338089
v 211.263016 115.000008 188.983414
v 207.733353 111.339752 188.014420
v 202.911758 110.000000 186.690735
v 198.090149 111.339737 185.367065
v 194.560486 114.999992 184.398056
v 193.268539 119.999992 184.043381
v 194.861389 125.000000 182.927673
v 198.488647 128.660248 183.418015
v 203.443588 130.000000 184.087814
v 208.398514 128.660263 184.757614
v 212.025787 125.000008 185.247955
v 213.353455 120.000008 185.427429
v 212.025787 115.000008 185.247955
v 208.398529 111.339752 184.757629
v 203.443604 110.000000 184.087814
v 198.488663 111.339737 183.418015
v 194.861389 114.999992 182.927673
v 193.533722 119.999992 182.748199
v 194.985458 125.000000 180.792587
v 198.637451 128.660248 181.038300
v 203.626175 130.000000 181.373932
v 208.614899 128.660263 181.709564
v 212.266891 125.000008 181.955276
v 213.603622 120.000008 182.045212
v 212.266907 115.000008 181.955276
v 208.614899 111.339752 181.709564
v 203.626190 110.000000 181.373932
v 198.637466 111.339737 181.038300
v 194.985458 114.999992 180.792587
v 193.648727 119.999992 180.702652
v -197.733093 125.000000 180.792648
v -201.385101 128.660248 181.038330
v -206.373825 130.000000 181.373932
v -211.362549 128.660263 181.709534
v -215.014542 125.000008 181.955215
v -216.351273 120.000008 182.045151
v -215.014557 115.000008 181.955215
v -211.362564 111.339752 181.709534
v -206.373840 110.000000 181.373932
v -201.385117 111.339737 181.038330
v -197.733109 114.999992 180.792648
v -196.396378 119.999992 180.702713
v -197.609055 125.000000 182.927704
v -201.236313 128.660248 183.418030
v -206.191254 130.000000 184.087814
v -211.146179 128.660263 184.757599
v -214.773453 125.000008 185.247925
v -216.101120 120.000008 185.427399
v -214.773453 115.000008 185.247925
v -211.146194 111.339752 184.757599
v -206.191269 110.000000 184.087814
v -201.236328 111.339737 183.418030
v -197.609055 114.999992 182.927704
v -196.281387 119.999992 182.748230
v -197.308136 125.000000 184.398056
v -200.837799 128.660248 185.367050
v -205.659409 130.000000 186.690735
v -210.481003 128.660263 188.014420
v -214.010666 125.000008 188.983414
v -215.302628 120.000008 189.338089
v -214.010681 115.000008 188.983414
v -210.481018 111.339752 188.014420
v -205.659424 110.000000 186.690735
v -200.837814 111.339737 185.367065
v -197.308151 114.999992 184.398056
v -196.016190 119.999992 184.043381
v -196.824478 125.000000 185.788803
v -200.196228 128.660248 187.213150
v -204.802124 130.000000 189.158844
v -209.408020 128.660263 191.104538
v -212.779770 125.000008 192.528885
v -214.013916 120.000008 193.050232
v -212.779770 115.000008 192.528885
v -209.408035 111.339752 191.104538
v -204.802139 110.000000 189.158844
v -200.196228 111.339737 187.213150
v -196.824478 114.999992 185.788803
v -195.590332 119.999992 185.267456
v -196.169205 125.000000 187.093521
v -199.328094 128.660248 188.942520
v -203.643234 130.000000 191.468323
v -207.958359 128.660263 193.994110
v -211.117264 125.000008 195.843124
v -212.273499 120.000008 196.519913
v -211.117264 115.000008 195.843140
v -207.958374 111.339752 193.994125
v -203.643250 110.000000 191.468323
v -199.328110 111.339737 188.942535
v -196.169220 114.999992 187.093521
v -195.012970 119.999992 186.416733
v -195.353943 125.000000 188.299927
v -198.250198 128.660248 190.538025
v -202.206573 130.000000 193.595337
v -206.162933 128.660263 196.652634
v -209.059204 125.000008 198.890747
v -210.119324 120.000008 199.709946
v -209.059219 115.000008 198.890747
v -206.162949 111.339752 196.652649
v -202.206589 110.000000 193.595337
v -198.250214 111.339737 190.538040
v -195.353943 114.999992 188.299927
v -194.293823 119.999992 187.480728
v -194.392242 125.000000 189.392349
v -196.980423 128.660248 191.980530
v -200.515961 130.000000 195.516068
v -204.051483 128.660263 199.051605
v -206.639679 125.000008 201.639786
v -207.587036 120.000008 202.587128
v -206.639694 115.000008 201.639801
v -204.051498 111.339752 199.051605
v -200.515961 110.000000 195.516068
v -196.980438 111.339737 191.980545
v -194.392242 114.999992 189.392349
v -193.444885 119.999992 188.445007
v -193.299820 125.000000 190.354050
v -195.537918 128.660248 193.250305
v -198.595230 130.000000 197.206680
v -201.652527 128.660263 201.163055
v -203.890640 125.000008 204.059311
v -204.709839 120.000008 205.119415
v -203.890640 115.000008 204.059326
v -201.652542 111.339752 201.163055
v -198.595230 110.000000 197.206696
v -195.537933 111.339737 193.250320
v -193.299820 114.999992 190.354050
v -192.480621 119.999992 189.293945
v -192.093414 125.000000 191.169312
v -193.942413 128.660248 194.328201
v -196.468216 130.000000 198.643341
v -198.994003 128.660263 202.958466
v -200.843018 125.000008 206.117371
v -201.519806 120.000008 207.273605
v -200.843033 115.000008 206.117371
v -198.994019 111.339752 202.958481
v -196.468216 110.000000 198.643356
v -193.942429 111.339737 194.328217
v -192.093414 114.999992 191.169312
v -191.416626 119.999992 190.013077
v -190.788696 125.000000 191.824585
v -192.213043 128.660248 195.196335
v -194.158737 130.000000 199.802231
v -196.104431 128.660263 204.408127
v -197.528763 125.000008 207.779877
v -198.050125 120.000008 209.014023
v -197.528778 115.000008 207.779877
v -196.104431 111.339752 204.408142
v -194.158737 110.000000 199.802246
v -192.213058 111.339737 195.196335
v -190.788712 114.999992 191.824585
v -190.267349 119.999992 190.590439
v -189.397949 125.000000 192.308258
v -190.366943 128.660248 195.837906
v -191.690628 130.000000 200.659515
v -193.014313 128.660263 205.481110
v -193.983307 125.000008 209.010773
v -194.337982 120.000008 210.302719
v -193.983307 115.000008 209.010788
v -193.014313 111.339752 205.481125
v -191.690628 110.000000 200.659531
v -190.366959 111.339737 195.837921
v -189.397949 114.999992 192.308258
v -189.043274 119.999992 191.016312
v -187.927612 125.000000 192.609161
v -188.417923 128.660248 196.236420
v -189.087723 130.000000 201.191360
v -189.757507 128.660263 206.146286
v -190.247833 125.000008 209.773560
v -190.427307 120.000008 211.101227
v -190.247833 115.000008 209.773560
v -189.757523 111.339752 206.146301
v -189.087723 110.000000 201.191376
v -188.417938 111.339737 196.236435
v -187.927612 114.999992 192.609161
v -187.748138 119.999992 191.281494
v -185.792542 125.000000 192.733200
v -186.038223 128.660248 196.385208
v -186.373825 130.000000 201.373932
v -186.709427 128.660263 206.362656
v -186.955109 125.000008 210.014648
v -187.045029 120.000008 211.351379
v -186.955109 115.000008 210.014664
v -186.709427 111.339752 206.362671
v -186.373825 110.000000 201.373947
v -186.038223 111.339745 196.385223
v -185.792542 114.999992 192.733215
v -185.702621 119.999992 191.396484
v -185.792542 125.000000 -199.985397
v -186.038223 128.660248 -203.637405
v -186.373825 130.000000 -208.626129
v -186.709427 128.660263 -213.614853
v -186.955109 125.000008 -217.266846
v -187.045044 120.000008 -218.603577
v -186.955109 115.000008 -217.266861
v -186.709427 111.339752 -213.614868
v -186.373825 110.000000 -208.626144
v -186.038223 111.339737 -203.637421
v -185.792542 114.999992 -199.985413
v -185.702606 119.999992 -198.648682
v -187.927582 125.000000 -199.861359
v -188.417892 128.660248 -203.488617
v -189.087692 130.000000 -208.443558
v -189.757492 128.660263 -213.398483
v -190.247803 125.000008 -217.025757
v -190.427277 120.000008 -218.353424
v -190.247803 115.000008 -217.025757
v -189.757492 111.339752 -213.398499
v -189.087692 110.000000 -208.443573
v -188.417892 111.339737 -203.488632
v -187.927582 114.999992 -199.861359
v -187.748108 119.999992 -198.533691
v -189.397919 125.000000 -199.560440
v -190.366913 128.660248 -203.090103
v -191.690598 130.000000 -207.911713
v -193.014282 128.660263 -212.733307
v -193.983276 125.000008 -216.262970
v -194.337952 120.000008 -217.554916
v -193.983276 115.000008 -216.262985
v -193.014282 111.339752 -212.733322
v -191.690598 110.000000 -207.911728
v -190.366913 111.339737 -203.090118
v -189.397919 114.999992 -199.560455
v -189.043243 119.999992 -198.268509
v -190.788666 125.000000 -199.076782
v -192.213013 128.660248 -202.448532
v -194.158707 130.000000 -207.054428
v -196.104401 128.660263 -211.660324
v -197.528732 125.000008 -215.032074
v -198.050079 120.000008 -216.266220
v -197.528748 115.000008 -215.032074
v -196.104401 111.339752 -211.660339
v -194.158707 110.000000 -207.054443
v -192.213013 111.339737 -202.448532
v -190.788681 114.999992 -199.076782
v -190.267334 119.999992 -197.842636
v -192.093384 125.000000 -198.421509
v -193.942398 128.660248 -201.580399
v -196.468185 130.000000 -205.895538
v -198.993973 128.660263 -210.210663
v -200.842972 125.000008 -213.369568
v -201.519760 120.000008 -214.525818
v -200.842987 115.000008 -213.369583
v -198.993973 111.339752 -210.210678
v -196.468185 110.000000 -205.895554
v -193.942398 111.339737 -201.580414
v -192.093399 114.999992 -198.421509
v -191.416611 119.999992 -197.265274
v -193.299820 125.000000 -197.606232
v -195.537918 128.660248 -200.502502
v -198.595215 130.000000 -204.458878
v -201.652512 128.660263 -208.415253
v -203.890610 125.000008 -211.311523
v -204.709808 120.000008 -212.371628
v -203.890610 115.000008 -211.311523
v -201.652527 111.339752 -208.415268
v -198.595215 110.000000 -204.458878
v -195.537918 111.339737 -200.502502
v -193.299820 114.999992 -197.606232
v -192.480621 119.999992 -196.546127
v -194.392227 125.000000 -196.644531
v -196.980408 128.660248 -199.232727
v -200.515945 130.000000 -202.768265
v -204.051468 128.660263 -206.303802
v -206.639664 125.000008 -208.891983
v -207.587006 120.000008 -209.839340
v -206.639664 115.000008 -208.891998
v -204.051483 111.339752 -206.303802
v -200.515945 110.000000 -202.768265
v -196.980423 111.339745 -199.232742
v -194.392227 114.999992 -196.644547
v -193.444885 119.999992 -195.697189
v -195.353928 125.000000 -195.552124
v -198.250183 128.660248 -197.790222
v -202.206558 130.000000 -200.847534
v -206.162933 128.660263 -203.904846
v -209.059189 125.000008 -206.142944
v -210.119293 120.000008 -206.962158
v -209.059204 115.000008 -206.142944
v -206.162933 111.339752 -203.904846
v -202.206558 110.000000 -200.847534
v -198.250198 111.339737 -197.790237
v -195.353928 114.999992 -195.552124
v -194.293823 119.999992 -194.732925
v -196.169189 125.000000 -194.345703
v -199.328079 128.660248 -196.194717
v -203.643219 130.000000 -198.720520
v -207.958344 128.660263 -201.246307
v -211.117233 125.000008 -203.095322
v -212.273483 120.000008 -203.772110
v -211.117249 115.000008 -203.095337
v -207.958359 111.339752 -201.246323
v -203.643219 110.000000 -198.720520
v -199.328094 111.339737 -196.194733
v -196.169205 114.999992 -194.345718
v -195.012955 119.999992 -193.668930
v -196.824463 125.000000 -193.041000
v -200.196213 128.660248 -194.465347
v -204.802109 130.000000 -196.411041
v -209.408005 128.660263 -198.356735
v -212.779755 125.000008 -199.781082
v -214.013901 120.000008 -200.302429
v -212.779755 115.000008 -199.781082
v -209.408020 111.339752 -198.356735
v -204.802124 110.000000 -196.411041
v -200.196213 111.339737 -194.465347
v -196.824463 114.999992 -193.041000
v -195.590317 119.999992 -192.519653
v -197.308136 125.000000 -191.650253
v -200.837784 128.660248 -192.619247
v -205.659393 130.000000 -193.942932
v -210.480988 128.660263 -195.266617
v -214.010651 125.000008 -196.235611
v -215.302597 120.000008 -196.590302
v -214.010666 115.000008 -196.235611
v -210.481003 111.339752 -195.266617
v -205.659409 110.000000 -193.942932
v -200.837799 111.339737 -192.619247
v -197.308136 114.999992 -191.650253
v -196.016190 119.999992 -191.295563
v -197.609039 125.000000 -190.179886
v -201.236298 128.660248 -190.670212
v -206.191238 130.000000 -191.340027
v -211.146164 128.660263 -192.009827
v -214.773438 125.000008 -192.500168
v -216.101105 120.000008 -192.679642
v -214.773438 115.000008 -192.500168
v -211.146179 111.339752 -192.009842
v -206.191254 110.000000 -191.340027
v -201.236313 111.339737 -190.670227
v -197.609039 114.999992 -190.179886
v -196.281372 119.999992 -190.000412
v -197.733109 125.000000 -188.044785
v -201.385101 128.660248 -188.290497
v -206.373825 130.000000 -188.626129
v -211.362549 128.660263 -188.961761
v -215.014542 125.000008 -189.207458
v -216.351273 120.000008 -189.297394
v -215.014557 115.000008 -189.207474
v -211.362549 111.339752 -188.961761
v -206.373840 110.000000 -188.626129
v -201.385117 111.339737 -188.290497
v -197.733109 114.999992 -188.044800
v -196.396378 119.999992 -187.954865
vt 0.000000 1.000000
vt 0.052632 1.000000
vt 0.052632 0.916667
vt 0.000000 0.916667
vt 0.000000 0.083333
vt 0.052632 0.083333
vt 0.052632 0.000000
vt 0.000000 0.000000
vt 0.000000 0.166667
vt 0.052632 0.166667
vt 0.000000 0.250000
vt 0.052632 0.250000
vt 0.000000 0.333333
vt 0.052632 0.333333
vt 0.000000 0.416667
vt 0.052632 0.416667
vt 0.000000 0.500000
vt 0.052632 0.500000
vt 0.000000 0.583333
vt 0.052632 0.583333
vt 0.000000 0.666667
vt 0.052632 0.666667
vt 0.000000 0.750000
vt 0.052632 0.750000
vt 0.000000 0.833333
vt 0.052632 0.833333
vt 0.105263 1.000000
vt 0.105263 0.916667
vt 0.105263 0.083333
vt 0.105263 0.000000
vt 0.105263 0.166667
vt 0.105263 0.250000
vt 0.105263 0.333333
vt 0.105263 0.416667
vt 0.105263 0.500000
vt 0.105263 0.583333
vt 0.105263 0.666667
vt 0.105263 0.750000
vt 0.105263 0.833333
vt 0.157895 1.000000
vt 0.157895 0.916667
vt 0.157895 0.083333
vt 0.157895 0.000000
vt 0.157895 0.166667
vt 0.157895 0.250000
vt 0.157895 0.333333
vt 0.157895 0.416667
vt 0.157895 0.500000
vt 0.157895 0.583333
vt 0.157895 0.666667
vt 0.157895 0.750000
vt 0.157895 0.833333
vt 0.210526 1.000000
vt 0.210526 0.916667
vt 0.210526 0.083333
vt 0.210526 0.000000
vt 0.210526 0.166667
vt 0.210526 0.250000
vt 0.210526 0.333333
vt 0.210526 0.416667
vt 0.210526 0.500000
vt 0.210526 0.583333
vt 0.210526 0.666667
vt 0.210526 0.750000
vt 0.210526 0.833333
vt 0.263158 1.000000
vt 0.263158 0.916667
vt 0.263158 0.083333
vt 0.263158 0.000000
vt 0.263158 0.166667
vt 0.263158 0.250000
vt 0.263158 0.333333
vt 0.263158 0.416667
vt 0.263158 0.500000
vt 0.263158 0.583333
vt 0.263158 0.666667
vt 0.263158 0.750000
vt 0.263158 0.833333
vt 0.315789 1.000000
vt 0.315789 0.916667
vt 0.315789 0.083333
vt 0.315789 0.000000
vt 0.315789 0.166667
vt 0.315789 0.250000
vt 0.315789 0.333333
vt 0.315789 0.416667
vt 0.315789 0.500000
vt 0.315789 0.583333
vt 0.315789 0.666667
vt 0.315789 0.750000
vt 0.315789 0.833333
vt 0.368421 1.000000
vt 0.368421 0.916667
vt 0.368421 0.083333
vt 0.368421 0.000000
vt 0.368421 0.166667
vt 0.368421 0.250000
vt 0.368421 0.333333
vt 0.368421 0.416667
vt 0.368421 0.500000
vt 0.368421 0.583333
vt 0.368421 0.666667
vt 0.368421 0.750000
vt 0.368421 0.833333
vt 0.421053 1.000000
vt 0.421053 0.916667
vt 0.421053 0.083333
vt 0.421053 0.000000
vt 0.421053 0.166667
vt 0.421053 0.250000
vt 0.421053 0.333333
vt 0.421053 0.416667
vt 0.421053 0.500000
vt 0.421053 0.583333
vt 0.421053 0.666667
vt 0.421053 0.750000
vt 0.421053 0.833333
vt 0.473684 1.000000
vt 0.473684 0.916667
vt 0.473684 0.083333
vt 0.473684 0.000000
vt 0.473684 0.166667
vt 0.473684 0.250000
vt 0.473684 0.333333
vt 0.473684 0.416667
vt 0.473684 0.500000
vt 0.473684 0.583333
vt 0.473684 0.666667
vt 0.473684 0.750000
vt 0.473684 0.833333
vt 0.526316 1.000000
vt 0.526316 0.916667
vt 0.526316 0.083333
vt 0.526316 0.000000
vt 0.526316 0.166667
vt 0.526316 0.250000
vt 0.526316 0.333333
vt 0.526316 0.416667
vt 0.526316 0.500000
vt 0.526316 0.583333
vt 0.526316 0.666667
vt 0.526316 0.750000
vt 0.526316 0.833333
vt 0.578947 1.000000
vt 0.578947 0.916667
vt 0.578947 0.083333
vt 0.578947 0.000000
vt 0.578947 0.166667
vt 0.578947 0.250000
vt 0.578947 0.333333
vt 0.578947 0.416667
vt 0.578947 0.500000
vt 0.578947 0.583333
vt 0.578947 0.666667
vt 0.578947 0.750000
vt 0.578947 0.833333
vt 0.631579 1.000000
vt 0.631579 0.916667
vt 0.631579 0.083333
vt 0.631579 0.000000
vt 0.631579 0.166667
vt 0.631579 0.250000
vt 0.631579 0.333333
vt 0.631579 0.416667
vt 0.631579 0.500000
vt 0.631579 0.583333
vt 0.631579 0.666667
vt 0.631579 0.750000
vt 0.631579 0.833333
vt 0.684211 1.000000
vt 0.684211 0.916667
vt 0.684211 0.083333
vt 0.684211 0.000000
vt 0.684211 0.166667
vt 0.684211 0.250000
vt 0.684211 0.333333
vt 0.684211 0.416667
vt 0.684211 0.500000
vt 0.684211 0.583333
vt 0.684211 0.666667
vt 0.684211 0.750000
vt 0.684211 0.833333
vt 0.736842 1.000000
vt 0.736842 0.916667
vt 0.736842 0.083333
vt 0.736842 0.000000
vt 0.736842 0.166667
vt 0.736842 0.250000
vt 0.736842 0.333333
vt 0.736842 0.416667
vt 0.736842 0.500000
vt 0.736842 0.583333
vt 0.736842 0.666667
vt 0.736842 0.750000
vt 0.736842 0.833333
vt 0.789474 1.000000
vt 0.789474 0.916667
vt 0.789474 0.083333
vt 0.789474 0.000000
vt 0.789474 0.166667
vt 0.789474 0.250000
vt 0.789474 0.333333
vt 0.789474 0.416667
vt 0.789474 0.500000
vt 0.789474 0.583333
vt 0.789474 0.666667
vt 0.789474 0.750000
vt 0.789474 0.833333
vt 0.842105 1.000000
vt 0.842105 0.916667
vt 0.842105 0.083333
vt 0.842105 0.000000
vt 0.842105 0.166667
vt 0.842105 0.250000
vt 0.842105 0.333333
vt 0.842105 0.416667
vt 0.842105 0.500000
vt 0.842105 0.583333
vt 0.842105 0.666667
vt 0.842105 0.750000
vt 0.842105 0.833333
vt 0.894737 1.000000
vt 0.894737 0.916667
vt 0.894737 0.083333
vt 0.894737 0.000000
vt 0.894737 0.166667
vt 0.894737 0.250000
vt 0.894737 0.333333
vt 0.894737 0.416667
vt 0.894737 0.500000
vt 0.894737 0.583333
vt 0.894737 0.666667
vt 0.894737 0.750000
vt 0.894737 0.833333
vt 0.947368 1.000000
vt 0.947368 0.916667
vt 0.947368 0.083333
vt 0.947368 0.000000
vt 0.947368 0.166667
vt 0.947368 0.250000
vt 0.947368 0.333333
vt 0.947368 0.416667
vt 0.947368 0.500000
vt 0.947368 0.583333
vt 0.947368 0.666667
vt 0.947368 0.750000
vt 0.947368 0.833333
vt 1.000000 1.000000
vt 1.000000 0.916667
vt 1.000000 0.083333
vt 1.000000 0.000000
vt 1.000000 0.166667
vt 1.000000 0.250000
vt 1.000000 0.333333
vt 1.000000 0.416667
vt 1.000000 0.500000
vt 1.000000 0.583333
vt 1.000000 0.666667
vt 1.000000 0.750000
vt 1.000000 0.833333
vt 0.000000 1.000000
vt 1.000000 1.000000
vt 1.000000 0.916667
vt 0.000000 0.916667
vt 0.000000 0.083333
vt 1.000000 0.083333
vt 1.000000 0.000000
vt 0.000000 0.000000
vt 0.000000 0.166667
vt 1.000000 0.166667
vt 0.000000 0.250000
vt 1.000000 0.250000
vt 0.000000 0.333333
vt 1.000000 0.333333
vt 0.000000 0.416667
vt 1.000000 0.416667
vt 0.000000 0.500000
vt 1.000000 0.500000
vt 0.000000 0.583333
vt 1.000000 0.583333
vt 0.000000 0.666667
vt 1.000000 0.666667
vt 0.000000 0.750000
vt 1.000000 0.750000
vt 0.000000 0.833333
vt 1.000000 0.833333
vt 0.000000 1.000000
vt 1.000000 1.000000
vt 1.000000 0.916667
vt 0.000000 0.916667
vt 0.000000 0.083333
vt 1.000000 0.083333
vt 1.000000 0.000000
vt 0.000000 0.000000
vt 0.000000 0.166667
vt 1.000000 0.166667
vt 0.000000 0.250000
vt 1.000000 0.250000
vt 0.000000 0.333333
vt 1.000000 0.333333
vt 0.000000 0.416667
vt 1.000000 0.416667
vt 0.000000 0.500000
vt 1.000000 0.500000
vt 0.000000 0.583333
vt 1.000000 0.583333
vt 0.000000 0.666667
vt 1.000000 0.666667
vt 0.000000 0.750000
vt 1.000000 0.750000
vt 0.000000 0.833333
vt 1.000000 0.833333
vt 0.000000 1.000000
vt 1.000000 1.000000
vt 1.000000 0.916667
vt 0.000000 0.916667
vt 0.000000 0.083333
vt 1.000000 0.083333
vt 1.000000 0.000000
vt 0.000000 0.000000
vt 0.000000 0.166667
vt 1.000000 0.166667
vt 0.000000 0.250000
vt 1.000000 0.250000
vt 0.000000 0.333333
vt 1.000000 0.333333
vt 0.000000 0.416667
vt 1.000000 0.416667
vt 0.000000 0.500000
vt 1.000000 0.500000
vt 0.000000 0.583333
vt 1.000000 0.583333
vt 0.000000 0.666667
vt 1.000000 0.666667
vt 0.000000 0.750000
vt 1.000000 0.750000
vt 0.000000 0.833333
vt 1.000000 0.833333
vt 0.000000 1.000000
vt 1.000000 1.000000
vt 1.000000 0.916667
vt 0.000000 0.916667
vt 0.000000 0.083333
vt 1.000000 0.083333
vt 1.000000 0.000000
vt 0.000000 0.000000
vt 0.000000 0.166667
vt 1.000000 0.166667
vt 0.000000 0.250000
vt 1.000000 0.250000
vt 0.000000 0.333333
vt 1.000000 0.333333
vt 0.000000 0.416667
vt 1.000000 0.416667
vt 0.000000 0.500000
vt 1.000000 0.500000
vt 0.000000 0.583333
vt 1.000000 0.583333
vt 0.000000 0.666667
vt 1.000000 0.666667
vt 0.000000 0.750000
vt 1.000000 0.750000
vt 0.000000 0.833333
vt 1.000000 0.833333
vt 0.000000 1.000000
vt 1.000000 1.000000
vt 1.000000 0.916667
vt 0.000000 0.916667
vt 0.000000 0.083333
vt 1.000000 0.083333
vt 1.000000 0.000000
vt 0.000000 0.000000
vt 0.000000 0.166667
vt 1.000000 0.166667
vt 0.000000 0.250000
vt 1.000000 0.250000
vt 0.000000 0.333333
vt 1.000000 0.333333
vt 0.000000 0.416667
vt 1.000000 0.416667
vt 0.000000 0.500000
vt 1.000000 0.500000
vt 0.000000 0.583333
vt 1.000000 0.583333
vt 0.000000 0.666667
vt 1.000000 0.666667
vt 0.000000 0.750000
vt 1.000000 0.750000
vt 0.000000 0.833333
vt 1.000000 0.833333
vt 0.000000 1.000000
vt 0.055556 1.000000
vt 0.055556 0.916667
vt 0.000000 0.916667
vt 0.000000 0.083333
vt 0.055556 0.083333
vt 0.055556 0.000000
vt 0.000000 0.000000
vt 0.000000 0.166667
vt 0.055556 0.166667
vt 0.000000 0.250000
vt 0.055556 0.250000
vt 0.000000 0.333333
vt 0.055556 0.333333
vt 0.000000 0.416667
vt 0.055556 0.416667
vt 0.000000 0.500000
vt 0.055556 0.500000
vt 0.000000 0.583333
vt 0.055556 0.583333
vt 0.000000 0.666667
vt 0.055556 0.666667
vt 0.000000 0.750000
vt 0.055556 0.750000
vt 0.000000 0.833333
vt 0.055556 0.833333
vt 0.111111 1.000000
vt 0.111111 0.916667
vt 0.111111 0.083333
vt 0.111111 0.000000
vt 0.111111 0.166667
vt 0.111111 0.250000
vt 0.111111 0.333333
vt 0.111111 0.416667
vt 0.111111 0.500000
vt 0.111111 0.583333
vt 0.111111 0.666667
vt 0.111111 0.750000
vt 0.111111 0.833333
vt 0.166667 1.000000
vt 0.166667 0.916667
vt 0.166667 0.083333
vt 0.166667 0.000000
vt 0.166667 0.166667
vt 0.166667 0.250000
vt 0.166667 0.333333
vt 0.166667 0.416667
vt 0.166667 0.500000
vt 0.166667 0.583333
vt 0.166667 0.666667
vt 0.166667 0.750000
vt 0.166667 0.833333
vt 0.222222 1.000000
vt 0.222222 0.916667
vt 0.222222 0.083333
vt 0.222222 0.000000
vt 0.222222 0.166667
vt 0.222222 0.250000
vt 0.222222 0.333333
vt 0.222222 0.416667
vt 0.222222 0.500000
vt 0.222222 0.583333
vt 0.222222 0.666667
vt 0.222222 0.750000
vt 0.222222 0.833333
vt 0.277778 1.000000
vt 0.277778 0.916667
vt 0.277778 0.083333
vt 0.277778 0.000000
vt 0.277778 0.166667
vt 0.277778 0.250000
vt 0.277778 0.333333
vt 0.277778 0.416667
vt 0.277778 0.500000
vt 0.277778 0.583333
vt 0.277778 0.666667
vt 0.277778 0.750000
vt 0.277778 0.833333
vt 0.333333 1.000000
vt 0.333333 0.916667
vt 0.333333 0.083333
vt 0.333333 0.000000
vt 0.333333 0.166667
vt 0.333333 0.250000
vt 0.333333 0.333333
vt 0.333333 0.416667
vt 0.333333 0.500000
vt 0.333333 0.583333
vt 0.333333 0.666667
vt 0.333333 0.750000
vt 0.333333 0.833333
vt 0.388889 1.000000
vt 0.388889 0.916667
vt 0.388889 0.083333
vt 0.388889 0.000000
vt 0.388889 0.166667
vt 0.388889 0.250000
vt 0.388889 0.333333
vt 0.388889 0.416667
vt 0.388889 0.500000
vt 0.388889 0.583333
vt 0.388889 0.666667
vt 0.388889 0.750000
vt 0.388889 0.833333
vt 0.444444 1.000000
vt 0.444444 0.916667
vt 0.444444 0.083333
vt 0.444444 0.000000
vt 0.444444 0.166667
vt 0.444444 0.250000
vt 0.444444 0.333333
vt 0.444444 0.416667
vt 0.444444 0.500000
vt 0.444444 0.583333
vt 0.444444 0.666667
vt 0.444444 0.750000
vt 0.444444 0.833333
vt 0.500000 1.000000
vt 0.500000 0.916667
vt 0.500000 0.083333
vt 0.500000 0.000000
vt 0.500000 0.166667
vt 0.500000 0.250000
vt 0.500000 0.333333
vt 0.500000 0.416667
vt 0.500000 0.500000
vt 0.500000 0.583333
vt 0.500000 0.666667
vt 0.500000 0.750000
vt 0.500000 0.833333
vt 0.555556 1.000000
vt 0.555556 0.916667
vt 0.555556 0.083333
vt 0.555556 0.000000
vt 0.555556 0.166667
vt 0.555556 0.250000
vt 0.555556 0.333333
vt 0.555556 0.416667
vt 0.555556 0.500000
vt 0.555556 0.583333
vt 0.555556 0.666667
vt 0.555556 0.750000
vt 0.555556 0.833333
vt 0.611111 1.000000
vt 0.611111 0.916667
vt 0.611111 0.083333
vt 0.611111 0.000000
vt 0.611111 0.166667
vt 0.611111 0.250000
vt 0.611111 0.333333
vt 0.611111 0.416667
vt 0.611111 0.500000
vt 0.611111 0.583333
vt 0.611111 0.666667
vt 0.611111 0.750000
vt 0.611111 0.833333
vt 0.666667 1.000000
vt 0.666667 0.916667
vt 0.666667 0.083333
vt 0.666667 0.000000
vt 0.666667 0.166667
vt 0.666667 0.250000
vt 0.666667 0.333333
vt 0.666667 0.416667
vt 0.666667 0.500000
vt 0.666667 0.583333
vt 0.666667 0.666667
vt 0.666667 0.750000
vt 0.666667 0.833333
vt 0.722222 1.000000
vt 0.722222 0.916667
vt 0.722222 0.083333
vt 0.722222 0.000000
vt 0.722222 0.166667
vt 0.722222 0.250000
vt 0.722222 0.333333
vt 0.722222 0.416667
vt 0.722222 0.500000
vt 0.722222 0.583333
vt 0.722222 0.666667
vt 0.722222 0.750000
vt 0.722222 0.833333
vt 0.777778 1.000000
vt 0.777778 0.916667
vt 0.777778 0.083333
vt 0.777778 0.000000
vt 0.777778 0.166667
vt 0.777778 0.250000
vt 0.777778 0.333333
vt 0.777778 0.416667
vt 0.777778 0.500000
vt 0.777778 0.583333
vt 0.777778 0.666667
vt 0.777778 0.750000
vt 0.777778 0.833333
vt 0.833333 1.000000
vt 0.833333 0.916667
vt 0.833333 0.083333
vt 0.833333 0.000000
vt 0.833333 0.166667
vt 0.833333 0.250000
vt 0.833333 0.333333
vt 0.833333 0.416667
vt 0.833333 0.500000
vt 0.833333 0.583333
vt 0.833333 0.666667
vt 0.833333 0.750000
vt 0.833333 0.833333
vt 0.888889 1.000000
vt 0.888889 0.916667
vt 0.888889 0.083333
vt 0.888889 0.000000
vt 0.888889 0.166667
vt 0.888889 0.250000
vt 0.888889 0.333333
vt 0.888889 0.416667
vt 0.888889 0.500000
vt 0.888889 0.583333
vt 0.888889 0.666667
vt 0.888889 0.750000
vt 0.888889 0.833333
vt 0.944444 1.000000
vt 0.944444 0.916667
vt 0.944444 0.083333
vt 0.944444 0.000000
vt 0.944444 0.166667
vt 0.944444 0.250000
vt 0.944444 0.333333
vt 0.944444 0.416667
vt 0.944444 0.500000
vt 0.944444 0.583333
vt 0.944444 0.666667
vt 0.944444 0.750000
vt 0.944444 0.833333
vt 1.000000 1.000000
vt 1.000000 0.916667
vt 1.000000 0.083333
vt 1.000000 0.000000
vt 1.000000 0.166667
vt 1.000000 0.250000
vt 1.000000 0.333333
vt 1.000000 0.416667
vt 1.000000 0.500000
vt 1.000000 0.583333
vt 1.000000 0.666667
vt 1.000000 0.750000
vt 1.000000 0.833333
vt 0.000000 1.000000
vt 0.083333 1.000000
vt 0.083333 0.916667
vt 0.000000 0.916667
vt 0.000000 0.083333
vt 0.083333 0.083333
vt 0.083333 0.000000
vt 0.000000 0.000000
vt 0.000000 0.166667
vt 0.083333 0.166667
vt 0.000000 0.250000
vt 0.083333 0.250000
vt 0.000000 0.333333
vt 0.083333 0.333333
vt 0.000000 0.416667
vt 0.083333 0.416667
vt 0.000000 0.500000
vt 0.083333 0.500000
vt 0.000000 0.583333
vt 0.083333 0.583333
vt 0.000000 0.666667
vt 0.083333 0.666667
vt 0.000000 0.750000
vt 0.083333 0.750000
vt 0.000000 0.833333
vt 0.083333 0.833333
vt 0.166667 1.000000
vt 0.166667 0.916667
vt 0.166667 0.083333
vt 0.166667 0.000000
vt 0.166667 0.166667
vt 0.166667 0.250000
vt 0.166667 0.333333
vt 0.166667 0.416667
vt 0.166667 0.500000
vt 0.166667 0.583333
vt 0.166667 0.666667
vt 0.166667 0.750000
vt 0.166667 0.833333
vt 0.250000 1.000000
vt 0.250000 0.916667
vt 0.250000 0.083333
vt 0.250000 0.000000
vt 0.250000 0.166667
vt 0.250000 0.250000
vt 0.250000 0.333333
vt 0.250000 0.416667
vt 0.250000 0.500000
vt 0.250000 0.583333
vt 0.250000 0.666667
vt 0.250000 0.750000
vt 0.250000 0.833333
vt 0.333333 1.000000
vt 0.333333 0.916667
vt 0.333333 0.083333
vt 0.333333 0.000000
vt 0.333333 0.166667
vt 0.333333 0.250000
vt 0.333333 0.333333
vt 0.333333 0.416667
vt 0.333333 0.500000
vt 0.333333 0.583333
vt 0.333333 0.666667
vt 0.333333 0.750000
vt 0.333333 0.833333
vt 0.416667 1.000000
vt 0.416667 0.916667
vt 0.416667 0.083333
vt 0.416667 0.000000
vt 0.416667 0.166667
vt 0.416667 0.250000
vt 0.416667 0.333333
vt 0.416667 0.416667
vt 0.416667 0.500000
vt 0.416667 0.583333
vt 0.416667 0.666667
vt 0.416667 0.750000
vt 0.416667 0.833333
vt 0.500000 1.000000
vt 0.500000 0.916667
vt 0.500000 0.083333
vt 0.500000 0.000000
vt 0.500000 0.166667
vt 0.500000 0.250000
vt 0.500000 0.333333
vt 0.500000 0.416667
vt 0.500000 0.500000
vt 0.500000 0.583333
vt 0.500000 0.666667
vt 0.500000 0.750000
vt 0.500000 0.833333
vt 0.583333 1.000000
vt 0.583333 0.916667
vt 0.583333 0.083333
vt 0.583333 0.000000
vt 0.583333 0.166667
vt 0.583333 0.250000
vt 0.583333 0.333333
vt 0.583333 0.416667
vt 0.583333 0.500000
vt 0.583333 0.583333
vt 0.583333 0.666667
vt 0.583333 0.750000
vt 0.583333 0.833333
vt 0.666667 1.000000
vt 0.666667 0.916667
vt 0.666667 0.083333
vt 0.666667 0.000000
vt 0.666667 0.166667
vt 0.666667 0.250000
vt 0.666667 0.333333
vt 0.666667 0.416667
vt 0.666667 0.500000
vt 0.666667 0.583333
vt 0.666667 0.666667
vt 0.666667 0.750000
vt 0.666667 0.833333
vt 0.750000 1.000000
vt 0.750000 0.916667
vt 0.750000 0.083333
vt 0.750000 0.000000
vt 0.750000 0.166667
vt 0.750000 0.250000
vt 0.750000 0.333333
vt 0.750000 0.416667
vt 0.750000 0.500000
vt 0.750000 0.583333
vt 0.750000 0.666667
vt 0.750000 0.750000
vt 0.750000 0.833333
vt 0.833333 1.000000
vt 0.833333 0.916667
vt 0.833333 0.083333
vt 0.833333 0.000000
vt 0.833333 0.166667
vt 0.833333 0.250000
vt 0.833333 0.333333
vt 0.833333 0.416667
vt 0.833333 0.500000
vt 0.833333 0.583333
vt 0.833333 0.666667
vt 0.833333 0.750000
vt 0.833333 0.833333
vt 0.916667 1.000000
vt 0.916667 0.916667
vt 0.916667 0.083333
vt 0.916667 0.000000
vt 0.916667 0.166667
vt 0.916667 0.250000
vt 0.916667 0.333333
vt 0.916667 0.416667
vt 0.916667 0.500000
vt 0.916667 0.583333
vt 0.916667 0.666667
vt 0.916667 0.750000
vt 0.916667 0.833333
vt 1.000000 1.000000
vt 1.000000 0.916667
vt 1.000000 0.083333
vt 1.000000 0.000000
vt 1.000000 0.166667
vt 1.000000 0.250000
vt 1.000000 0.333333
vt 1.000000 0.416667
vt 1.000000 0.500000
vt 1.000000 0.583333
vt 1.000000 0.666667
vt 1.000000 0.750000
vt 1.000000 0.833333
vt 0.000000 1.000000
vt 0.083333 1.000000
vt 0.083333 0.916667
vt 0.000000 0.916667
vt 0.000000 0.083333
vt 0.083333 0.083333
vt 0.083333 0.000000
vt 0.000000 0.000000
vt 0.000000 0.166667
vt 0.083333 0.166667
vt 0.000000 0.250000
vt 0.083333 0.250000
vt 0.000000 0.333333
vt 0.083333 0.333333
vt 0.000000 0.416667
vt 0.083333 0.416667
vt 0.000000 0.500000
vt 0.083333 0.500000
vt 0.000000 0.583333
vt 0.083333 0.583333
vt 0.000000 0.666667
vt 0.083333 0.666667
vt 0.000000 0.750000
vt 0.083333 0.750000
vt 0.000000 0.833333
vt 0.083333 0.833333
vt 0.166667 1.000000
vt 0.166667 0.916667
vt 0.166667 0.083333
vt 0.166667 0.000000
vt 0.166667 0.166667
vt 0.166667 0.250000
vt 0.166667 0.333333
vt 0.166667 0.416667
vt 0.166667 0.500000
vt 0.166667 0.583333
vt 0.166667 0.666667
vt 0.166667 0.750000
vt 0.166667 0.833333
vt 0.250000 1.000000
vt 0.250000 0.916667
vt 0.250000 0.083333
vt 0.250000 0.000000
vt 0.250000 0.166667
vt 0.250000 0.250000
vt 0.250000 0.333333
vt 0.250000 0.416667
vt 0.250000 0.500000
vt 0.250000 0.583333
vt 0.250000 0.666667
vt 0.250000 0.750000
vt 0.250000 0.833333
vt 0.333333 1.000000
vt 0.333333 0.916667
vt 0.333333 0.083333
vt 0.333333 0.000000
vt 0.333333 0.166667
vt 0.333333 0.250000
vt 0.333333 0.333333
vt 0.333333 0.416667
vt 0.333333 0.500000
vt 0.333333 0.583333
vt 0.333333 0.666667
vt 0.333333 0.750000
vt 0.333333 0.833333
vt 0.416667 1.000000
vt 0.416667 0.916667
vt 0.416667 0.083333
vt 0.416667 0.000000
vt 0.416667 0.166667
vt 0.416667 0.250000
vt 0.416667 0.333333
vt 0.416667 0.416667
vt 0.416667 0.500000
vt 0.416667 0.583333
vt 0.416667 0.666667
vt 0.416667 0.750000
vt 0.416667 0.833333
vt 0.500000 1.000000
vt 0.500000 0.916667
vt 0.500000 0.083333
vt 0.500000 0.000000
vt 0.500000 0.166667
vt 0.500000 0.250000
vt 0.500000 0.333333
vt 0.500000 0.416667
vt 0.500000 0.500000
vt 0.500000 0.583333
vt 0.500000 0.666667
vt 0.500000 0.750000
vt 0.500000 0.833333
vt 0.583333 1.000000
vt 0.583333 0.916667
vt 0.583333 0.083333
vt 0.583333 0.000000
vt 0.583333 0.166667
vt 0.583333 0.250000
vt 0.583333 0.333333
vt 0.583333 0.416667
vt 0.583333 0.500000
vt 0.583333 0.583333
vt 0.583333 0.666667
vt 0.583333 0.750000
vt 0.583333 0.833333
vt 0.666667 1.000000
vt 0.666667 0.916667
vt 0.666667 0.083333
vt 0.666667 0.000000
vt 0.666667 0.166667
vt 0.666667 0.250000
vt 0.666667 0.333333
vt 0.666667 0.416667
vt 0.666667 0.500000
vt 0.666667 0.583333
vt 0.666667 0.666667
vt 0.666667 0.750000
vt 0.666667 0.833333
vt 0.750000 1.000000
vt 0.750000 0.916667
vt 0.750000 0.083333
vt 0.750000 0.000000
vt 0.750000 0.166667
vt 0.750000 0.250000
vt 0.750000 0.333333
vt 0.750000 0.416667
vt 0.750000 0.500000
vt 0.750000 0.583333
vt 0.750000 0.666667
vt 0.750000 0.750000
vt 0.750000 0.833333
vt 0.833333 1.000000
vt 0.833333 0.916667
vt 0.833333 0.083333
vt 0.833333 0.000000
vt 0.833333 0.166667
vt 0.833333 0.250000
vt 0.833333 0.333333
vt 0.833333 0.416667
vt 0.833333 0.500000
vt 0.833333 0.583333
vt 0.833333 0.666667
vt 0.833333 0.750000
vt 0.833333 0.833333
vt 0.916667 1.000000
vt 0.916667 0.916667
vt 0.916667 0.083333
vt 0.916667 0.000000
vt 0.916667 0.166667
vt 0.916667 0.250000
vt 0.916667 0.333333
vt 0.916667 0.416667
vt 0.916667 0.500000
vt 0.916667 0.583333
vt 0.916667 0.666667
vt 0.916667 0.750000
vt 0.916667 0.833333
vt 1.000000 1.000000
vt 1.000000 0.916667
vt 1.000000 0.083333
vt 1.000000 0.000000
vt 1.000000 0.166667
vt 1.000000 0.250000
vt 1.000000 0.333333
vt 1.000000 0.416667
vt 1.000000 0.500000
vt 1.000000 0.583333
vt 1.000000 0.666667
vt 1.000000 0.750000
vt 1.000000 0.833333
vt 0.000000 1.000000
vt 0.083333 1.000000
vt 0.083333 0.916667
vt 0.000000 0.916667
vt 0.000000 0.083333
vt 0.083333 0.083333
vt 0.083333 0.000000
vt 0.000000 0.000000
vt 0.000000 0.166667
vt 0.083333 0.166667
vt 0.000000 0.250000
vt 0.083333 0.250000
vt 0.000000 0.333333
vt 0.083333 0.333333
vt 0.000000 0.416667
vt 0.083333 0.416667
vt 0.000000 0.500000
vt 0.083333 0.500000
vt 0.000000 0.583333
vt 0.083333 0.583333
vt 0.000000 0.666667
vt 0.083333 0.666667
vt 0.000000 0.750000
vt 0.083333 0.750000
vt 0.000000 0.833333
vt 0.083333 0.833333
vt 0.166667 1.000000
vt 0.166667 0.916667
vt 0.166667 0.083333
vt 0.166667 0.000000
vt 0.166667 0.166667
vt 0.166667 0.250000
vt 0.166667 0.333333
vt 0.166667 0.416667
vt 0.166667 0.500000
vt 0.166667 0.583333
vt 0.166667 0.666667
vt 0.166667 0.750000
vt 0.166667 0.833333
vt 0.250000 1.000000
vt 0.250000 0.916667
vt 0.250000 0.083333
vt 0.250000 0.000000
vt 0.250000 0.166667
vt 0.250000 0.250000
vt 0.250000 0.333333
vt 0.250000 0.416667
vt 0.250000 0.500000
vt 0.250000 0.583333
vt 0.250000 0.666667
vt 0.250000 0.750000
vt 0.250000 0.833333
vt 0.333333 1.000000
vt 0.333333 0.916667
vt 0.333333 0.083333
vt 0.333333 0.000000
vt 0.333333 0.166667
vt 0.333333 0.250000
vt 0.333333 0.333333
vt 0.333333 0.416667
vt 0.333333 0.500000
vt 0.333333 0.583333
vt 0.333333 0.666667
vt 0.333333 0.750000
vt 0.333333 0.833333
vt 0.416667 1.000000
vt 0.416667 0.916667
vt 0.416667 0.083333
vt 0.416667 0.000000
vt 0.416667 0.166667
vt 0.416667 0.250000
vt 0.416667 0.333333
vt 0.416667 0.416667
vt 0.416667 0.500000
vt 0.416667 0.583333
vt 0.416667 0.666667
vt 0.416667 0.750000
vt 0.416667 0.833333
vt 0.500000 1.000000
vt 0.500000 0.916667
vt 0.500000 0.083333
vt 0.500000 0.000000
vt 0.500000 0.166667
vt 0.500000 0.250000
vt 0.500000 0.333333
vt 0.500000 0.416667
vt 0.500000 0.500000
vt 0.500000 0.583333
vt 0.500000 0.666667
vt 0.500000 0.750000
vt 0.500000 0.833333
vt 0.583333 1.000000
vt 0.583333 0.916667
vt 0.583333 0.083333
vt 0.583333 0.000000
vt 0.583333 0.166667
vt 0.583333 0.250000
vt 0.583333 0.333333
vt 0.583333 0.416667
vt 0.583333 0.500000
vt 0.583333 0.583333
vt 0.583333 0.666667
vt 0.583333 0.750000
vt 0.583333 0.833333
vt 0.666667 1.000000
vt 0.666667 0.916667
vt 0.666667 0.083333
vt 0.666667 0.000000
vt 0.666667 0.166667
vt 0.666667 0.250000
vt 0.666667 0.333333
vt 0.666667 0.416667
vt 0.666667 0.500000
vt 0.666667 0.583333
vt 0.666667 0.666667
vt 0.666667 0.750000
vt 0.666667 0.833333
vt 0.750000 1.000000
vt 0.750000 0.916667
vt 0.750000 0.083333
vt 0.750000 0.000000
vt 0.750000 0.166667
vt 0.750000 0.250000
vt 0.750000 0.333333
vt 0.750000 0.416667
vt 0.750000 0.500000
vt 0.750000 0.583333
vt 0.750000 0.666667
vt 0.750000 0.750000
vt 0.750000 0.833333
vt 0.833333 1.000000
vt 0.833333 0.916667
vt 0.833333 0.083333
vt 0.833333 0.000000
vt 0.833333 0.166667
vt 0.833333 0.250000
vt 0.833333 0.333333
vt 0.833333 0.416667
vt 0.833333 0.500000
vt 0.833333 0.583333
vt 0.833333 0.666667
vt 0.833333 0.750000
vt 0.833333 0.833333
vt 0.916667 1.000000
vt 0.916667 0.916667
vt 0.916667 0.083333
vt 0.916667 0.000000
vt 0.916667 0.166667
vt 0.916667 0.250000
vt 0.916667 0.333333
vt 0.916667 0.416667
vt 0.916667 0.500000
vt 0.916667 0.583333
vt 0.916667 0.666667
vt 0.916667 0.750000
vt 0.916667 0.833333
vt 1.000000 1.000000
vt 1.000000 0.916667
vt 1.000000 0.083333
vt 1.000000 0.000000
vt 1.000000 0.166667
vt 1.000000 0.250000
vt 1.000000 0.333333
vt 1.000000 0.416667
vt 1.000000 0.500000
vt 1.000000 0.583333
vt 1.000000 0.666667
vt 1.000000 0.750000
vt 1.000000 0.833333
vn 0.0673 0.2586 -0.9636
vn 0.0483 0.7068 -0.7058
vn 0.0170 0.9659 -0.2585
vn -0.0159 0.9659 0.2586
vn -0.0404 0.7067 0.7064
vn -0.0521 0.2585 0.9646
vn -0.0521 -0.2585 0.9646
vn -0.0404 -0.7067 0.7064
vn -0.0159 -0.9659 0.2586
vn 0.0170 -0.9659 -0.2585
vn 0.0483 -0.7068 -0.7058
vn 0.0673 -0.2586 -0.9636
vn 0.1838 0.2583 -0.9484
vn 0.1347 0.7064 -0.6949
vn 0.0493 0.9658 -0.2546
vn -0.0493 0.9658 0.2546
vn -0.1345 0.7064 0.6949
vn -0.1835 0.2583 0.9485
vn -0.1835 -0.2583 0.9485
vn -0.1345 -0.7064 0.6949
vn -0.0493 -0.9658 0.2546
vn 0.0493 -0.9658 -0.2546
vn 0.1347 -0.7064 -0.6949
vn 0.1838 -0.2583 -0.9484
vn 0.3043 0.2583 -0.9169
vn 0.2230 0.7064 -0.6718
vn 0.0817 0.9658 -0.2461
vn -0.0816 0.9658 0.2461
vn -0.2227 0.7064 0.6719
vn -0.3038 0.2583 0.9170
vn -0.3038 -0.2583 0.9170
vn -0.2227 -0.7064 0.6719
vn -0.0816 -0.9658 0.2461
vn 0.0817 -0.9658 -0.2461
vn 0.2230 -0.7064 -0.6718
vn 0.3043 -0.2583 -0.9169
vn 0.4213 0.2583 -0.8694
vn 0.3087 0.7063 -0.6370
vn 0.1131 0.9658 -0.2334
vn -0.1130 0.9658 0.2334
vn -0.3084 0.7063 0.6371
vn -0.4208 0.2583 0.8696
vn -0.4208 -0.2583 0.8696
vn -0.3084 -0.7063 0.6371
vn -0.1130 -0.9658 0.2334
vn 0.1131 -0.9658 -0.2334
vn 0.3087 -0.7063 -0.6370
vn 0.4213 -0.2583 -0.8694
vn 0.5326 0.2583 -0.8060
vn 0.3903 0.7063 -0.5906
vn 0.1430 0.9658 -0.2164
vn -0.1430 0.9658 0.2164
vn -0.3901 0.7063 0.5907
vn -0.5323 0.2583 0.8062
vn -0.5323 -0.2583 0.8062
vn -0.3901 -0.7063 0.5907
vn -0.1430 -0.9658 0.2164
vn 0.1430 -0.9658 -0.2164
vn 0.3903 -0.7063 -0.5906
vn 0.5326 -0.2583 -0.8060
vn 0.6357 0.2583 -0.7274
vn 0.4658 0.7063 -0.5330
vn 0.1707 0.9658 -0.1953
vn -0.1707 0.9658 0.1953
vn -0.4658 0.7063 0.5330
vn -0.6357 0.2583 0.7274
vn -0.6357 -0.2583 0.7274
vn -0.4658 -0.7063 0.5330
vn -0.1707 -0.9658 0.1953
vn 0.1707 -0.9658 -0.1953
vn 0.4658 -0.7063 -0.5330
vn 0.6357 -0.2583 -0.7274
vn 0.7274 0.2583 -0.6357
vn 0.5330 0.7063 -0.4658
vn 0.1953 0.9658 -0.1707
vn -0.1953 0.9658 0.1707
vn -0.5330 0.7063 0.4658
vn -0.7274 0.2583 0.6357
vn -0.7274 -0.2583 0.6357
vn -0.5330 -0.7063 0.4658
vn -0.1953 -0.9658 0.1707
vn 0.1953 -0.9658 -0.1707
vn 0.5330 -0.7063 -0.4658
vn 0.7274 -0.2583 -0.6357
vn 0.8060 0.2583 -0.5326
vn 0.5906 0.7063 -0.3903
vn 0.2164 0.9658 -0.1430
vn -0.2164 0.9658 0.1430
vn -0.5907 0.7063 0.3901
vn -0.8062 0.2583 0.5322
vn -0.8062 -0.2583 0.5322
vn -0.5907 -0.7063 0.3901
vn -0.2164 -0.9658 0.1430
vn 0.2164 -0.9658 -0.1430
vn 0.5906 -0.7063 -0.3903
vn 0.8060 -0.2583 -0.5326
vn 0.8694 0.2583 -0.4213
vn 0.6370 0.7063 -0.3087
vn 0.2334 0.9658 -0.1131
vn -0.2334 0.9658 0.1130
vn -0.6371 0.7063 0.3084
vn -0.8696 0.2583 0.4208
vn -0.8696 -0.2583 0.4208
vn -0.6372 -0.7063 0.3084
vn -0.2334 -0.9658 0.1130
vn 0.2334 -0.9658 -0.1131
vn 0.6370 -0.7063 -0.3087
vn 0.8694 -0.2583 -0.4213
vn 0.9169 0.2583 -0.3043
vn 0.6718 0.7064 -0.2230
vn 0.2461 0.9658 -0.0817
vn -0.2461 0.9658 0.0816
vn -0.6719 0.7064 0.2227
vn -0.9170 0.2583 0.3038
vn -0.9170 -0.2583 0.3038
vn -0.6719 -0.7064 0.2227
vn -0.2461 -0.9658 0.0816
vn 0.2461 -0.9658 -0.0817
vn 0.6718 -0.7064 -0.2230
vn 0.9169 -0.2583 -0.3043
vn 0.9484 0.2583 -0.1838
vn 0.6949 0.7064 -0.1347
vn 0.2546 0.9658 -0.0493
vn -0.2546 0.9658 0.0493
vn -0.6949 0.7064 0.1345
vn -0.9485 0.2583 0.1835
vn -0.9485 -0.2583 0.1835
vn -0.6949 -0.7064 0.1345
vn -0.2546 -0.9658 0.0493
vn 0.2546 -0.9658 -0.0493
vn 0.6949 -0.7064 -0.1347
vn 0.9484 -0.2583 -0.1838
vn 0.9641 0.2583 -0.0615
vn 0.7064 0.7064 -0.0450
vn 0.2588 0.9658 -0.0165
vn -0.2588 0.9658 0.0165
vn -0.7064 0.7064 0.0450
vn -0.9641 0.2583 0.0614
vn -0.9641 -0.2583 0.0614
vn -0.7064 -0.7064 0.0450
vn -0.2588 -0.9658 0.0165
vn 0.2588 -0.9658 -0.0165
vn 0.7064 -0.7064 -0.0450
vn 0.9641 -0.2583 -0.0615
vn 0.9641 0.2583 0.0615
vn 0.7064 0.7064 0.0450
vn 0.2588 0.9658 0.0165
vn -0.2588 0.9658 -0.0165
vn -0.7064 0.7064 -0.0450
vn -0.9641 0.2583 -0.0614
vn -0.9641 -0.2583 -0.0614
vn -0.7064 -0.7064 -0.0450
vn -0.2588 -0.9658 -0.0165
vn 0.2588 -0.9658 0.0165
vn 0.7064 -0.7064 0.0450
vn 0.9641 -0.2583 0.0615
vn 0.9484 0.2583 0.1838
vn 0.6949 0.7064 0.1347
vn 0.2546 0.9658 0.0493
vn -0.2546 0.9658 -0.0493
vn -0.6949 0.7064 -0.1345
vn -0.9485 0.2583 -0.1835
vn -0.9485 -0.2583 -0.1835
vn -0.6949 -0.7064 -0.1345
vn -0.2546 -0.9658 -0.0493
vn 0.2546 -0.9658 0.0493
vn 0.6949 -0.7064 0.1347
vn 0.9484 -0.2583 0.1838
vn 0.9169 0.2583 0.3043
vn 0.6718 0.7064 0.2230
vn 0.2461 0.9658 0.0817
vn -0.2461 0.9658 -0.0816
vn -0.6719 0.7064 -0.2227
vn -0.9170 0.2583 -0.3038
vn -0.9170 -0.2583 -0.3038
vn -0.6719 -0.7064 -0.2227
vn -0.2461 -0.9658 -0.0816
vn 0.2461 -0.9658 0.0817
vn 0.6718 -0.7064 0.2230
vn 0.9169 -0.2583 0.3043
vn 0.8694 0.2583 0.4213
vn 0.6370 0.7063 0.3087
vn 0.2334 0.9658 0.1131
vn -0.2334 0.9658 -0.1130
vn -0.6371 0.7063 -0.3084
vn -0.8696 0.2583 -0.4208
vn -0.8696 -0.2583 -0.4208
vn -0.6371 -0.7063 -0.3084
vn -0.2334 -0.9658 -0.1130
vn 0.2334 -0.9658 0.1131
vn 0.6370 -0.7063 0.3087
vn 0.8694 -0.2583 0.4213
vn 0.8060 0.2583 0.5326
vn 0.5906 0.7063 0.3903
vn 0.2164 0.9658 0.1430
vn -0.2164 0.9658 -0.1430
vn -0.5907 0.7063 -0.3901
vn -0.8062 0.2583 -0.5323
vn -0.8062 -0.2583 -0.5323
vn -0.5907 -0.7063 -0.3901
vn -0.2164 -0.9658 -0.1430
vn 0.2164 -0.9658 0.1430
vn 0.5906 -0.7063 0.3903
vn 0.8060 -0.2583 0.5326
vn 0.7301 0.2585 0.6325
vn 0.5344 0.7066 0.4638
vn 0.1954 0.9658 0.1703
vn -0.1949 0.9658 -0.1709
vn -0.5302 0.7066 -0.4687
vn -0.7218 0.2584 -0.6421
vn -0.7218 -0.2584 -0.6421
vn -0.5302 -0.7066 -0.4687
vn -0.1949 -0.9658 -0.1709
vn 0.1954 -0.9658 0.1703
vn 0.5344 -0.7066 0.4638
vn 0.7301 -0.2585 0.6325
vn 0.6831 0.2588 0.6830
vn 0.5001 0.7070 0.5000
vn 0.1831 0.9659 0.1831
vn -0.1831 0.9659 -0.1831
vn -0.5000 0.7070 -0.5001
vn -0.6830 0.2588 -0.6831
vn -0.6830 -0.2587 -0.6831
vn -0.5000 -0.7070 -0.5001
vn -0.1831 -0.9659 -0.1831
vn 0.1831 -0.9659 0.1831
vn 0.5001 -0.7070 0.5000
vn 0.6831 -0.2588 0.6830
vn -0.0105 0.2586 -0.9659
vn -0.0286 0.7065 -0.7071
vn -0.0391 0.9651 -0.2588
vn -0.0391 0.9651 0.2588
vn -0.0286 0.7065 0.7071
vn -0.0105 0.2586 0.9659
vn 0.0105 -0.2586 0.9659
vn 0.0286 -0.7065 0.7071
vn 0.0391 -0.9651 0.2588
vn 0.0391 -0.9651 -0.2588
vn 0.0286 -0.7065 -0.7071
vn 0.0105 -0.2586 -0.9659
vn -0.9659 0.2588 0.0000
vn -0.7071 0.7071 0.0000
vn -0.2588 0.9659 0.0000
vn 0.2588 0.9659 0.0000
vn 0.7071 0.7071 0.0000
vn 0.9659 0.2588 0.0000
vn 0.9659 -0.2588 0.0000
vn 0.7071 -0.7071 0.0000
vn 0.2588 -0.9659 0.0000
vn -0.2588 -0.9659 0.0000
vn -0.7071 -0.7071 0.0000
vn -0.9659 -0.2588 0.0000
vn -0.6830 0.2588 -0.6830
vn -0.5000 0.7071 -0.5000
vn -0.1830 0.9659 -0.1830
vn 0.1830 0.9659 0.1830
vn 0.5000 0.7071 0.5000
vn 0.6830 0.2588 0.6830
vn 0.6830 -0.2588 0.6830
vn 0.5000 -0.7071 0.5000
vn 0.1830 -0.9659 0.1830
vn -0.1830 -0.9659 -0.1830
vn -0.5000 -0.7071 -0.5000
vn -0.6830 -0.2588 -0.6830
vn 0.0000 0.2588 -0.9659
vn 0.0000 0.7071 -0.7071
vn 0.0000 0.9659 -0.2588
vn 0.0000 0.9659 0.2588
vn 0.0000 0.7071 0.7071
vn 0.0000 0.2588 0.9659
vn 0.0000 -0.2588 0.9659
vn 0.0000 -0.7071 0.7071
vn 0.0000 -0.9659 0.2588
vn 0.0000 -0.9659 -0.2588
vn 0.0000 -0.7071 -0.7071
vn 0.0000 -0.2588 -0.9659
vn -0.9646 0.2585 0.0521
vn -0.7064 0.7067 0.0404
vn -0.2586 0.9659 0.0159
vn 0.2585 0.9659 -0.0170
vn 0.7058 0.7068 -0.0483
vn 0.9636 0.2586 -0.0672
vn 0.9636 -0.2586 -0.0672
vn 0.7058 -0.7068 -0.0483
vn 0.2585 -0.9659 -0.0170
vn -0.2586 -0.9659 0.0159
vn -0.7064 -0.7067 0.0404
vn -0.9646 -0.2585 0.0521
vn -0.6372 0.7063 0.3084
vn -0.6371 -0.7063 0.3084
vn -0.0613 0.2583 0.9641
vn -0.0450 0.7064 0.7064
vn -0.0165 0.9658 0.2588
vn 0.0165 0.9658 -0.2588
vn 0.0450 0.7064 -0.7064
vn 0.0615 0.2583 -0.9641
vn 0.0615 -0.2583 -0.9641
vn 0.0450 -0.7064 -0.7064
vn 0.0165 -0.9658 -0.2588
vn -0.0165 -0.9658 0.2588
vn -0.0450 -0.7064 0.7064
vn -0.0613 -0.2583 0.9641
vn 0.0613 0.2583 0.9641
vn 0.0450 0.7064 0.7064
vn 0.0165 0.9658 0.2588
vn -0.0165 0.9658 -0.2588
vn -0.0450 0.7064 -0.7064
vn -0.0615 0.2583 -0.9641
vn -0.0615 -0.2583 -0.9641
vn -0.0450 -0.7064 -0.7064
vn -0.0165 -0.9658 -0.2588
vn 0.0165 -0.9658 0.2588
vn 0.0450 -0.7064 0.7064
vn 0.0613 -0.2583 0.9641
vn 0.1835 0.2583 0.9485
vn 0.1345 0.7064 0.6949
vn 0.0493 0.9658 0.2546
vn -0.0493 0.9658 -0.2546
vn -0.1347 0.7064 -0.6949
vn -0.1838 0.2583 -0.9484
vn -0.1838 -0.2583 -0.9484
vn -0.1347 -0.7064 -0.6949
vn -0.0493 -0.9658 -0.2546
vn 0.0493 -0.9658 0.2546
vn 0.1345 -0.7064 0.6949
vn 0.1835 -0.2583 0.9485
vn 0.3038 0.2583 0.9170
vn 0.2227 0.7064 0.6719
vn 0.0816 0.9658 0.2461
vn -0.0817 0.9658 -0.2461
vn -0.2230 0.7064 -0.6718
vn -0.3043 0.2583 -0.9169
vn -0.3043 -0.2583 -0.9169
vn -0.2230 -0.7064 -0.6718
vn -0.0817 -0.9658 -0.2461
vn 0.0816 -0.9658 0.2461
vn 0.2227 -0.7064 0.6719
vn 0.3038 -0.2583 0.9170
vn 0.4208 0.2583 0.8696
vn 0.3084 0.7063 0.6371
vn 0.1130 0.9658 0.2334
vn -0.1131 0.9658 -0.2334
vn -0.3087 0.7063 -0.6370
vn -0.4213 0.2583 -0.8694
vn -0.4213 -0.2583 -0.8694
vn -0.3087 -0.7063 -0.6370
vn -0.1131 -0.9658 -0.2334
vn 0.1130 -0.9658 0.2334
vn 0.3084 -0.7063 0.6371
vn 0.4208 -0.2583 0.8696
vn 0.5322 0.2583 0.8062
vn 0.3901 0.7063 0.5907
vn 0.1430 0.9658 0.2164
vn -0.1430 0.9658 -0.2164
vn -0.3903 0.7063 -0.5906
vn -0.5326 0.2583 -0.8060
vn -0.5326 -0.2583 -0.8060
vn -0.3903 -0.7063 -0.5906
vn -0.1430 -0.9658 -0.2164
vn 0.1430 -0.9658 0.2164
vn 0.3901 -0.7063 0.5907
vn 0.5322 -0.2583 0.8062
vn 0.6430 0.2585 0.7210
vn 0.4692 0.7066 0.5296
vn 0.1709 0.9658 0.1947
vn -0.1701 0.9659 -0.1954
vn -0.4629 0.7068 -0.5349
vn -0.6311 0.2586 -0.7314
vn -0.6311 -0.2586 -0.7314
vn -0.4629 -0.7068 -0.5349
vn -0.1701 -0.9659 -0.1954
vn 0.1709 -0.9658 0.1947
vn 0.4692 -0.7066 0.5296
vn 0.6430 -0.2585 0.7210
vn -0.0552 0.2585 -0.9644
vn -0.0427 0.7066 -0.7063
vn -0.0168 0.9658 -0.2586
vn 0.0179 0.9659 0.2585
vn 0.0509 0.7068 0.7056
vn 0.0709 0.2586 0.9634
vn 0.0709 -0.2586 0.9634
vn 0.0509 -0.7068 0.7056
vn 0.0179 -0.9659 0.2585
vn -0.0168 -0.9658 -0.2586
vn -0.0427 -0.7066 -0.7063
vn -0.0551 -0.2585 -0.9644
vn -0.1937 0.2583 -0.9464
vn -0.1419 0.7063 -0.6935
vn -0.0519 0.9658 -0.2541
vn 0.0519 0.9658 0.2541
vn 0.1416 0.7063 0.6936
vn 0.1933 0.2583 0.9465
vn 0.1933 -0.2583 0.9465
vn 0.1416 -0.7063 0.6936
vn 0.0519 -0.9658 0.2541
vn -0.0519 -0.9658 -0.2541
vn -0.1419 -0.7063 -0.6935
vn -0.1937 -0.2583 -0.9464
vn -0.3174 0.2583 -0.9124
vn -0.2324 0.7063 -0.6686
vn -0.0851 0.9658 -0.2450
vn 0.0851 0.9658 0.2450
vn 0.2322 0.7063 0.6687
vn 0.3168 0.2583 0.9126
vn 0.3168 -0.2583 0.9126
vn 0.2322 -0.7063 0.6687
vn 0.0851 -0.9658 0.2450
vn -0.0851 -0.9658 -0.2450
vn -0.2324 -0.7063 -0.6686
vn -0.3174 -0.2583 -0.9124
vn -0.4336 0.2583 -0.8633
vn -0.3176 0.7064 -0.6326
vn -0.1163 0.9658 -0.2318
vn 0.1163 0.9658 0.2318
vn 0.3174 0.7064 0.6327
vn 0.4331 0.2583 0.8635
vn 0.4331 -0.2583 0.8635
vn 0.3174 -0.7064 0.6327
vn 0.1163 -0.9658 0.2318
vn -0.1163 -0.9658 -0.2318
vn -0.3176 -0.7064 -0.6326
vn -0.4336 -0.2583 -0.8633
vn -0.5409 0.2583 -0.8004
vn -0.3963 0.7064 -0.5865
vn -0.1452 0.9658 -0.2149
vn 0.1451 0.9658 0.2149
vn 0.3961 0.7064 0.5866
vn 0.5406 0.2583 0.8006
vn 0.5406 -0.2583 0.8006
vn 0.3961 -0.7064 0.5866
vn 0.1451 -0.9658 0.2149
vn -0.1452 -0.9658 -0.2149
vn -0.3963 -0.7064 -0.5865
vn -0.5409 -0.2583 -0.8004
vn -0.6384 0.2583 -0.7251
vn -0.4677 0.7064 -0.5313
vn -0.1713 0.9658 -0.1947
vn 0.1713 0.9658 0.1947
vn 0.4677 0.7064 0.5313
vn 0.6383 0.2583 0.7252
vn 0.6383 -0.2583 0.7252
vn 0.4677 -0.7064 0.5313
vn 0.1713 -0.9658 0.1947
vn -0.1713 -0.9658 -0.1946
vn -0.4677 -0.7064 -0.5313
vn -0.6383 -0.2583 -0.7251
vn -0.7251 0.2583 -0.6383
vn -0.5313 0.7064 -0.4677
vn -0.1946 0.9658 -0.1713
vn 0.1946 0.9658 0.1713
vn 0.5313 0.7064 0.4677
vn 0.7252 0.2583 0.6383
vn 0.7252 -0.2583 0.6383
vn 0.5313 -0.7064 0.4677
vn 0.1947 -0.9658 0.1713
vn -0.1946 -0.9658 -0.1713
vn -0.5313 -0.7064 -0.4677
vn -0.7251 -0.2583 -0.6383
vn -0.8004 0.2583 -0.5409
vn -0.5865 0.7064 -0.3963
vn -0.2149 0.9658 -0.1452
vn 0.2149 0.9658 0.1451
vn 0.5866 0.7064 0.3961
vn 0.8006 0.2583 0.5406
vn 0.8006 -0.2583 0.5406
vn 0.5866 -0.7064 0.3961
vn 0.2149 -0.9658 0.1451
vn -0.2149 -0.9658 -0.1452
vn -0.5865 -0.7064 -0.3963
vn -0.8004 -0.2583 -0.5409
vn -0.8633 0.2583 -0.4336
vn -0.6326 0.7064 -0.3176
vn -0.2318 0.9658 -0.1163
vn 0.2318 0.9658 0.1163
vn 0.6327 0.7064 0.3174
vn 0.8635 0.2583 0.4332
vn 0.8635 -0.2583 0.4332
vn 0.6327 -0.7064 0.3174
vn 0.2318 -0.9658 0.1163
vn -0.2318 -0.9658 -0.1163
vn -0.6326 -0.7064 -0.3176
vn -0.8633 -0.2583 -0.4336
vn -0.9124 0.2583 -0.3174
vn -0.6686 0.7063 -0.2324
vn -0.2450 0.9658 -0.0851
vn 0.2450 0.9658 0.0851
vn 0.6687 0.7063 0.2322
vn 0.9126 0.2583 0.3168
vn 0.9126 -0.2583 0.3168
vn 0.6687 -0.7063 0.2322
vn 0.2450 -0.9658 0.0851
vn -0.2450 -0.9658 -0.0851
vn -0.6686 -0.7063 -0.2324
vn -0.9124 -0.2583 -0.3174
vn -0.9464 0.2583 -0.1937
vn -0.6935 0.7063 -0.1419
vn -0.2541 0.9658 -0.0519
vn 0.2541 0.9658 0.0519
vn 0.6936 0.7063 0.1416
vn 0.9465 0.2583 0.1933
vn 0.9465 -0.2583 0.1933
vn 0.6936 -0.7063 0.1416
vn 0.2541 -0.9658 0.0519
vn -0.2541 -0.9658 -0.0519
vn -0.6935 -0.7063 -0.1419
vn -0.9464 -0.2583 -0.1937
vn -0.9644 0.2585 -0.0552
vn -0.7063 0.7066 -0.0427
vn -0.2586 0.9658 -0.0168
vn 0.2585 0.9659 0.0179
vn 0.7056 0.7068 0.0509
vn 0.9634 0.2586 0.0709
vn 0.9634 -0.2586 0.0709
vn 0.7056 -0.7068 0.0509
vn 0.2585 -0.9659 0.0179
vn -0.2586 -0.9658 -0.0168
vn -0.7063 -0.7066 -0.0427
vn -0.9644 -0.2585 -0.0552
vn 0.9644 0.2585 -0.0551
vn 0.7063 0.7066 -0.0427
vn 0.2586 0.9658 -0.0168
vn -0.2585 0.9659 0.0179
vn -0.7056 0.7068 0.0509
vn -0.9634 0.2586 0.0709
vn -0.9634 -0.2586 0.0709
vn -0.7056 -0.7068 0.0509
vn -0.2585 -0.9659 0.0179
vn 0.2586 -0.9658 -0.0168
vn 0.7063 -0.7066 -0.0427
vn 0.9644 -0.2585 -0.0551
vn 0.9464 0.2583 -0.1937
vn 0.6935 0.7063 -0.1419
vn 0.2541 0.9658 -0.0519
vn -0.2541 0.9658 0.0519
vn -0.6936 0.7063 0.1416
vn -0.9465 0.2583 0.1933
vn -0.9465 -0.2583 0.1933
vn -0.6936 -0.7063 0.1416
vn -0.2541 -0.9658 0.0519
vn 0.2541 -0.9658 -0.0519
vn 0.6935 -0.7063 -0.1419
vn 0.9464 -0.2583 -0.1937
vn 0.9124 0.2583 -0.3174
vn 0.6686 0.7063 -0.2324
vn 0.2450 0.9658 -0.0851
vn -0.2450 0.9658 0.0851
vn -0.6687 0.7063 0.2322
vn -0.9126 0.2583 0.3168
vn -0.9126 -0.2583 0.3168
vn -0.6687 -0.7063 0.2322
vn -0.2450 -0.9658 0.0851
vn 0.2450 -0.9658 -0.0851
vn 0.6686 -0.7063 -0.2324
vn 0.9124 -0.2583 -0.3174
vn 0.8633 0.2583 -0.4336
vn 0.6326 0.7064 -0.3176
vn 0.2318 0.9658 -0.1163
vn -0.2318 0.9658 0.1163
vn -0.6327 0.7064 0.3174
vn -0.8635 0.2583 0.4332
vn -0.8635 -0.2583 0.4332
vn -0.6327 -0.7064 0.3174
vn -0.2318 -0.9658 0.1163
vn 0.2318 -0.9658 -0.1163
vn 0.6326 -0.7064 -0.3176
vn 0.8633 -0.2583 -0.4336
vn 0.8004 0.2583 -0.5409
vn 0.5865 0.7064 -0.3963
vn 0.2149 0.9658 -0.1452
vn -0.2149 0.9658 0.1451
vn -0.5866 0.7064 0.3961
vn -0.8006 0.2583 0.5406
vn -0.8006 -0.2583 0.5406
vn -0.5866 -0.7064 0.3961
vn -0.2149 -0.9658 0.1451
vn 0.2149 -0.9658 -0.1452
vn 0.5865 -0.7064 -0.3963
vn 0.8004 -0.2583 -0.5409
vn 0.7251 0.2583 -0.6383
vn 0.5313 0.7064 -0.4677
vn 0.1946 0.9658 -0.1713
vn -0.1947 0.9658 0.1713
vn -0.5313 0.7064 0.4677
vn -0.7252 0.2583 0.6383
vn -0.7252 -0.2583 0.6383
vn -0.5313 -0.7064 0.4677
vn -0.1947 -0.9658 0.1713
vn 0.1946 -0.9658 -0.1713
vn 0.5313 -0.7064 -0.4677
vn 0.7251 -0.2583 -0.6383
vn 0.6384 0.2583 -0.7251
vn 0.4677 0.7064 -0.5313
vn 0.1713 0.9658 -0.1946
vn -0.1713 0.9658 0.1946
vn -0.4676 0.7064 0.5313
vn -0.6383 0.2583 0.7252
vn -0.6383 -0.2583 0.7252
vn -0.4677 -0.7064 0.5313
vn -0.1713 -0.9658 0.1947
vn 0.1713 -0.9658 -0.1946
vn 0.4677 -0.7064 -0.5313
vn 0.6384 -0.2583 -0.7251
vn 0.5409 0.2583 -0.8004
vn 0.3963 0.7064 -0.5865
vn 0.1452 0.9658 -0.2149
vn -0.1451 0.9658 0.2149
vn -0.3961 0.7064 0.5866
vn -0.5407 0.2583 0.8006
vn -0.5406 -0.2583 0.8006
vn -0.3961 -0.7064 0.5866
vn -0.1451 -0.9658 0.2149
vn 0.1452 -0.9658 -0.2149
vn 0.3963 -0.7064 -0.5865
vn 0.5409 -0.2583 -0.8004
vn 0.4336 0.2583 -0.8633
vn 0.3176 0.7064 -0.6326
vn 0.1163 0.9658 -0.2318
vn -0.1163 0.9658 0.2318
vn -0.3174 0.7064 0.6327
vn -0.4331 0.2583 0.8635
vn -0.4331 -0.2583 0.8635
vn -0.3174 -0.7064 0.6327
vn -0.1163 -0.9658 0.2318
vn 0.1163 -0.9658 -0.2318
vn 0.3176 -0.7064 -0.6326
vn 0.4336 -0.2583 -0.8633
vn 0.3174 0.2583 -0.9124
vn 0.2324 0.7063 -0.6686
vn 0.0851 0.9658 -0.2450
vn -0.0851 0.9658 0.2450
vn -0.2322 0.7063 0.6687
vn -0.3168 0.2583 0.9126
vn -0.3168 -0.2583 0.9126
vn -0.2322 -0.7063 0.6687
vn -0.0851 -0.9658 0.2450
vn 0.0851 -0.9658 -0.2450
vn 0.2324 -0.7063 -0.6686
vn 0.3174 -0.2583 -0.9124
vn 0.1937 0.2583 -0.9464
vn 0.1419 0.7063 -0.6935
vn 0.0519 0.9658 -0.2541
vn -0.0519 0.9658 0.2541
vn -0.1416 0.7063 0.6936
vn -0.1933 0.2583 0.9465
vn -0.1933 -0.2583 0.9465
vn -0.1416 -0.7063 0.6936
vn -0.0519 -0.9658 0.2541
vn 0.0519 -0.9658 -0.2541
vn 0.1419 -0.7063 -0.6935
vn 0.1937 -0.2583 -0.9464
vn 0.0552 0.2585 -0.9644
vn 0.0427 0.7066 -0.7063
vn 0.0168 0.9658 -0.2586
vn -0.0179 0.9659 0.2585
vn -0.0509 0.7068 0.7056
vn -0.0709 0.2586 0.9634
vn -0.0709 -0.2586 0.9634
vn -0.0509 -0.7068 0.7056
vn -0.0179 -0.9659 0.2585
vn 0.0168 -0.9658 -0.2586
vn 0.0427 -0.7066 -0.7063
vn 0.0551 -0.2585 -0.9644
vn 0.0551 0.2585 0.9644
vn 0.0427 0.7066 0.7063
vn 0.0168 0.9658 0.2586
vn -0.0179 0.9659 -0.2585
vn -0.0509 0.7068 -0.7056
vn -0.0709 0.2586 -0.9634
vn -0.0709 -0.2586 -0.9634
vn -0.0509 -0.7068 -0.7056
vn -0.0179 -0.9659 -0.2585
vn 0.0168 -0.9658 0.2586
vn 0.0427 -0.7066 0.7063
vn 0.0551 -0.2585 0.9644
vn 0.1937 0.2583 0.9464
vn 0.1419 0.7063 0.6935
vn -0.1416 0.7063 -0.6936
vn -0.1933 0.2583 -0.9465
vn -0.1933 -0.2583 -0.9465
vn -0.1416 -0.7063 -0.6936
vn 0.1419 -0.7063 0.6935
vn 0.1937 -0.2583 0.9464
vn 0.3174 0.2583 0.9124
vn 0.2324 0.7063 0.6686
vn -0.2322 0.7063 -0.6687
vn -0.3168 0.2583 -0.9126
vn -0.3168 -0.2583 -0.9126
vn -0.2322 -0.7063 -0.6687
vn 0.2324 -0.7063 0.6686
vn 0.3174 -0.2583 0.9124
vn 0.4336 0.2583 0.8633
vn 0.3176 0.7064 0.6326
vn -0.3174 0.7064 -0.6327
vn -0.4331 0.2583 -0.8635
vn -0.4331 -0.2583 -0.8635
vn -0.3174 -0.7064 -0.6327
vn 0.3176 -0.7064 0.6326
vn 0.4336 -0.2583 0.8633
vn 0.5409 0.2583 0.8004
vn 0.3963 0.7064 0.5865
vn 0.1452 0.9658 0.2149
vn -0.1451 0.9658 -0.2149
vn -0.3961 0.7064 -0.5866
vn -0.5406 0.2583 -0.8006
vn -0.5406 -0.2583 -0.8006
vn -0.3961 -0.7064 -0.5866
vn -0.1451 -0.9658 -0.2149
vn 0.1452 -0.9658 0.2149
vn 0.3963 -0.7064 0.5865
vn 0.5409 -0.2583 0.8004
vn 0.6384 0.2583 0.7251
vn -0.1713 0.9658 -0.1946
vn -0.6383 0.2583 -0.7252
vn -0.6383 -0.2583 -0.7252
vn -0.1713 -0.9658 -0.1947
vn 0.1713 -0.9658 0.1946
vn 0.6383 -0.2583 0.7251
vn 0.7251 0.2583 0.6383
vn -0.7252 0.2583 -0.6383
vn -0.7252 -0.2583 -0.6383
vn -0.1947 -0.9658 -0.1713
vn 0.1946 -0.9658 0.1713
vn 0.7251 -0.2583 0.6383
vn 0.8004 0.2583 0.5409
vn 0.5865 0.7064 0.3963
vn 0.2149 0.9658 0.1452
vn -0.2149 0.9658 -0.1451
vn -0.5866 0.7064 -0.3961
vn -0.8006 0.2583 -0.5406
vn -0.8006 -0.2583 -0.5406
vn -0.5866 -0.7064 -0.3961
vn -0.2149 -0.9658 -0.1451
vn 0.2149 -0.9658 0.1452
vn 0.5865 -0.7064 0.3963
vn 0.8004 -0.2583 0.5409
vn 0.8633 0.2583 0.4336
vn 0.6326 0.7064 0.3176
vn -0.6327 0.7064 -0.3174
vn -0.8635 0.2583 -0.4332
vn -0.8635 -0.2583 -0.4332
vn -0.6327 -0.7064 -0.3174
vn 0.6326 -0.7064 0.3176
vn 0.8633 -0.2583 0.4336
vn 0.9124 0.2583 0.3174
vn 0.6686 0.7063 0.2324
vn -0.6687 0.7063 -0.2322
vn -0.9126 0.2583 -0.3168
vn -0.9126 -0.2583 -0.3168
vn -0.6687 -0.7063 -0.2322
vn 0.6686 -0.7063 0.2324
vn 0.9124 -0.2583 0.3174
vn 0.9464 0.2583 0.1937
vn 0.6935 0.7063 0.1419
vn -0.6936 0.7063 -0.1416
vn -0.9465 0.2583 -0.1933
vn -0.9465 -0.2583 -0.1933
vn -0.6936 -0.7063 -0.1416
vn 0.6935 -0.7063 0.1419
vn 0.9464 -0.2583 0.1937
vn 0.9644 0.2585 0.0552
vn 0.7063 0.7066 0.0427
vn 0.2586 0.9658 0.0168
vn -0.2585 0.9659 -0.0179
vn -0.7056 0.7068 -0.0509
vn -0.9634 0.2586 -0.0709
vn -0.9634 -0.2586 -0.0709
vn -0.7056 -0.7068 -0.0509
vn -0.2585 -0.9659 -0.0179
vn 0.2586 -0.9658 0.0168
vn 0.7063 -0.7066 0.0427
vn 0.9644 -0.2585 0.0552
vn -0.7071 0.0000 0.7071
usemtl マテリアル.001
s off
f 1/1/1 13/2/1 24/3/1 12/4/1
f 2/5/2 14/6/2 13/7/2 1/8/2
f 3/9/3 15/10/3 14/6/3 2/5/3
f 4/11/4 16/12/4 15/10/4 3/9/4
f 5/13/5 17/14/5 16/12/5 4/11/5
f 6/15/6 18/16/6 17/14/6 5/13/6
f 7/17/7 19/18/7 18/16/7 6/15/7
f 8/19/8 20/20/8 19/18/8 7/17/8
f 9/21/9 21/22/9 20/20/9 8/19/9
f 10/23/10 22/24/10 21/22/10 9/21/10
f 11/25/11 23/26/11 22/24/11 10/23/11
f 12/4/12 24/3/12 23/26/12 11/25/12
f 13/2/13 25/27/13 36/28/13 24/3/13
f 14/6/14 26/29/14 25/30/14 13/7/14
f 15/10/15 27/31/15 26/29/15 14/6/15
f 16/12/16 28/32/16 27/31/16 15/10/16
f 17/14/17 29/33/17 28/32/17 16/12/17
f 18/16/18 30/34/18 29/33/18 17/14/18
f 19/18/19 31/35/19 30/34/19 18/16/19
f 20/20/20 32/36/20 31/35/20 19/18/20
f 21/22/21 33/37/21 32/36/21 20/20/21
f 22/24/22 34/38/22 33/37/22 21/22/22
f 23/26/23 35/39/23 34/38/23 22/24/23
f 24/3/24 36/28/24 35/39/24 23/26/24
f 25/27/25 37/40/25 48/41/25 36/28/25
f 26/29/26 38/42/26 37/43/26 25/30/26
f 27/31/27 39/44/27 38/42/27 26/29/27
f 28/32/28 40/45/28 39/44/28 27/31/28
f 29/33/29 41/46/29 40/45/29 28/32/29
f 30/34/30 42/47/30 41/46/30 29/33/30
f 31/35/31 43/48/31 42/47/31 30/34/31
f 32/36/32 44/49/32 43/48/32 31/35/32
f 33/37/33 45/50/33 44/49/33 32/36/33
f 34/38/34 46/51/34 45/50/34 33/37/34
f 35/39/35 47/52/35 46/51/35 34/38/35
f 36/28/36 48/41/36 47/52/36 35/39/36
f 37/40/37 49/53/37 60/54/37 48/41/37
f 38/42/38 50/55/38 49/56/38 37/43/38
f 39/44/39 51/57/39 50/55/39 38/42/39
f 40/45/40 52/58/40 51/57/40 39/44/40
f 41/46/41 53/59/41 52/58/41 40/45/41
f 42/47/42 54/60/42 53/59/42 41/46/42
f 43/48/43 55/61/43 54/60/43 42/47/43
f 44/49/44 56/62/44 55/61/44 43/48/44
f 45/50/45 57/63/45 56/62/45 44/49/45
f 46/51/46 58/64/46 57/63/46 45/50/46
f 47/52/47 59/65/47 58/64/47 46/51/47
f 48/41/48 60/54/48 59/65/48 47/52/48
f 49/53/49 61/66/49 72/67/49 60/54/49
f 50/55/50 62/68/50 61/69/50 49/56/50
f 51/57/51 63/70/51 62/68/51 50/55/51
f 52/58/52 64/71/52 63/70/52 51/57/52
f 53/59/53 65/72/53 64/71/53 52/58/53
f 54/60/54 66/73/54 65/72/54 53/59/54
f 55/61/55 67/74/55 66/73/55 54/60/55
f 56/62/56 68/75/56 67/74/56 55/61/56
f 57/63/57 69/76/57 68/75/57 56/62/57
f 58/64/58 70/77/58 69/76/58 57/63/58
f 59/65/59 71/78/59 70/77/59 58/64/59
f 60/54/60 72/67/60 71/78/60 59/65/60
f 61/66/61 73/79/61 84/80/61 72/67/61
f 62/68/62 74/81/62 73/82/62 61/69/62
f 63/70/63 75/83/63 74/81/63 62/68/63
f 64/71/64 76/84/64 75/83/64 63/70/64
f 65/72/65 77/85/65 76/84/65 64/71/65
f 66/73/66 78/86/66 77/85/66 65/72/66
f 67/74/67 79/87/67 78/86/67 66/73/67
f 68/75/68 80/88/68 79/87/68 67/74/68
f 69/76/69 81/89/69 80/88/69 68/75/69
f 70/77/70 82/90/70 81/89/70 69/76/70
f 71/78/71 83/91/71 82/90/71 70/77/71
f 72/67/72 84/80/72 83/91/72 71/78/72
f 73/79/73 85/92/73 96/93/73 84/80/73
f 74/81/74 86/94/74 85/95/74 73/82/74
f 75/83/75 87/96/75 86/94/75 74/81/75
f 76/84/76 88/97/76 87/96/76 75/83/76
f 77/85/77 89/98/77 88/97/77 76/84/77
f 78/86/78 90/99/78 89/98/78 77/85/78
f 79/87/79 91/100/79 90/99/79 78/86/79
f 80/88/80 92/101/80 91/100/80 79/87/80
f 81/89/81 93/102/81 92/101/81 80/88/81
f 82/90/82 94/103/82 93/102/82 81/89/82
f 83/91/83 95/104/83 94/103/83 82/90/83
f 84/80/84 96/93/84 95/104/84 83/91/84
f 85/92/85 97/105/85 108/106/85 96/93/85
f 86/94/86 98/107/86 97/108/86 85/95/86
f 87/96/87 99/109/87 98/107/87 86/94/87
f 88/97/88 100/110/88 99/109/88 87/96/88
f 89/98/89 101/111/89 100/110/89 88/97/89
f 90/99/90 102/112/90 101/111/90 89/98/90
f 91/100/91 103/113/91 102/112/91 90/99/91
f 92/101/92 104/114/92 103/113/92 91/100/92
f 93/102/93 105/115/93 104/114/93 92/101/93
f 94/103/94 106/116/94 105/115/94 93/102/94
f 95/104/95 107/117/95 106/116/95 94/103/95
f 96/93/96 108/106/96 107/117/96 95/104/96
f 97/105/97 109/118/97 120/119/97 108/106/97
f 98/107/98 110/120/98 109/121/98 97/108/98
f 99/109/99 111/122/99 110/120/99 98/107/99
f 100/110/100 112/123/100 111/122/100 99/109/100
f 101/111/101 113/124/101 112/123/101 100/110/101
f 102/112/102 114/125/102 113/124/102 101/111/102
f 103/113/103 115/126/103 114/125/103 102/112/103
f 104/114/104 116/127/104 115/126/104 103/113/104
f 105/115/105 117/128/105 116/127/105 104/114/105
f 106/116/106 118/129/106 117/128/106 105/115/106
f 107/117/107 119/130/107 118/129/107 106/116/107
f 108/106/108 120/119/108 119/130/108 107/117/108
f 109/118/109 121/131/109 132/132/109 120/119/109
f 110/120/110 122/133/110 121/134/110 109/121/110
f 111/122/111 123/135/111 122/133/111 110/120/111
f 112/123/112 124/136/112 123/135/112 111/122/112
f 113/124/113 125/137/113 124/136/113 112/123/113
f 114/125/114 126/138/114 125/137/114 113/124/114
f 115/126/115 127/139/115 126/138/115 114/125/115
f 116/127/116 128/140/116 127/139/116 115/126/116
f 117/128/117 129/141/117 128/140/117 116/127/117
f 118/129/118 130/142/118 129/141/118 117/128/118
f 119/130/119 131/143/119 130/142/119 118/129/119
f 120/119/120 132/132/120 131/143/120 119/130/120
f 121/131/121 133/144/121 144/145/121 132/132/121
f 122/133/122 134/146/122 133/147/122 121/134/122
f 123/135/123 135/148/123 134/146/123 122/133/123
f 124/136/124 136/149/124 135/148/124 123/135/124
f 125/137/125 137/150/125 136/149/125 124/136/125
f 126/138/126 138/151/126 137/150/126 125/137/126
f 127/139/127 139/152/127 138/151/127 126/138/127
f 128/140/128 140/153/128 139/152/128 127/139/128
f 129/141/129 141/154/129 140/153/129 128/140/129
f 130/142/130 142/155/130 141/154/130 129/141/130
f 131/143/131 143/156/131 142/155/131 130/142/131
f 132/132/132 144/145/132 143/156/132 131/143/132
f 133/144/133 145/157/133 156/158/133 144/145/133
f 134/146/134 146/159/134 145/160/134 133/147/134
f 135/148/135 147/161/135 146/159/135 134/146/135
f 136/149/136 148/162/136 147/161/136 135/148/136
f 137/150/137 149/163/137 148/162/137 136/149/137
f 138/151/138 150/164/138 149/163/138 137/150/138
f 139/152/139 151/165/139 150/164/139 138/151/139
f 140/153/140 152/166/140 151/165/140 139/152/140
f 141/154/141 153/167/141 152/166/141 140/153/141
f 142/155/142 154/168/142 153/167/142 141/154/142
f 143/156/143 155/169/143 154/168/143 142/155/143
f 144/145/144 156/158/144 155/169/144 143/156/144
f 145/157/145 157/170/145 168/171/145 156/158/145
f 146/159/146 158/172/146 157/173/146 145/160/146
f 147/161/147 159/174/147 158/172/147 146/159/147
f 148/162/148 160/175/148 159/174/148 147/161/148
f 149/163/149 161/176/149 160/175/149 148/162/149
f 150/164/150 162/177/150 161/176/150 149/163/150
f 151/165/151 163/178/151 162/177/151 150/164/151
f 152/166/152 164/179/152 163/178/152 151/165/152
f 153/167/153 165/180/153 164/179/153 152/166/153
f 154/168/154 166/181/154 165/180/154 153/167/154
f 155/169/155 167/182/155 166/181/155 154/168/155
f 156/158/156 168/171/156 167/182/156 155/169/156
f 157/170/157 169/183/157 180/184/157 168/171/157
f 158/172/158 170/185/158 169/186/158 157/173/158
f 159/174/159 171/187/159 170/185/159 158/172/159
f 160/175/160 172/188/160 171/187/160 159/174/160
f 161/176/161 173/189/161 172/188/161 160/175/161
f 162/177/162 174/190/162 173/189/162 161/176/162
f 163/178/163 175/191/163 174/190/163 162/177/163
f 164/179/164 176/192/164 175/191/164 163/178/164
f 165/180/165 177/193/165 176/192/165 164/179/165
f 166/181/166 178/194/166 177/193/166 165/180/166
f 167/182/167 179/195/167 178/194/167 166/181/167
f 168/171/168 180/184/168 179/195/168 167/182/168
f 169/183/169 181/196/169 192/197/169 180/184/169
f 170/185/170 182/198/170 181/199/170 169/186/170
f 171/187/171 183/200/171 182/198/171 170/185/171
f 172/188/172 184/201/172 183/200/172 171/187/172
f 173/189/173 185/202/173 184/201/173 172/188/173
f 174/190/174 186/203/174 185/202/174 173/189/174
f 175/191/175 187/204/175 186/203/175 174/190/175
f 176/192/176 188/205/176 187/204/176 175/191/176
f 177/193/177 189/206/177 188/205/177 176/192/177
f 178/194/178 190/207/178 189/206/178 177/193/178
f 179/195/179 191/208/179 190/207/179 178/194/179
f 180/184/180 192/197/180 191/208/180 179/195/180
f 181/196/181 193/209/181 204/210/181 192/197/181
f 182/198/182 194/211/182 193/212/182 181/199/182
f 183/200/183 195/213/183 194/211/183 182/198/183
f 184/201/184 196/214/184 195/213/184 183/200/184
f 185/202/185 197/215/185 196/214/185 184/201/185
f 186/203/186 198/216/186 197/215/186 185/202/186
f 187/204/187 199/217/187 198/216/187 186/203/187
f 188/205/188 200/218/188 199/217/188 187/204/188
f 189/206/189 201/219/189 200/218/189 188/205/189
f 190/207/190 202/220/190 201/219/190 189/206/190
f 191/208/191 203/221/191 202/220/191 190/207/191
f 192/197/192 204/210/192 203/221/192 191/208/192
f 193/209/193 205/222/193 216/223/193 204/210/193
f 194/211/194 206/224/194 205/225/194 193/212/194
f 195/213/195 207/226/195 206/224/195 194/211/195
f 196/214/196 208/227/196 207/226/196 195/213/196
f 197/215/197 209/228/197 208/227/197 196/214/197
f 198/216/198 210/229/198 209/228/198 197/215/198
f 199/217/199 211/230/199 210/229/199 198/216/199
f 200/218/200 212/231/200 211/230/200 199/217/200
f 201/219/201 213/232/201 212/231/201 200/218/201
f 202/220/202 214/233/202 213/232/202 201/219/202
f 203/221/203 215/234/203 214/233/203 202/220/203
f 204/210/204 216/223/204 215/234/204 203/221/204
f 205/222/205 217/235/205 228/236/205 216/223/205
f 206/224/206 218/237/206 217/238/206 205/225/206
f 207/226/207 219/239/207 218/237/207 206/224/207
f 208/227/208 220/240/208 219/239/208 207/226/208
f 209/228/209 221/241/209 220/240/209 208/227/209
f 210/229/210 222/242/210 221/241/210 209/228/210
f 211/230/211 223/243/211 222/242/211 210/229/211
f 212/231/212 224/244/212 223/243/212 211/230/212
f 213/232/213 225/245/213 224/244/213 212/231/213
f 214/233/214 226/246/214 225/245/214 213/232/214
f 215/234/215 227/247/215 226/246/215 214/233/215
f 216/223/216 228/236/216 227/247/216 215/234/216
f 217/235/217 229/248/217 240/249/217 228/236/217
f 218/237/218 230/250/218 229/251/218 217/238/218
f 219/239/219 231/252/219 230/250/219 218/237/219
f 220/240/220 232/253/220 231/252/220 219/239/220
f 221/241/221 233/254/221 232/253/221 220/240/221
f 222/242/222 234/255/222 233/254/222 221/241/222
f 223/243/223 235/256/223 234/255/223 222/242/223
f 224/244/224 236/257/224 235/256/224 223/243/224
f 225/245/225 237/258/225 236/257/225 224/244/225
f 226/246/226 238/259/226 237/258/226 225/245/226
f 227/247/227 239/260/227 238/259/227 226/246/227
f 228/236/228 240/249/228 239/260/228 227/247/228
f 241/261/229 253/262/229 264/263/229 252/264/229
f 242/265/230 254/266/230 253/267/230 241/268/230
f 243/269/231 255/270/231 254/266/231 242/265/231
f 244/271/232 256/272/232 255/270/232 243/269/232
f 245/273/233 257/274/233 256/272/233 244/271/233
f 246/275/234 258/276/234 257/274/234 245/273/234
f 247/277/235 259/278/235 258/276/235 246/275/235
f 248/279/236 260/280/236 259/278/236 247/277/236
f 249/281/237 261/282/237 260/280/237 248/279/237
f 250/283/238 262/284/238 261/282/238 249/281/238
f 251/285/239 263/286/239 262/284/239 250/283/239
f 252/264/240 264/263/240 263/286/240 251/285/240
f 265/287/241 277/288/241 288/289/241 276/290/241
f 266/291/242 278/292/242 277/293/242 265/294/242
f 267/295/243 279/296/243 278/292/243 266/291/243
f 268/297/244 280/298/244 279/296/244 267/295/244
f 269/299/245 281/300/245 280/298/245 268/297/245
f 270/301/246 282/302/246 281/300/246 269/299/246
f 271/303/247 283/304/247 282/302/247 270/301/247
f 272/305/248 284/306/248 283/304/248 271/303/248
f 273/307/249 285/308/249 284/306/249 272/305/249
f 274/309/250 286/310/250 285/308/250 273/307/250
f 275/311/251 287/312/251 286/310/251 274/309/251
f 276/290/252 288/289/252 287/312/252 275/311/252
f 289/313/253 301/314/253 312/315/253 300/316/253
f 290/317/254 302/318/254 301/319/254 289/320/254
f 291/321/255 303/322/255 302/318/255 290/317/255
f 292/323/256 304/324/256 303/322/256 291/321/256
f 293/325/257 305/326/257 304/324/257 292/323/257
f 294/327/258 306/328/258 305/326/258 293/325/258
f 295/329/259 307/330/259 306/328/259 294/327/259
f 296/331/260 308/332/260 307/330/260 295/329/260
f 297/333/261 309/334/261 308/332/261 296/331/261
f 298/335/262 310/336/262 309/334/262 297/333/262
f 299/337/263 311/338/263 310/336/263 298/335/263
f 300/316/264 312/315/264 311/338/264 299/337/264
f 313/339/241 325/340/241 336/341/241 324/342/241
f 314/343/242 326/344/242 325/345/242 313/346/242
f 315/347/243 327/348/243 326/344/243 314/343/243
f 316/349/244 328/350/244 327/348/244 315/347/244
f 317/351/245 329/352/245 328/350/245 316/349/245
f 318/353/246 330/354/246 329/352/246 317/351/246
f 319/355/247 331/356/247 330/354/247 318/353/247
f 320/357/248 332/358/248 331/356/248 319/355/248
f 321/359/249 333/360/249 332/358/249 320/357/249
f 322/361/250 334/362/250 333/360/250 321/359/250
f 323/363/251 335/364/251 334/362/251 322/361/251
f 324/342/252 336/341/252 335/364/252 323/363/252
f 337/365/265 349/366/265 360/367/265 348/368/265
f 338/369/266 350/370/266 349/371/266 337/372/266
f 339/373/267 351/374/267 350/370/267 338/369/267
f 340/375/268 352/376/268 351/374/268 339/373/268
f 341/377/269 353/378/269 352/376/269 340/375/269
f 342/379/270 354/380/270 353/378/270 341/377/270
f 343/381/271 355/382/271 354/380/271 342/379/271
f 344/383/272 356/384/272 355/382/272 343/381/272
f 345/385/273 357/386/273 356/384/273 344/383/273
f 346/387/274 358/388/274 357/386/274 345/385/274
f 347/389/275 359/390/275 358/388/275 346/387/275
f 348/368/276 360/367/276 359/390/276 347/389/276
f 361/391/277 373/392/277 384/393/277 372/394/277
f 362/395/278 374/396/278 373/397/278 361/398/278
f 363/399/279 375/400/279 374/396/279 362/395/279
f 364/401/280 376/402/280 375/400/280 363/399/280
f 365/403/281 377/404/281 376/402/281 364/401/281
f 366/405/282 378/406/282 377/404/282 365/403/282
f 367/407/283 379/408/283 378/406/283 366/405/283
f 368/409/284 380/410/284 379/408/284 367/407/284
f 369/411/285 381/412/285 380/410/285 368/409/285
f 370/413/286 382/414/286 381/412/286 369/411/286
f 371/415/287 383/416/287 382/414/287 370/413/287
f 372/394/288 384/393/288 383/416/288 371/415/288
f 373/392/126 385/417/126 396/418/126 384/393/126
f 374/396/125 386/419/125 385/420/125 373/397/125
f 375/400/124 387/421/124 386/419/124 374/396/124
f 376/402/123 388/422/123 387/421/123 375/400/123
f 377/404/122 389/423/122 388/422/122 376/402/122
f 378/406/121 390/424/121 389/423/121 377/404/121
f 379/408/132 391/425/132 390/424/132 378/406/132
f 380/410/131 392/426/131 391/425/131 379/408/131
f 381/412/130 393/427/130 392/426/130 380/410/130
f 382/414/129 394/428/129 393/427/129 381/412/129
f 383/416/128 395/429/128 394/428/128 382/414/128
f 384/393/127 396/418/127 395/429/127 383/416/127
f 385/417/114 397/430/114 408/431/114 396/418/114
f 386/419/113 398/432/113 397/433/113 385/420/113
f 387/421/112 399/434/112 398/432/112 386/419/112
f 388/422/111 400/435/111 399/434/111 387/421/111
f 389/423/110 401/436/110 400/435/110 388/422/110
f 390/424/109 402/437/109 401/436/109 389/423/109
f 391/425/120 403/438/120 402/437/120 390/424/120
f 392/426/119 404/439/119 403/438/119 391/425/119
f 393/427/118 405/440/118 404/439/118 392/426/118
f 394/428/117 406/441/117 405/440/117 393/427/117
f 395/429/116 407/442/116 406/441/116 394/428/116
f 396/418/115 408/431/115 407/442/115 395/429/115
f 397/430/102 409/443/102 420/444/102 408/431/102
f 398/432/289 410/445/289 409/446/289 397/433/289
f 399/434/100 411/447/100 410/445/100 398/432/100
f 400/435/99 412/448/99 411/447/99 399/434/99
f 401/436/98 413/449/98 412/448/98 400/435/98
f 402/437/97 414/450/97 413/449/97 401/436/97
f 403/438/108 415/451/108 414/450/108 402/437/108
f 404/439/107 416/452/107 415/451/107 403/438/107
f 405/440/106 417/453/106 416/452/106 404/439/106
f 406/441/105 418/454/105 417/453/105 405/440/105
f 407/442/290 419/455/290 418/454/290 406/441/290
f 408/431/103 420/444/103 419/455/103 407/442/103
f 409/443/90 421/456/90 432/457/90 420/444/90
f 410/445/89 422/458/89 421/459/89 409/446/89
f 411/447/88 423/460/88 422/458/88 410/445/88
f 412/448/87 424/461/87 423/460/87 411/447/87
f 413/449/86 425/462/86 424/461/86 412/448/86
f 414/450/85 426/463/85 425/462/85 413/449/85
f 415/451/96 427/464/96 426/463/96 414/450/96
f 416/452/95 428/465/95 427/464/95 415/451/95
f 417/453/94 429/466/94 428/465/94 416/452/94
f 418/454/93 430/467/93 429/466/93 417/453/93
f 419/455/92 431/468/92 430/467/92 418/454/92
f 420/444/91 432/457/91 431/468/91 419/455/91
f 421/456/78 433/469/78 444/470/78 432/457/78
f 422/458/77 434/471/77 433/472/77 421/459/77
f 423/460/76 435/473/76 434/471/76 422/458/76
f 424/461/75 436/474/75 435/473/75 423/460/75
f 425/462/74 437/475/74 436/474/74 424/461/74
f 426/463/73 438/476/73 437/475/73 425/462/73
f 427/464/84 439/477/84 438/476/84 426/463/84
f 428/465/83 440/478/83 439/477/83 427/464/83
f 429/466/82 441/479/82 440/478/82 428/465/82
f 430/467/81 442/480/81 441/479/81 429/466/81
f 431/468/80 443/481/80 442/480/80 430/467/80
f 432/457/79 444/470/79 443/481/79 431/468/79
f 433/469/66 445/482/66 456/483/66 444/470/66
f 434/471/65 446/484/65 445/485/65 433/472/65
f 435/473/64 447/486/64 446/484/64 434/471/64
f 436/474/63 448/487/63 447/486/63 435/473/63
f 437/475/62 449/488/62 448/487/62 436/474/62
f 438/476/61 450/489/61 449/488/61 437/475/61
f 439/477/72 451/490/72 450/489/72 438/476/72
f 440/478/71 452/491/71 451/490/71 439/477/71
f 441/479/70 453/492/70 452/491/70 440/478/70
f 442/480/69 454/493/69 453/492/69 441/479/69
f 443/481/68 455/494/68 454/493/68 442/480/68
f 444/470/67 456/483/67 455/494/67 443/481/67
f 445/482/54 457/495/54 468/496/54 456/483/54
f 446/484/53 458/497/53 457/498/53 445/485/53
f 447/486/52 459/499/52 458/497/52 446/484/52
f 448/487/51 460/500/51 459/499/51 447/486/51
f 449/488/50 461/501/50 460/500/50 448/487/50
f 450/489/49 462/502/49 461/501/49 449/488/49
f 451/490/60 463/503/60 462/502/60 450/489/60
f 452/491/59 464/504/59 463/503/59 451/490/59
f 453/492/58 465/505/58 464/504/58 452/491/58
f 454/493/57 466/506/57 465/505/57 453/492/57
f 455/494/56 467/507/56 466/506/56 454/493/56
f 456/483/55 468/496/55 467/507/55 455/494/55
f 457/495/42 469/508/42 480/509/42 468/496/42
f 458/497/41 470/510/41 469/511/41 457/498/41
f 459/499/40 471/512/40 470/510/40 458/497/40
f 460/500/39 472/513/39 471/512/39 459/499/39
f 461/501/38 473/514/38 472/513/38 460/500/38
f 462/502/37 474/515/37 473/514/37 461/501/37
f 463/503/48 475/516/48 474/515/48 462/502/48
f 464/504/47 476/517/47 475/516/47 463/503/47
f 465/505/46 477/518/46 476/517/46 464/504/46
f 466/506/45 478/519/45 477/518/45 465/505/45
f 467/507/44 479/520/44 478/519/44 466/506/44
f 468/496/43 480/509/43 479/520/43 467/507/43
f 469/508/30 481/521/30 492/522/30 480/509/30
f 470/510/29 482/523/29 481/524/29 469/511/29
f 471/512/28 483/525/28 482/523/28 470/510/28
f 472/513/27 484/526/27 483/525/27 471/512/27
f 473/514/26 485/527/26 484/526/26 472/513/26
f 474/515/25 486/528/25 485/527/25 473/514/25
f 475/516/36 487/529/36 486/528/36 474/515/36
f 476/517/35 488/530/35 487/529/35 475/516/35
f 477/518/34 489/531/34 488/530/34 476/517/34
f 478/519/33 490/532/33 489/531/33 477/518/33
f 479/520/32 491/533/32 490/532/32 478/519/32
f 480/509/31 492/522/31 491/533/31 479/520/31
f 481/521/18 493/534/18 504/535/18 492/522/18
f 482/523/17 494/536/17 493/537/17 481/524/17
f 483/525/16 495/538/16 494/536/16 482/523/16
f 484/526/15 496/539/15 495/538/15 483/525/15
f 485/527/14 497/540/14 496/539/14 484/526/14
f 486/528/13 498/541/13 497/540/13 485/527/13
f 487/529/24 499/542/24 498/541/24 486/528/24
f 488/530/23 500/543/23 499/542/23 487/529/23
f 489/531/22 501/544/22 500/543/22 488/530/22
f 490/532/21 502/545/21 501/544/21 489/531/21
f 491/533/20 503/546/20 502/545/20 490/532/20
f 492/522/19 504/535/19 503/546/19 491/533/19
f 493/534/291 505/547/291 516/548/291 504/535/291
f 494/536/292 506/549/292 505/550/292 493/537/292
f 495/538/293 507/551/293 506/549/293 494/536/293
f 496/539/294 508/552/294 507/551/294 495/538/294
f 497/540/295 509/553/295 508/552/295 496/539/295
f 498/541/296 510/554/296 509/553/296 497/540/296
f 499/542/297 511/555/297 510/554/297 498/541/297
f 500/543/298 512/556/298 511/555/298 499/542/298
f 501/544/299 513/557/299 512/556/299 500/543/299
f 502/545/300 514/558/300 513/557/300 501/544/300
f 503/546/301 515/559/301 514/558/301 502/545/301
f 504/535/302 516/548/302 515/559/302 503/546/302
f 505/547/303 517/560/303 528/561/303 516/548/303
f 506/549/304 518/562/304 517/563/304 505/550/304
f 507/551/305 519/564/305 518/562/305 506/549/305
f 508/552/306 520/565/306 519/564/306 507/551/306
f 509/553/307 521/566/307 520/565/307 508/552/307
f 510/554/308 522/567/308 521/566/308 509/553/308
f 511/555/309 523/568/309 522/567/309 510/554/309
f 512/556/310 524/569/310 523/568/310 511/555/310
f 513/557/311 525/570/311 524/569/311 512/556/311
f 514/558/312 526/571/312 525/570/312 513/557/312
f 515/559/313 527/572/313 526/571/313 514/558/313
f 516/548/314 528/561/314 527/572/314 515/559/314
f 517/560/315 529/573/315 540/574/315 528/561/315
f 518/562/316 530/575/316 529/576/316 517/563/316
f 519/564/317 531/577/317 530/575/317 518/562/317
f 520/565/318 532/578/318 531/577/318 519/564/318
f 521/566/319 533/579/319 532/578/319 520/565/319
f 522/567/320 534/580/320 533/579/320 521/566/320
f 523/568/321 535/581/321 534/580/321 522/567/321
f 524/569/322 536/582/322 535/581/322 523/568/322
f 525/570/323 537/583/323 536/582/323 524/569/323
f 526/571/324 538/584/324 537/583/324 525/570/324
f 527/572/325 539/585/325 538/584/325 526/571/325
f 528/561/326 540/574/326 539/585/326 527/572/326
f 529/573/327 541/586/327 552/587/327 540/574/327
f 530/575/328 542/588/328 541/589/328 529/576/328
f 531/577/329 543/590/329 542/588/329 530/575/329
f 532/578/330 544/591/330 543/590/330 531/577/330
f 533/579/331 545/592/331 544/591/331 532/578/331
f 534/580/332 546/593/332 545/592/332 533/579/332
f 535/581/333 547/594/333 546/593/333 534/580/333
f 536/582/334 548/595/334 547/594/334 535/581/334
f 537/583/335 549/596/335 548/595/335 536/582/335
f 538/584/336 550/597/336 549/596/336 537/583/336
f 539/585/337 551/598/337 550/597/337 538/584/337
f 540/574/338 552/587/338 551/598/338 539/585/338
f 541/586/339 553/599/339 564/600/339 552/587/339
f 542/588/340 554/601/340 553/602/340 541/589/340
f 543/590/341 555/603/341 554/601/341 542/588/341
f 544/591/342 556/604/342 555/603/342 543/590/342
f 545/592/343 557/605/343 556/604/343 544/591/343
f 546/593/344 558/606/344 557/605/344 545/592/344
f 547/594/345 559/607/345 558/606/345 546/593/345
f 548/595/346 560/608/346 559/607/346 547/594/346
f 549/596/347 561/609/347 560/608/347 548/595/347
f 550/597/348 562/610/348 561/609/348 549/596/348
f 551/598/349 563/611/349 562/610/349 550/597/349
f 552/587/350 564/600/350 563/611/350 551/598/350
f 553/599/351 565/612/351 576/613/351 564/600/351
f 554/601/352 566/614/352 565/615/352 553/602/352
f 555/603/353 567/616/353 566/614/353 554/601/353
f 556/604/354 568/617/354 567/616/354 555/603/354
f 557/605/355 569/618/355 568/617/355 556/604/355
f 558/606/356 570/619/356 569/618/356 557/605/356
f 559/607/357 571/620/357 570/619/357 558/606/357
f 560/608/358 572/621/358 571/620/358 559/607/358
f 561/609/359 573/622/359 572/621/359 560/608/359
f 562/610/360 574/623/360 573/622/360 561/609/360
f 563/611/361 575/624/361 574/623/361 562/610/361
f 564/600/362 576/613/362 575/624/362 563/611/362
f 565/612/363 577/625/363 588/626/363 576/613/363
f 566/614/364 578/627/364 577/628/364 565/615/364
f 567/616/365 579/629/365 578/627/365 566/614/365
f 568/617/366 580/630/366 579/629/366 567/616/366
f 569/618/367 581/631/367 580/630/367 568/617/367
f 570/619/368 582/632/368 581/631/368 569/618/368
f 571/620/369 583/633/369 582/632/369 570/619/369
f 572/621/370 584/634/370 583/633/370 571/620/370
f 573/622/371 585/635/371 584/634/371 572/621/371
f 574/623/372 586/636/372 585/635/372 573/622/372
f 575/624/373 587/637/373 586/636/373 574/623/373
f 576/613/374 588/626/374 587/637/374 575/624/374
f 589/638/375 601/639/375 612/640/375 600/641/375
f 590/642/376 602/643/376 601/644/376 589/645/376
f 591/646/377 603/647/377 602/643/377 590/642/377
f 592/648/378 604/649/378 603/647/378 591/646/378
f 593/650/379 605/651/379 604/649/379 592/648/379
f 594/652/380 606/653/380 605/651/380 593/650/380
f 595/654/381 607/655/381 606/653/381 594/652/381
f 596/656/382 608/657/382 607/655/382 595/654/382
f 597/658/383 609/659/383 608/657/383 596/656/383
f 598/660/384 610/661/384 609/659/384 597/658/384
f 599/662/385 611/663/385 610/661/385 598/660/385
f 600/641/386 612/640/386 611/663/386 599/662/386
f 601/639/387 613/664/387 624/665/387 612/640/387
f 602/643/388 614/666/388 613/667/388 601/644/388
f 603/647/389 615/668/389 614/666/389 602/643/389
f 604/649/390 616/669/390 615/668/390 603/647/390
f 605/651/391 617/670/391 616/669/391 604/649/391
f 606/653/392 618/671/392 617/670/392 605/651/392
f 607/655/393 619/672/393 618/671/393 606/653/393
f 608/657/394 620/673/394 619/672/394 607/655/394
f 609/659/395 621/674/395 620/673/395 608/657/395
f 610/661/396 622/675/396 621/674/396 609/659/396
f 611/663/397 623/676/397 622/675/397 610/661/397
f 612/640/398 624/665/398 623/676/398 611/663/398
f 613/664/399 625/677/399 636/678/399 624/665/399
f 614/666/400 626/679/400 625/680/400 613/667/400
f 615/668/401 627/681/401 626/679/401 614/666/401
f 616/669/402 628/682/402 627/681/402 615/668/402
f 617/670/403 629/683/403 628/682/403 616/669/403
f 618/671/404 630/684/404 629/683/404 617/670/404
f 619/672/405 631/685/405 630/684/405 618/671/405
f 620/673/406 632/686/406 631/685/406 619/672/406
f 621/674/407 633/687/407 632/686/407 620/673/407
f 622/675/408 634/688/408 633/687/408 621/674/408
f 623/676/409 635/689/409 634/688/409 622/675/409
f 624/665/410 636/678/410 635/689/410 623/676/410
f 625/677/411 637/690/411 648/691/411 636/678/411
f 626/679/412 638/692/412 637/693/412 625/680/412
f 627/681/413 639/694/413 638/692/413 626/679/413
f 628/682/414 640/695/414 639/694/414 627/681/414
f 629/683/415 641/696/415 640/695/415 628/682/415
f 630/684/416 642/697/416 641/696/416 629/683/416
f 631/685/417 643/698/417 642/697/417 630/684/417
f 632/686/418 644/699/418 643/698/418 631/685/418
f 633/687/419 645/700/419 644/699/419 632/686/419
f 634/688/420 646/701/420 645/700/420 633/687/420
f 635/689/421 647/702/421 646/701/421 634/688/421
f 636/678/422 648/691/422 647/702/422 635/689/422
f 637/690/423 649/703/423 660/704/423 648/691/423
f 638/692/424 650/705/424 649/706/424 637/693/424
f 639/694/425 651/707/425 650/705/425 638/692/425
f 640/695/426 652/708/426 651/707/426 639/694/426
f 641/696/427 653/709/427 652/708/427 640/695/427
f 642/697/428 654/710/428 653/709/428 641/696/428
f 643/698/429 655/711/429 654/710/429 642/697/429
f 644/699/430 656/712/430 655/711/430 643/698/430
f 645/700/431 657/713/431 656/712/431 644/699/431
f 646/701/432 658/714/432 657/713/432 645/700/432
f 647/702/433 659/715/433 658/714/433 646/701/433
f 648/691/434 660/704/434 659/715/434 647/702/434
f 649/703/435 661/716/435 672/717/435 660/704/435
f 650/705/436 662/718/436 661/719/436 649/706/436
f 651/707/437 663/720/437 662/718/437 650/705/437
f 652/708/438 664/721/438 663/720/438 651/707/438
f 653/709/439 665/722/439 664/721/439 652/708/439
f 654/710/440 666/723/440 665/722/440 653/709/440
f 655/711/441 667/724/441 666/723/441 654/710/441
f 656/712/442 668/725/442 667/724/442 655/711/442
f 657/713/443 669/726/443 668/725/443 656/712/443
f 658/714/444 670/727/444 669/726/444 657/713/444
f 659/715/445 671/728/445 670/727/445 658/714/445
f 660/704/446 672/717/446 671/728/446 659/715/446
f 661/716/447 673/729/447 684/730/447 672/717/447
f 662/718/448 674/731/448 673/732/448 661/719/448
f 663/720/449 675/733/449 674/731/449 662/718/449
f 664/721/450 676/734/450 675/733/450 663/720/450
f 665/722/451 677/735/451 676/734/451 664/721/451
f 666/723/452 678/736/452 677/735/452 665/722/452
f 667/724/453 679/737/453 678/736/453 666/723/453
f 668/725/454 680/738/454 679/737/454 667/724/454
f 669/726/455 681/739/455 680/738/455 668/725/455
f 670/727/456 682/740/456 681/739/456 669/726/456
f 671/728/457 683/741/457 682/740/457 670/727/457
f 672/717/458 684/730/458 683/741/458 671/728/458
f 673/729/459 685/742/459 696/743/459 684/730/459
f 674/731/460 686/744/460 685/745/460 673/732/460
f 675/733/461 687/746/461 686/744/461 674/731/461
f 676/734/462 688/747/462 687/746/462 675/733/462
f 677/735/463 689/748/463 688/747/463 676/734/463
f 678/736/464 690/749/464 689/748/464 677/735/464
f 679/737/465 691/750/465 690/749/465 678/736/465
f 680/738/466 692/751/466 691/750/466 679/737/466
f 681/739/467 693/752/467 692/751/467 680/738/467
f 682/740/468 694/753/468 693/752/468 681/739/468
f 683/741/469 695/754/469 694/753/469 682/740/469
f 684/730/470 696/743/470 695/754/470 683/741/470
f 685/742/471 697/755/471 708/756/471 696/743/471
f 686/744/472 698/757/472 697/758/472 685/745/472
f 687/746/473 699/759/473 698/757/473 686/744/473
f 688/747/474 700/760/474 699/759/474 687/746/474
f 689/748/475 701/761/475 700/760/475 688/747/475
f 690/749/476 702/762/476 701/761/476 689/748/476
f 691/750/477 703/763/477 702/762/477 690/749/477
f 692/751/478 704/764/478 703/763/478 691/750/478
f 693/752/479 705/765/479 704/764/479 692/751/479
f 694/753/480 706/766/480 705/765/480 693/752/480
f 695/754/481 707/767/481 706/766/481 694/753/481
f 696/743/482 708/756/482 707/767/482 695/754/482
f 697/755/483 709/768/483 720/769/483 708/756/483
f 698/757/484 710/770/484 709/771/484 697/758/484
f 699/759/485 711/772/485 710/770/485 698/757/485
f 700/760/486 712/773/486 711/772/486 699/759/486
f 701/761/487 713/774/487 712/773/487 700/760/487
f 702/762/488 714/775/488 713/774/488 701/761/488
f 703/763/489 715/776/489 714/775/489 702/762/489
f 704/764/490 716/777/490 715/776/490 703/763/490
f 705/765/491 717/778/491 716/777/491 704/764/491
f 706/766/492 718/779/492 717/778/492 705/765/492
f 707/767/493 719/780/493 718/779/493 706/766/493
f 708/756/494 720/769/494 719/780/494 707/767/494
f 709/768/495 721/781/495 732/782/495 720/769/495
f 710/770/496 722/783/496 721/784/496 709/771/496
f 711/772/497 723/785/497 722/783/497 710/770/497
f 712/773/498 724/786/498 723/785/498 711/772/498
f 713/774/499 725/787/499 724/786/499 712/773/499
f 714/775/500 726/788/500 725/787/500 713/774/500
f 715/776/501 727/789/501 726/788/501 714/775/501
f 716/777/502 728/790/502 727/789/502 715/776/502
f 717/778/503 729/791/503 728/790/503 716/777/503
f 718/779/504 730/792/504 729/791/504 717/778/504
f 719/780/505 731/793/505 730/792/505 718/779/505
f 720/769/506 732/782/506 731/793/506 719/780/506
f 721/781/507 733/794/507 744/795/507 732/782/507
f 722/783/508 734/796/508 733/797/508 721/784/508
f 723/785/509 735/798/509 734/796/509 722/783/509
f 724/786/510 736/799/510 735/798/510 723/785/510
f 725/787/511 737/800/511 736/799/511 724/786/511
f 726/788/512 738/801/512 737/800/512 725/787/512
f 727/789/513 739/802/513 738/801/513 726/788/513
f 728/790/514 740/803/514 739/802/514 727/789/514
f 729/791/515 741/804/515 740/803/515 728/790/515
f 730/792/516 742/805/516 741/804/516 729/791/516
f 731/793/517 743/806/517 742/805/517 730/792/517
f 732/782/518 744/795/518 743/806/518 731/793/518
f 745/807/519 757/808/519 768/809/519 756/810/519
f 746/811/520 758/812/520 757/813/520 745/814/520
f 747/815/521 759/816/521 758/812/521 746/811/521
f 748/817/522 760/818/522 759/816/522 747/815/522
f 749/819/523 761/820/523 760/818/523 748/817/523
f 750/821/524 762/822/524 761/820/524 749/819/524
f 751/823/525 763/824/525 762/822/525 750/821/525
f 752/825/526 764/826/526 763/824/526 751/823/526
f 753/827/527 765/828/527 764/826/527 752/825/527
f 754/829/528 766/830/528 765/828/528 753/827/528
f 755/831/529 767/832/529 766/830/529 754/829/529
f 756/810/530 768/809/530 767/832/530 755/831/530
f 757/808/531 769/833/531 780/834/531 768/809/531
f 758/812/532 770/835/532 769/836/532 757/813/532
f 759/816/533 771/837/533 770/835/533 758/812/533
f 760/818/534 772/838/534 771/837/534 759/816/534
f 761/820/535 773/839/535 772/838/535 760/818/535
f 762/822/536 774/840/536 773/839/536 761/820/536
f 763/824/537 775/841/537 774/840/537 762/822/537
f 764/826/538 776/842/538 775/841/538 763/824/538
f 765/828/539 777/843/539 776/842/539 764/826/539
f 766/830/540 778/844/540 777/843/540 765/828/540
f 767/832/541 779/845/541 778/844/541 766/830/541
f 768/809/542 780/834/542 779/845/542 767/832/542
f 769/833/543 781/846/543 792/847/543 780/834/543
f 770/835/544 782/848/544 781/849/544 769/836/544
f 771/837/545 783/850/545 782/848/545 770/835/545
f 772/838/546 784/851/546 783/850/546 771/837/546
f 773/839/547 785/852/547 784/851/547 772/838/547
f 774/840/548 786/853/548 785/852/548 773/839/548
f 775/841/549 787/854/549 786/853/549 774/840/549
f 776/842/550 788/855/550 787/854/550 775/841/550
f 777/843/551 789/856/551 788/855/551 776/842/551
f 778/844/552 790/857/552 789/856/552 777/843/552
f 779/845/553 791/858/553 790/857/553 778/844/553
f 780/834/554 792/847/554 791/858/554 779/845/554
f 781/846/555 793/859/555 804/860/555 792/847/555
f 782/848/556 794/861/556 793/862/556 781/849/556
f 783/850/557 795/863/557 794/861/557 782/848/557
f 784/851/558 796/864/558 795/863/558 783/850/558
f 785/852/559 797/865/559 796/864/559 784/851/559
f 786/853/560 798/866/560 797/865/560 785/852/560
f 787/854/561 799/867/561 798/866/561 786/853/561
f 788/855/562 800/868/562 799/867/562 787/854/562
f 789/856/563 801/869/563 800/868/563 788/855/563
f 790/857/564 802/870/564 801/869/564 789/856/564
f 791/858/565 803/871/565 802/870/565 790/857/565
f 792/847/566 804/860/566 803/871/566 791/858/566
f 793/859/567 805/872/567 816/873/567 804/860/567
f 794/861/568 806/874/568 805/875/568 793/862/568
f 795/863/569 807/876/569 806/874/569 794/861/569
f 796/864/570 808/877/570 807/876/570 795/863/570
f 797/865/571 809/878/571 808/877/571 796/864/571
f 798/866/572 810/879/572 809/878/572 797/865/572
f 799/867/573 811/880/573 810/879/573 798/866/573
f 800/868/574 812/881/574 811/880/574 799/867/574
f 801/869/575 813/882/575 812/881/575 800/868/575
f 802/870/576 814/883/576 813/882/576 801/869/576
f 803/871/577 815/884/577 814/883/577 802/870/577
f 804/860/578 816/873/578 815/884/578 803/871/578
f 805/872/579 817/885/579 828/886/579 816/873/579
f 806/874/580 818/887/580 817/888/580 805/875/580
f 807/876/581 819/889/581 818/887/581 806/874/581
f 808/877/582 820/890/582 819/889/582 807/876/582
f 809/878/583 821/891/583 820/890/583 808/877/583
f 810/879/584 822/892/584 821/891/584 809/878/584
f 811/880/585 823/893/585 822/892/585 810/879/585
f 812/881/586 824/894/586 823/893/586 811/880/586
f 813/882/587 825/895/587 824/894/587 812/881/587
f 814/883/588 826/896/588 825/895/588 813/882/588
f 815/884/589 827/897/589 826/896/589 814/883/589
f 816/873/590 828/886/590 827/897/590 815/884/590
f 817/885/591 829/898/591 840/899/591 828/886/591
f 818/887/592 830/900/592 829/901/592 817/888/592
f 819/889/593 831/902/593 830/900/593 818/887/593
f 820/890/594 832/903/594 831/902/594 819/889/594
f 821/891/595 833/904/595 832/903/595 820/890/595
f 822/892/596 834/905/596 833/904/596 821/891/596
f 823/893/597 835/906/597 834/905/597 822/892/597
f 824/894/598 836/907/598 835/906/598 823/893/598
f 825/895/599 837/908/599 836/907/599 824/894/599
f 826/896/600 838/909/600 837/908/600 825/895/600
f 827/897/601 839/910/601 838/909/601 826/896/601
f 828/886/602 840/899/602 839/910/602 827/897/602
f 829/898/603 841/911/603 852/912/603 840/899/603
f 830/900/604 842/913/604 841/914/604 829/901/604
f 831/902/605 843/915/605 842/913/605 830/900/605
f 832/903/606 844/916/606 843/915/606 831/902/606
f 833/904/607 845/917/607 844/916/607 832/903/607
f 834/905/608 846/918/608 845/917/608 833/904/608
f 835/906/609 847/919/609 846/918/609 834/905/609
f 836/907/610 848/920/610 847/919/610 835/906/610
f 837/908/611 849/921/611 848/920/611 836/907/611
f 838/909/612 850/922/612 849/921/612 837/908/612
f 839/910/613 851/923/613 850/922/613 838/909/613
f 840/899/614 852/912/614 851/923/614 839/910/614
f 841/911/615 853/924/615 864/925/615 852/912/615
f 842/913/616 854/926/616 853/927/616 841/914/616
f 843/915/617 855/928/617 854/926/617 842/913/617
f 844/916/618 856/929/618 855/928/618 843/915/618
f 845/917/619 857/930/619 856/929/619 844/916/619
f 846/918/620 858/931/620 857/930/620 845/917/620
f 847/919/621 859/932/621 858/931/621 846/918/621
f 848/920/622 860/933/622 859/932/622 847/919/622
f 849/921/623 861/934/623 860/933/623 848/920/623
f 850/922/624 862/935/624 861/934/624 849/921/624
f 851/923/625 863/936/625 862/935/625 850/922/625
f 852/912/626 864/925/626 863/936/626 851/923/626
f 853/924/627 865/937/627 876/938/627 864/925/627
f 854/926/628 866/939/628 865/940/628 853/927/628
f 855/928/629 867/941/629 866/939/629 854/926/629
f 856/929/630 868/942/630 867/941/630 855/928/630
f 857/930/631 869/943/631 868/942/631 856/929/631
f 858/931/632 870/944/632 869/943/632 857/930/632
f 859/932/633 871/945/633 870/944/633 858/931/633
f 860/933/634 872/946/634 871/945/634 859/932/634
f 861/934/635 873/947/635 872/946/635 860/933/635
f 862/935/636 874/948/636 873/947/636 861/934/636
f 863/936/637 875/949/637 874/948/637 862/935/637
f 864/925/638 876/938/638 875/949/638 863/936/638
f 865/937/639 877/950/639 888/951/639 876/938/639
f 866/939/640 878/952/640 877/953/640 865/940/640
f 867/941/641 879/954/641 878/952/641 866/939/641
f 868/942/642 880/955/642 879/954/642 867/941/642
f 869/943/643 881/956/643 880/955/643 868/942/643
f 870/944/644 882/957/644 881/956/644 869/943/644
f 871/945/645 883/958/645 882/957/645 870/944/645
f 872/946/646 884/959/646 883/958/646 871/945/646
f 873/947/647 885/960/647 884/959/647 872/946/647
f 874/948/648 886/961/648 885/960/648 873/947/648
f 875/949/649 887/962/649 886/961/649 874/948/649
f 876/938/650 888/951/650 887/962/650 875/949/650
f 877/950/651 889/963/651 900/964/651 888/951/651
f 878/952/652 890/965/652 889/966/652 877/953/652
f 879/954/653 891/967/653 890/965/653 878/952/653
f 880/955/654 892/968/654 891/967/654 879/954/654
f 881/956/655 893/969/655 892/968/655 880/955/655
f 882/957/656 894/970/656 893/969/656 881/956/656
f 883/958/657 895/971/657 894/970/657 882/957/657
f 884/959/658 896/972/658 895/971/658 883/958/658
f 885/960/659 897/973/659 896/972/659 884/959/659
f 886/961/660 898/974/660 897/973/660 885/960/660
f 887/962/661 899/975/661 898/974/661 886/961/661
f 888/951/662 900/964/662 899/975/662 887/962/662
f 901/976/663 913/977/663 924/978/663 912/979/663
f 902/980/664 914/981/664 913/982/664 901/983/664
f 903/984/665 915/985/665 914/981/665 902/980/665
f 904/986/666 916/987/666 915/985/666 903/984/666
f 905/988/667 917/989/667 916/987/667 904/986/667
f 906/990/668 918/991/668 917/989/668 905/988/668
f 907/992/669 919/993/669 918/991/669 906/990/669
f 908/994/670 920/995/670 919/993/670 907/992/670
f 909/996/671 921/997/671 920/995/671 908/994/671
f 910/998/672 922/999/672 921/997/672 909/996/672
f 911/1000/673 923/1001/673 922/999/673 910/998/673
f 912/979/674 924/978/674 923/1001/674 911/1000/674
f 913/977/675 925/1002/675 936/1003/675 924/978/675
f 914/981/676 926/1004/676 925/1005/676 913/982/676
f 915/985/390 927/1006/390 926/1004/390 914/981/390
f 916/987/389 928/1007/389 927/1006/389 915/985/389
f 917/989/677 929/1008/677 928/1007/677 916/987/677
f 918/991/678 930/1009/678 929/1008/678 917/989/678
f 919/993/679 931/1010/679 930/1009/679 918/991/679
f 920/995/680 932/1011/680 931/1010/680 919/993/680
f 921/997/396 933/1012/396 932/1011/396 920/995/396
f 922/999/395 934/1013/395 933/1012/395 921/997/395
f 923/1001/681 935/1014/681 934/1013/681 922/999/681
f 924/978/682 936/1003/682 935/1014/682 923/1001/682
f 925/1002/683 937/1015/683 948/1016/683 936/1003/683
f 926/1004/684 938/1017/684 937/1018/684 925/1005/684
f 927/1006/402 939/1019/402 938/1017/402 926/1004/402
f 928/1007/401 940/1020/401 939/1019/401 927/1006/401
f 929/1008/685 941/1021/685 940/1020/685 928/1007/685
f 930/1009/686 942/1022/686 941/1021/686 929/1008/686
f 931/1010/687 943/1023/687 942/1022/687 930/1009/687
f 932/1011/688 944/1024/688 943/1023/688 931/1010/688
f 933/1012/408 945/1025/408 944/1024/408 932/1011/408
f 934/1013/407 946/1026/407 945/1025/407 933/1012/407
f 935/1014/689 947/1027/689 946/1026/689 934/1013/689
f 936/1003/690 948/1016/690 947/1027/690 935/1014/690
f 937/1015/691 949/1028/691 960/1029/691 948/1016/691
f 938/1017/692 950/1030/692 949/1031/692 937/1018/692
f 939/1019/414 951/1032/414 950/1030/414 938/1017/414
f 940/1020/413 952/1033/413 951/1032/413 939/1019/413
f 941/1021/693 953/1034/693 952/1033/693 940/1020/693
f 942/1022/694 954/1035/694 953/1034/694 941/1021/694
f 943/1023/695 955/1036/695 954/1035/695 942/1022/695
f 944/1024/696 956/1037/696 955/1036/696 943/1023/696
f 945/1025/420 957/1038/420 956/1037/420 944/1024/420
f 946/1026/419 958/1039/419 957/1038/419 945/1025/419
f 947/1027/697 959/1040/697 958/1039/697 946/1026/697
f 948/1016/698 960/1029/698 959/1040/698 947/1027/698
f 949/1028/699 961/1041/699 972/1042/699 960/1029/699
f 950/1030/700 962/1043/700 961/1044/700 949/1031/700
f 951/1032/701 963/1045/701 962/1043/701 950/1030/701
f 952/1033/702 964/1046/702 963/1045/702 951/1032/702
f 953/1034/703 965/1047/703 964/1046/703 952/1033/703
f 954/1035/704 966/1048/704 965/1047/704 953/1034/704
f 955/1036/705 967/1049/705 966/1048/705 954/1035/705
f 956/1037/706 968/1050/706 967/1049/706 955/1036/706
f 957/1038/707 969/1051/707 968/1050/707 956/1037/707
f 958/1039/708 970/1052/708 969/1051/708 957/1038/708
f 959/1040/709 971/1053/709 970/1052/709 958/1039/709
f 960/1029/710 972/1042/710 971/1053/710 959/1040/710
f 961/1041/711 973/1054/711 984/1055/711 972/1042/711
f 962/1043/439 974/1056/439 973/1057/439 961/1044/439
f 963/1045/438 975/1058/438 974/1056/438 962/1043/438
f 964/1046/712 976/1059/712 975/1058/712 963/1045/712
f 965/1047/436 977/1060/436 976/1059/436 964/1046/436
f 966/1048/713 978/1061/713 977/1060/713 965/1047/713
f 967/1049/714 979/1062/714 978/1061/714 966/1048/714
f 968/1050/445 980/1063/445 979/1062/445 967/1049/445
f 969/1051/715 981/1064/715 980/1063/715 968/1050/715
f 970/1052/716 982/1065/716 981/1064/716 969/1051/716
f 971/1053/442 983/1066/442 982/1065/442 970/1052/442
f 972/1042/717 984/1055/717 983/1066/717 971/1053/717
f 973/1054/718 985/1067/718 996/1068/718 984/1055/718
f 974/1056/451 986/1069/451 985/1070/451 973/1057/451
f 975/1058/450 987/1071/450 986/1069/450 974/1056/450
f 976/1059/449 988/1072/449 987/1071/449 975/1058/449
f 977/1060/448 989/1073/448 988/1072/448 976/1059/448
f 978/1061/719 990/1074/719 989/1073/719 977/1060/719
f 979/1062/720 991/1075/720 990/1074/720 978/1061/720
f 980/1063/457 992/1076/457 991/1075/457 979/1062/457
f 981/1064/721 993/1077/721 992/1076/721 980/1063/721
f 982/1065/722 994/1078/722 993/1077/722 981/1064/722
f 983/1066/454 995/1079/454 994/1078/454 982/1065/454
f 984/1055/723 996/1068/723 995/1079/723 983/1066/723
f 985/1067/724 997/1080/724 1008/1081/724 996/1068/724
f 986/1069/725 998/1082/725 997/1083/725 985/1070/725
f 987/1071/726 999/1084/726 998/1082/726 986/1069/726
f 988/1072/727 1000/1085/727 999/1084/727 987/1071/727
f 989/1073/728 1001/1086/728 1000/1085/728 988/1072/728
f 990/1074/729 1002/1087/729 1001/1086/729 989/1073/729
f 991/1075/730 1003/1088/730 1002/1087/730 990/1074/730
f 992/1076/731 1004/1089/731 1003/1088/731 991/1075/731
f 993/1077/732 1005/1090/732 1004/1089/732 992/1076/732
f 994/1078/733 1006/1091/733 1005/1090/733 993/1077/733
f 995/1079/734 1007/1092/734 1006/1091/734 994/1078/734
f 996/1068/735 1008/1081/735 1007/1092/735 995/1079/735
f 997/1080/736 1009/1093/736 1020/1094/736 1008/1081/736
f 998/1082/737 1010/1095/737 1009/1096/737 997/1083/737
f 999/1084/474 1011/1097/474 1010/1095/474 998/1082/474
f 1000/1085/473 1012/1098/473 1011/1097/473 999/1084/473
f 1001/1086/738 1013/1099/738 1012/1098/738 1000/1085/738
f 1002/1087/739 1014/1100/739 1013/1099/739 1001/1086/739
f 1003/1088/740 1015/1101/740 1014/1100/740 1002/1087/740
f 1004/1089/741 1016/1102/741 1015/1101/741 1003/1088/741
f 1005/1090/480 1017/1103/480 1016/1102/480 1004/1089/480
f 1006/1091/479 1018/1104/479 1017/1103/479 1005/1090/479
f 1007/1092/742 1019/1105/742 1018/1104/742 1006/1091/742
f 1008/1081/743 1020/1094/743 1019/1105/743 1007/1092/743
f 1009/1093/744 1021/1106/744 1032/1107/744 1020/1094/744
f 1010/1095/745 1022/1108/745 1021/1109/745 1009/1096/745
f 1011/1097/486 1023/1110/486 1022/1108/486 1010/1095/486
f 1012/1098/485 1024/1111/485 1023/1110/485 1011/1097/485
f 1013/1099/746 1025/1112/746 1024/1111/746 1012/1098/746
f 1014/1100/747 1026/1113/747 1025/1112/747 1013/1099/747
f 1015/1101/748 1027/1114/748 1026/1113/748 1014/1100/748
f 1016/1102/749 1028/1115/749 1027/1114/749 1015/1101/749
f 1017/1103/492 1029/1116/492 1028/1115/492 1016/1102/492
f 1018/1104/491 1030/1117/491 1029/1116/491 1017/1103/491
f 1019/1105/750 1031/1118/750 1030/1117/750 1018/1104/750
f 1020/1094/751 1032/1107/751 1031/1118/751 1019/1105/751
f 1021/1106/752 1033/1119/752 1044/1120/752 1032/1107/752
f 1022/1108/753 1034/1121/753 1033/1122/753 1021/1109/753
f 1023/1110/498 1035/1123/498 1034/1121/498 1022/1108/498
f 1024/1111/497 1036/1124/497 1035/1123/497 1023/1110/497
f 1025/1112/754 1037/1125/754 1036/1124/754 1024/1111/754
f 1026/1113/755 1038/1126/755 1037/1125/755 1025/1112/755
f 1027/1114/756 1039/1127/756 1038/1126/756 1026/1113/756
f 1028/1115/757 1040/1128/757 1039/1127/757 1027/1114/757
f 1029/1116/504 1041/1129/504 1040/1128/504 1028/1115/504
f 1030/1117/503 1042/1130/503 1041/1129/503 1029/1116/503
f 1031/1118/758 1043/1131/758 1042/1130/758 1030/1117/758
f 1032/1107/759 1044/1120/759 1043/1131/759 1031/1118/759
f 1033/1119/760 1045/1132/760 1056/1133/760 1044/1120/760
f 1034/1121/761 1046/1134/761 1045/1135/761 1033/1122/761
f 1035/1123/762 1047/1136/762 1046/1134/762 1034/1121/762
f 1036/1124/763 1048/1137/763 1047/1136/763 1035/1123/763
f 1037/1125/764 1049/1138/764 1048/1137/764 1036/1124/764
f 1038/1126/765 1050/1139/765 1049/1138/765 1037/1125/765
f 1039/1127/766 1051/1140/766 1050/1139/766 1038/1126/766
f 1040/1128/767 1052/1141/767 1051/1140/767 1039/1127/767
f 1041/1129/768 1053/1142/768 1052/1141/768 1040/1128/768
f 1042/1130/769 1054/1143/769 1053/1142/769 1041/1129/769
f 1043/1131/770 1055/1144/770 1054/1143/770 1042/1130/770
f 1044/1120/771 1056/1133/771 1055/1144/771 1043/1131/771
f 240/249/772 229/251/772 230/250/772 231/252/772 232/253/772 233/254/772 234/255/772 235/256/772 236/257/772 237/258/772 238/259/772 239/260/772
f 300/316/772 299/337/772 298/335/772 297/333/772 296/331/772 295/329/772 294/327/772 293/325/772 292/323/772 291/321/772 290/317/772 289/320/772
o _3-3__curve_.001__3-3__curve_.002
v 217.268829 170.000000 184.177063
v 213.615997 173.660248 183.944244
v 208.626114 175.000000 183.626190
v 203.636246 173.660263 183.308136
v 199.983398 170.000000 183.075317
v 198.646362 165.000015 182.990097
v 199.983398 160.000000 183.075317
v 203.636230 156.339752 183.308136
v 208.626099 155.000000 183.626190
v 213.615982 156.339737 183.944244
v 217.268829 159.999985 184.177063
v 218.605865 164.999985 184.262283
v 217.053314 170.000000 187.281006
v 213.422775 173.660248 186.815598
v 208.463348 175.000000 186.179825
v 203.503937 173.660263 185.544052
v 199.873398 170.000000 185.078644
v 198.544525 165.000015 184.908279
v 199.873383 160.000015 185.078644
v 203.503922 156.339752 185.544052
v 208.463333 155.000000 186.179825
v 213.422760 156.339737 186.815598
v 217.053299 159.999985 187.281006
v 218.382172 164.999985 187.451370
v 216.353607 170.000000 190.891190
v 212.812485 173.660248 189.964966
v 207.975204 175.000000 188.699722
v 203.137939 173.660263 187.434479
v 199.596817 170.000000 186.508255
v 198.300674 165.000015 186.169235
v 199.596802 160.000000 186.508255
v 203.137924 156.339752 187.434479
v 207.975189 155.000000 188.699722
v 212.812469 156.339737 189.964966
v 216.353592 159.999985 190.891190
v 217.649734 164.999985 191.230209
v 215.185638 170.000000 194.410294
v 211.794296 173.660248 193.033264
v 207.161621 175.000000 191.152206
v 202.528961 173.660263 189.271149
v 199.137604 170.000000 187.894119
v 197.896286 165.000015 187.390091
v 199.137589 160.000000 187.894119
v 202.528946 156.339752 189.271149
v 207.161606 155.000000 191.152206
v 211.794281 156.339737 193.033264
v 215.185638 159.999985 194.410294
v 216.426956 164.999985 194.914322
v 213.548981 170.000000 197.787704
v 210.367966 173.660248 195.977036
v 206.022598 175.000000 193.503601
v 201.677246 173.660263 191.030167
v 198.496216 170.000000 189.219498
v 197.331879 165.000015 188.556747
v 198.496216 160.000000 189.219498
v 201.677231 156.339752 191.030167
v 206.022583 155.000000 193.503601
v 210.367950 156.339737 195.977020
v 213.548981 159.999985 197.787704
v 214.713318 164.999985 198.450455
v 211.446945 170.000000 200.968430
v 208.535385 173.660248 198.750259
v 204.558121 175.000000 195.720184
v 200.580856 173.660263 192.690109
v 197.669296 170.000000 190.471939
v 196.603592 165.000015 189.660019
v 197.669296 160.000000 190.471924
v 200.580856 156.339752 192.690094
v 204.558105 155.000000 195.720184
v 208.535370 156.339737 198.750259
v 211.446945 159.999985 200.968430
v 212.512650 164.999985 201.780350
v 208.891876 170.000000 203.892059
v 206.303711 173.660248 201.303848
v 202.768204 175.000000 197.768280
v 199.232697 173.660263 194.232727
v 196.644531 170.000000 191.644516
v 195.697189 165.000015 190.697159
v 196.644516 160.000000 191.644501
v 199.232697 156.339752 194.232712
v 202.768204 155.000000 197.768280
v 206.303711 156.339737 201.303833
v 208.891876 159.999985 203.892044
v 209.839218 164.999985 204.839401
v 205.968246 170.000000 206.447052
v 203.750107 173.660248 203.535477
v 200.720078 175.000000 199.558167
v 197.690048 173.660263 195.580872
v 195.471924 170.000000 192.669281
v 194.660019 165.000015 191.603561
v 195.471909 160.000015 192.669266
v 197.690048 156.339752 195.580856
v 200.720078 155.000000 199.558151
v 203.750107 156.339737 203.535461
v 205.968231 159.999985 206.447052
v 206.780136 164.999985 207.512772
v 202.787521 170.000000 208.549042
v 200.976868 173.660248 205.368011
v 198.503464 175.000000 201.022629
v 196.030060 173.660263 196.677261
v 194.219406 170.000000 193.496216
v 193.556656 165.000015 192.331879
v 194.219406 160.000000 193.496216
v 196.030060 156.339752 196.677246
v 198.503464 155.000000 201.022614
v 200.976868 156.339737 205.367996
v 202.787521 159.999985 208.549042
v 203.450272 164.999985 209.713379
v 199.410141 170.000000 210.185669
v 198.033112 173.660248 206.794327
v 196.152054 175.000000 202.161652
v 194.270996 173.660248 197.528992
v 192.893967 170.000000 194.137634
v 192.389938 165.000015 192.896317
v 192.893967 160.000000 194.137634
v 194.270996 156.339752 197.528976
v 196.152054 155.000000 202.161636
v 198.033112 156.339737 206.794312
v 199.410141 159.999985 210.185669
v 199.914169 164.999985 211.426987
v 195.891068 170.000000 211.353638
v 194.964828 173.660248 207.812515
v 193.699554 175.000000 202.975250
v 192.434280 173.660263 198.138000
v 191.508041 170.000000 194.596878
v 191.169022 165.000015 193.300720
v 191.508041 160.000000 194.596863
v 192.434280 156.339752 198.137985
v 193.699554 155.000000 202.975235
v 194.964813 156.339737 207.812500
v 195.891068 159.999985 211.353622
v 196.230087 164.999985 212.649780
v 192.280899 170.000000 212.053360
v 191.815460 173.660248 208.422821
v 191.179657 175.000000 203.463409
v 190.543854 173.660263 198.503998
v 190.078415 170.000000 194.873459
v 189.908051 165.000015 193.544586
v 190.078415 160.000000 194.873459
v 190.543854 156.339752 198.503983
v 191.179657 155.000000 203.463394
v 191.815460 156.339737 208.422806
v 192.280899 159.999985 212.053360
v 192.451263 164.999985 213.382233
v 188.626144 170.000000 212.286453
v 188.626129 173.660248 208.626190
v 188.626114 175.000000 203.626190
v 188.626099 173.660263 198.626190
v 188.626083 170.000000 194.965942
v 188.626068 165.000015 193.626190
v 188.626083 160.000000 194.965927
v 188.626099 156.339752 198.626175
v 188.626114 155.000000 203.626175
v 188.626129 156.339737 208.626175
v 188.626144 159.999985 212.286438
v 188.626160 164.999985 213.626190
v 184.971298 170.000000 212.053391
v 185.436707 173.660248 208.422836
v 186.072479 175.000000 203.463425
v 186.708252 173.660263 198.504013
v 187.173660 170.000000 194.873474
v 187.344025 165.000015 193.544601
v 187.173660 160.000000 194.873459
v 186.708252 156.339752 198.503998
v 186.072479 155.000000 203.463409
v 185.436707 156.339737 208.422836
v 184.971298 159.999985 212.053375
v 184.800934 164.999985 213.382248
v 181.361115 170.000000 211.353683
v 182.287338 173.660248 207.812546
v 183.552582 175.000000 202.975281
v 184.817825 173.660263 198.138016
v 185.744049 170.000000 194.596893
v 186.083069 165.000015 193.300751
v 185.744049 160.000000 194.596878
v 184.817825 156.339752 198.138000
v 183.552582 155.000000 202.975266
v 182.287338 156.339737 207.812546
v 181.361115 159.999985 211.353668
v 181.022095 164.999985 212.649811
v 177.842010 170.000000 210.185715
v 179.219040 173.660248 206.794373
v 181.100098 175.000000 202.161697
v 182.981155 173.660263 197.529037
v 184.358185 170.000000 194.137680
v 184.862213 165.000015 192.896362
v 184.358185 160.000000 194.137680
v 182.981155 156.339752 197.529022
v 181.100098 155.000000 202.161682
v 179.219055 156.339737 206.794357
v 177.842026 159.999985 210.185715
v 177.337982 164.999985 211.427032
v 174.464600 170.000000 208.549057
v 176.275269 173.660248 205.368042
v 178.748703 175.000000 201.022675
v 181.222122 173.660263 196.677322
v 183.032806 170.000000 193.496292
v 183.695557 165.000015 192.331955
v 183.032806 160.000000 193.496292
v 181.222137 156.339752 196.677307
v 178.748703 155.000000 201.022659
v 176.275284 156.339737 205.368027
v 174.464600 159.999985 208.549057
v 173.801849 164.999985 209.713394
v 171.283966 170.000000 206.447098
v 173.502090 173.660248 203.535507
v 176.532120 175.000000 199.558197
v 179.562134 173.660263 195.580887
v 181.780273 170.000000 192.669296
v 182.592163 165.000015 191.603577
v 181.780273 160.000000 192.669296
v 179.562149 156.339752 195.580887
v 176.532120 155.000000 199.558197
v 173.502106 156.339737 203.535492
v 171.283981 159.999985 206.447098
v 170.472076 164.999985 207.512817
v 168.569336 170.000000 204.094254
v 171.069122 173.660248 201.420593
v 174.483902 175.000000 197.768280
v 177.898666 173.660263 194.115982
v 180.398453 170.000000 191.442307
v 181.313446 165.000000 190.463669
v 180.398468 160.000000 191.442291
v 177.898682 156.339752 194.115967
v 174.483902 155.000000 197.768280
v 171.069138 156.339737 201.420578
v 168.569351 160.000000 204.094254
v 167.654358 164.999985 205.072891
v 125.933792 170.000000 161.465576
v 128.521973 173.660248 158.877396
v 132.057510 175.000000 155.341858
v 135.593033 173.660263 151.806320
v 138.181229 170.000000 149.218140
v 139.128571 165.000000 148.270782
v 138.181244 160.000000 149.218124
v 135.593048 156.339752 151.806320
v 132.057526 155.000000 155.341858
v 128.521988 156.339737 158.877380
v 125.933792 159.999985 161.465576
v 124.986450 164.999985 162.412933
v 217.286377 154.995895 -186.576340
v 213.626129 158.653137 -186.724609
v 208.626129 159.991791 -186.778885
v 203.626129 158.653152 -186.724609
v 199.965881 154.995895 -186.576340
v 198.626129 150.000000 -186.373810
v 199.965866 145.004105 -186.171280
v 203.626114 141.346863 -186.023010
v 208.626114 140.008209 -185.968735
v 213.626129 141.346848 -186.023010
v 217.286377 145.004089 -186.171280
v 218.626129 149.999985 -186.373810
v 217.286362 169.995895 183.423660
v 213.626114 173.653137 183.275391
v 208.626114 174.991791 183.221115
v 203.626114 173.653152 183.275391
v 199.965866 169.995895 183.423660
v 198.626114 165.000000 183.626190
v 199.965851 160.004105 183.828720
v 203.626099 156.346863 183.976990
v 208.626099 155.008209 184.031265
v 213.626114 156.346848 183.976990
v 217.286362 160.004089 183.828720
v 218.626114 164.999985 183.626190
v -181.373947 155.000000 194.965912
v -181.373947 158.660248 198.626175
v -181.373947 160.000000 203.626175
v -181.373947 158.660263 208.626175
v -181.373947 155.000000 212.286423
v -181.373947 150.000000 213.626175
v -181.373947 145.000000 212.286438
v -181.373947 141.339752 208.626190
v -181.373947 140.000000 203.626190
v -181.373947 141.339737 198.626175
v -181.373947 144.999985 194.965927
v -181.373947 149.999985 193.626175
v 188.626114 155.000000 194.965927
v 188.626114 158.660248 198.626190
v 188.626114 160.000000 203.626190
v 188.626114 158.660263 208.626190
v 188.626114 155.000000 212.286438
v 188.626114 150.000000 213.626190
v 188.626114 145.000000 212.286453
v 188.626114 141.339752 208.626205
v 188.626114 140.000000 203.626205
v 188.626114 141.339737 198.626190
v 188.626114 144.999985 194.965942
v 188.626114 149.999985 193.626190
v 166.465561 155.000000 120.933853
v 163.877365 158.660248 123.522034
v 160.341827 160.000000 127.057571
v 156.806290 158.660263 130.593094
v 154.218109 155.000015 133.181290
v 153.270752 150.000015 134.128632
v 154.218094 145.000000 133.181305
v 156.806290 141.339752 130.593109
v 160.341827 140.000000 127.057587
v 163.877350 141.339737 123.522049
v 166.465546 144.999985 120.933853
v 167.412903 149.999985 119.986511
v 208.891937 155.000000 163.360260
v 206.303741 158.660248 165.948441
v 202.768204 160.000000 169.483978
v 199.232666 158.660263 173.019501
v 196.644485 155.000015 175.607697
v 195.697128 150.000015 176.555038
v 196.644470 145.000000 175.607712
v 199.232666 141.339752 173.019516
v 202.768204 140.000000 169.483994
v 206.303726 141.339737 165.948456
v 208.891922 144.999985 163.360260
v 209.839279 149.999985 162.412918
v -181.373917 155.000000 -215.034088
v -181.373917 158.660248 -211.373825
v -181.373917 160.000000 -206.373825
v -181.373932 158.660263 -201.373825
v -181.373932 155.000000 -197.713577
v -181.373932 150.000000 -196.373825
v -181.373932 145.000000 -197.713562
v -181.373932 141.339752 -201.373810
v -181.373917 140.000000 -206.373810
v -181.373917 141.339737 -211.373825
v -181.373917 144.999985 -215.034073
v -181.373917 149.999985 -216.373825
v 188.626144 155.000000 -215.034073
v 188.626144 158.660248 -211.373810
v 188.626144 160.000000 -206.373810
v 188.626129 158.660263 -201.373810
v 188.626129 155.000000 -197.713562
v 188.626129 150.000000 -196.373810
v 188.626129 145.000000 -197.713547
v 188.626129 141.339752 -201.373795
v 188.626144 140.000000 -206.373795
v 188.626144 141.339737 -211.373810
v 188.626144 144.999985 -215.034058
v 188.626144 149.999985 -216.373810
v -192.713684 155.000000 -186.373825
v -196.373932 158.660248 -186.373825
v -201.373932 160.000000 -186.373840
v -206.373932 158.660263 -186.373840
v -210.034180 155.000000 -186.373840
v -211.373932 150.000000 -186.373840
v -210.034195 145.000000 -186.373840
v -206.373947 141.339752 -186.373840
v -201.373947 140.000000 -186.373840
v -196.373947 141.339737 -186.373825
v -192.713684 144.999985 -186.373825
v -191.373932 149.999985 -186.373825
v -192.713699 155.000000 183.626175
v -196.373947 158.660248 183.626175
v -201.373947 160.000000 183.626160
v -206.373947 158.660263 183.626160
v -210.034195 155.000000 183.626160
v -211.373947 150.000000 183.626160
v -210.034210 145.000000 183.626160
v -206.373962 141.339752 183.626160
v -201.373962 140.000000 183.626160
v -196.373962 141.339737 183.626175
v -192.713699 144.999985 183.626175
v -191.373947 149.999985 183.626175
v 188.075333 155.000000 194.983398
v 188.308105 158.660248 198.636246
v 188.626068 160.000000 203.626129
v 188.944031 158.660263 208.616013
v 189.176804 155.000000 212.268845
v 189.261993 150.000015 213.605896
v 189.176804 145.000000 212.268860
v 188.944031 141.339752 208.616013
v 188.626068 140.000000 203.626144
v 188.308105 141.339737 198.636261
v 188.075333 144.999985 194.983414
v 187.990143 149.999985 193.646362
v 190.078522 155.000000 194.873444
v 190.543915 158.660248 198.503983
v 191.179657 160.000000 203.463409
v 191.815399 158.660263 208.422821
v 192.280792 155.000000 212.053375
v 192.451141 150.000015 213.382248
v 192.280792 145.000000 212.053375
v 191.815399 141.339752 208.422836
v 191.179657 140.000000 203.463425
v 190.543915 141.339737 198.503998
v 190.078522 144.999985 194.873444
v 189.908173 149.999985 193.544571
v 191.508041 155.000000 194.596863
v 192.434280 158.660248 198.137985
v 193.699554 160.000000 202.975250
v 194.964813 158.660263 207.812500
v 195.891052 155.000000 211.353622
v 196.230087 150.000015 212.649765
v 195.891068 145.000000 211.353638
v 194.964828 141.339752 207.812515
v 193.699554 140.000000 202.975266
v 192.434296 141.339737 198.138000
v 191.508057 145.000000 194.596878
v 191.169022 149.999985 193.300735
v 192.893967 155.000000 194.137634
v 194.270996 158.660248 197.528976
v 196.152054 160.000000 202.161652
v 198.033112 158.660263 206.794312
v 199.410141 155.000000 210.185669
v 199.914169 150.000015 211.426987
v 199.410141 145.000000 210.185669
v 198.033112 141.339752 206.794327
v 196.152054 140.000000 202.161667
v 194.270996 141.339737 197.528992
v 192.893967 144.999985 194.137634
v 192.389938 149.999985 192.896317
v 194.219406 155.000000 193.496216
v 196.030060 158.660248 196.677246
v 198.503464 160.000000 201.022629
v 200.976868 158.660263 205.367996
v 202.787521 155.000000 208.549042
v 203.450272 150.000000 209.713379
v 202.787521 145.000000 208.549042
v 200.976868 141.339752 205.368011
v 198.503464 140.000000 201.022644
v 196.030075 141.339737 196.677261
v 194.219406 144.999985 193.496216
v 193.556656 149.999985 192.331879
v 195.471924 155.000000 192.669281
v 197.690048 158.660248 195.580856
v 200.720078 160.000000 199.558167
v 203.750107 158.660263 203.535461
v 205.968231 155.000000 206.447052
v 206.780136 150.000015 207.512772
v 205.968246 145.000000 206.447067
v 203.750107 141.339752 203.535477
v 200.720078 140.000000 199.558167
v 197.690063 141.339737 195.580872
v 195.471924 144.999985 192.669281
v 194.660019 149.999985 191.603561
v 196.644531 155.000000 191.644501
v 199.232697 158.660248 194.232712
v 202.768204 160.000000 197.768280
v 206.303711 158.660263 201.303833
v 208.891876 155.000000 203.892044
v 209.839218 150.000000 204.839401
v 208.891891 145.000000 203.892059
v 206.303711 141.339752 201.303848
v 202.768204 140.000000 197.768280
v 199.232697 141.339737 194.232727
v 196.644531 144.999985 191.644516
v 195.697189 149.999985 190.697159
v 197.669296 155.000000 190.471939
v 200.580856 158.660248 192.690109
v 204.558121 160.000000 195.720184
v 208.535385 158.660263 198.750259
v 211.446945 155.000000 200.968430
v 212.512650 150.000000 201.780350
v 211.446945 145.000000 200.968445
v 208.535385 141.339752 198.750275
v 204.558136 140.000000 195.720184
v 200.580872 141.339737 192.690109
v 197.669296 144.999985 190.471939
v 196.603592 149.999985 189.660019
v 198.496216 155.000000 189.219498
v 201.677231 158.660248 191.030167
v 206.022598 160.000000 193.503601
v 210.367950 158.660263 195.977036
v 213.548981 155.000000 197.787704
v 214.713318 150.000015 198.450455
v 213.548981 145.000000 197.787704
v 210.367966 141.339752 195.977036
v 206.022614 140.000000 193.503601
v 201.677246 141.339737 191.030182
v 198.496216 144.999985 189.219498
v 197.331879 149.999985 188.556747
v 199.137604 155.000000 187.894119
v 202.528946 158.660248 189.271149
v 207.161621 160.000000 191.152206
v 211.794281 158.660263 193.033264
v 215.185638 155.000000 194.410294
v 216.426956 150.000015 194.914322
v 215.185654 145.000000 194.410294
v 211.794296 141.339752 193.033264
v 207.161636 140.000000 191.152206
v 202.528961 141.339737 189.271149
v 199.137604 144.999985 187.894119
v 197.896286 149.999985 187.390091
v 199.596802 155.000000 186.508255
v 203.137939 158.660248 187.434479
v 207.975204 160.000000 188.699722
v 212.812469 158.660263 189.964966
v 216.353592 155.000000 190.891190
v 217.649734 150.000000 191.230209
v 216.353607 145.000000 190.891190
v 212.812485 141.339752 189.964966
v 207.975220 140.000000 188.699722
v 203.137939 141.339737 187.434479
v 199.596817 144.999985 186.508255
v 198.300674 149.999985 186.169235
v 199.873383 155.000000 185.078735
v 203.503922 158.660248 185.544113
v 208.463348 160.000000 186.179825
v 213.422760 158.660263 186.815536
v 217.053314 155.000000 187.280914
v 218.382187 150.000000 187.451248
v 217.053329 145.000000 187.280914
v 213.422775 141.339752 186.815536
v 208.463364 140.000000 186.179825
v 203.503937 141.339737 185.544113
v 199.873383 144.999985 185.078735
v 198.544510 149.999985 184.908401
v 199.965790 155.000000 183.626266
v 203.626053 158.660248 183.626251
v 208.626053 160.000000 183.626236
v 213.626053 158.660263 183.626221
v 217.286301 155.000000 183.626205
v 218.626053 150.000000 183.626205
v 217.286316 145.000000 183.626205
v 213.626068 141.339752 183.626221
v 208.626068 140.000000 183.626236
v 203.626068 141.339737 183.626251
v 199.965805 144.999985 183.626266
v 198.626053 149.999985 183.626266
v 199.873367 155.000000 182.173782
v 203.503906 158.660248 181.708389
v 208.463333 160.000000 181.072647
v 213.422745 158.660263 180.436905
v 217.053299 155.000000 179.971512
v 218.382172 150.000015 179.801163
v 217.053299 145.000000 179.971512
v 213.422760 141.339752 180.436905
v 208.463348 140.000000 181.072647
v 203.503922 141.339737 181.708389
v 199.873367 144.999985 182.173782
v 198.544495 149.999985 182.344131
v 199.596786 155.000000 180.744263
v 203.137909 158.660248 179.818024
v 207.975174 160.000000 178.552750
v 212.812424 158.660263 177.287491
v 216.353561 155.000000 176.361237
v 217.649704 150.000000 176.022217
v 216.353561 145.000000 176.361237
v 212.812439 141.339752 177.287476
v 207.975189 140.000000 178.552750
v 203.137924 141.339737 179.818008
v 199.596802 144.999985 180.744263
v 198.300644 149.999985 181.083282
v 199.137558 155.000000 179.358337
v 202.528900 158.660248 177.981308
v 207.161575 160.000000 176.100250
v 211.794235 158.660263 174.219193
v 215.185593 155.000000 172.842163
v 216.426910 150.000015 172.338135
v 215.185593 145.000000 172.842163
v 211.794250 141.339752 174.219193
v 207.161591 140.000000 176.100250
v 202.528915 141.339737 177.981308
v 199.137558 144.999985 179.358337
v 197.896240 149.999985 179.862366
v 198.496140 155.000000 178.032898
v 201.677170 158.660248 176.222244
v 206.022552 160.000000 173.748840
v 210.367920 158.660263 171.275436
v 213.548965 155.000000 169.464783
v 214.713303 150.000015 168.802032
v 213.548965 145.000000 169.464783
v 210.367935 141.339752 171.275436
v 206.022568 140.000000 173.748840
v 201.677185 141.339737 176.222244
v 198.496140 144.999985 178.032898
v 197.331802 149.999985 178.695648
v 197.669205 155.000000 176.780396
v 200.580780 158.660248 174.562256
v 204.558090 160.000000 171.532227
v 208.535385 158.660263 168.502197
v 211.446976 155.000000 166.284073
v 212.512695 150.000015 165.472168
v 211.446976 145.000015 166.284058
v 208.535400 141.339752 168.502197
v 204.558105 140.000000 171.532227
v 200.580795 141.339737 174.562241
v 197.669205 144.999985 176.780380
v 196.603485 149.999985 177.592285
v 196.247192 155.000000 175.182907
v 199.003296 158.660248 172.774307
v 202.768204 160.000000 169.484100
v 206.533112 158.660263 166.193893
v 209.289215 155.000000 163.785294
v 210.298019 150.000015 162.903687
v 209.289215 145.000000 163.785294
v 206.533112 141.339752 166.193878
v 202.768204 140.000000 169.484100
v 199.003296 141.339737 172.774307
v 196.247192 144.999985 175.182907
v 195.238388 149.999985 176.064514
v -192.733215 155.000000 183.044891
v -196.385223 158.660248 183.290573
v -201.373947 160.000000 183.626160
v -206.362671 158.660263 183.961761
v -210.014664 155.000000 184.207443
v -211.351395 150.000000 184.297379
v -210.014679 145.000000 184.207443
v -206.362686 141.339752 183.961761
v -201.373962 140.000000 183.626160
v -196.385239 141.339737 183.290573
v -192.733231 144.999985 183.044891
v -191.396500 149.999985 182.954956
v -192.609177 155.000000 185.179932
v -196.236435 158.660248 185.670242
v -201.191376 160.000000 186.340027
v -206.146301 158.660263 187.009827
v -209.773575 155.000000 187.500137
v -211.101242 150.000000 187.679611
v -209.773575 145.000000 187.500137
v -206.146317 141.339752 187.009827
v -201.191391 140.000000 186.340027
v -196.236450 141.339737 185.670242
v -192.609177 144.999985 185.179932
v -191.281509 149.999985 185.000458
v -192.308258 155.000000 186.650269
v -195.837921 158.660248 187.619263
v -200.659531 160.000000 188.942932
v -205.481125 158.660263 190.266617
v -209.010788 155.000000 191.235611
v -210.302734 150.000000 191.590286
v -209.010803 145.000000 191.235611
v -205.481140 141.339752 190.266617
v -200.659546 140.000000 188.942932
v -195.837936 141.339737 187.619263
v -192.308273 144.999985 186.650269
v -191.016327 149.999985 186.295593
v -191.824600 155.000000 188.041016
v -195.196350 158.660248 189.465363
v -199.802246 160.000000 191.411041
v -204.408142 158.660263 193.356735
v -207.779892 155.000000 194.781067
v -209.014038 150.000000 195.302414
v -207.779892 145.000000 194.781082
v -204.408157 141.339752 193.356735
v -199.802261 140.000000 191.411041
v -195.196350 141.339737 189.465363
v -191.824600 144.999985 188.041031
v -190.590454 149.999985 187.519684
v -191.169327 155.000000 189.345734
v -194.328217 158.660248 191.194748
v -198.643356 160.000000 193.720535
v -202.958481 158.660263 196.246307
v -206.117386 155.000000 198.095306
v -207.273621 150.000000 198.772095
v -206.117401 145.000000 198.095322
v -202.958496 141.339752 196.246307
v -198.643372 140.000000 193.720535
v -194.328232 141.339737 191.194748
v -191.169327 144.999985 189.345749
v -190.013077 149.999985 188.668961
v -190.354050 155.000000 190.552170
v -193.250320 158.660248 192.790268
v -197.206696 160.000000 195.847565
v -201.163071 158.660263 198.904846
v -204.059341 155.000000 201.142944
v -205.119446 150.000000 201.962143
v -204.059341 145.000000 201.142944
v -201.163086 141.339752 198.904861
v -197.206696 140.000000 195.847565
v -193.250320 141.339737 192.790268
v -190.354050 144.999985 190.552170
v -189.293945 149.999985 189.732971
v -189.392349 155.000000 191.644577
v -191.980545 158.660248 194.232758
v -195.516083 160.000000 197.768295
v -199.051620 158.660263 201.303818
v -201.639801 155.000000 203.891998
v -202.587158 150.000000 204.839340
v -201.639816 145.000000 203.891998
v -199.051620 141.339752 201.303833
v -195.516083 140.000000 197.768295
v -191.980560 141.339737 194.232773
v -189.392365 144.999985 191.644577
v -188.445007 149.999985 190.697235
v -188.299942 155.000000 192.606277
v -190.538040 158.660248 195.502533
v -193.595352 160.000000 199.458908
v -196.652664 158.660263 203.415283
v -198.890762 155.000000 206.311539
v -199.709961 150.000000 207.371628
v -198.890762 145.000000 206.311554
v -196.652664 141.339752 203.415283
v -193.595352 140.000000 199.458908
v -190.538055 141.339737 195.502548
v -188.299942 144.999985 192.606277
v -187.480728 149.999985 191.546173
v -187.093521 155.000000 193.421539
v -188.942535 158.660248 196.580429
v -191.468338 160.000000 200.895569
v -193.994125 158.660263 205.210693
v -195.843140 155.000000 208.369598
v -196.519928 150.000000 209.525833
v -195.843155 145.000000 208.369598
v -193.994141 141.339752 205.210709
v -191.468338 140.000000 200.895569
v -188.942551 141.339737 196.580444
v -187.093536 144.999985 193.421555
v -186.416748 149.999985 192.265305
v -185.788818 155.000000 194.076813
v -187.213165 158.660248 197.448563
v -189.158859 160.000000 202.054459
v -191.104553 158.660263 206.660355
v -192.528900 155.000000 210.032104
v -193.050247 150.000000 211.266251
v -192.528900 145.000000 210.032104
v -191.104553 141.339752 206.660370
v -189.158859 140.000000 202.054474
v -187.213165 141.339737 197.448563
v -185.788818 145.000000 194.076813
v -185.267471 149.999985 192.842667
v -184.398071 155.000000 194.560471
v -185.367065 158.660248 198.090134
v -186.690750 160.000000 202.911743
v -188.014420 158.660263 207.733337
v -188.983429 155.000000 211.263000
v -189.338104 150.000000 212.554947
v -188.983429 145.000000 211.263016
v -188.014435 141.339752 207.733353
v -186.690750 140.000000 202.911758
v -185.367081 141.339737 198.090149
v -184.398071 144.999985 194.560486
v -184.043396 149.999985 193.268539
v -182.927689 155.000000 194.861389
v -183.418030 158.660248 198.488647
v -184.087830 160.000000 203.443588
v -184.757629 158.660263 208.398514
v -185.247971 155.000000 212.025787
v -185.427444 150.000000 213.353455
v -185.247971 145.000000 212.025787
v -184.757645 141.339752 208.398529
v -184.087830 140.000000 203.443604
v -183.418030 141.339737 198.488663
v -182.927689 144.999985 194.861389
v -182.748215 149.999985 193.533722
v -180.792603 155.000000 194.985458
v -181.038315 158.660248 198.637451
v -181.373947 160.000000 203.626175
v -181.709579 158.660263 208.614899
v -181.955292 155.000000 212.266891
v -182.045227 150.000000 213.603622
v -181.955292 145.000000 212.266907
v -181.709579 141.339752 208.614899
v -181.373947 140.000000 203.626190
v -181.038315 141.339737 198.637466
v -180.792603 145.000000 194.985458
v -180.702667 149.999985 193.648727
v -180.792648 155.000000 -197.733093
v -181.038330 158.660248 -201.385101
v -181.373917 160.000000 -206.373825
v -181.709518 158.660263 -211.362549
v -181.955200 155.000000 -215.014542
v -182.045135 150.000015 -216.351273
v -181.955200 145.000015 -215.014557
v -181.709518 141.339752 -211.362564
v -181.373917 140.000000 -206.373840
v -181.038330 141.339737 -201.385117
v -180.792648 144.999985 -197.733109
v -180.702713 149.999985 -196.396378
v -182.927704 155.000000 -197.609055
v -183.418030 158.660248 -201.236313
v -184.087799 160.000000 -206.191254
v -184.757584 158.660263 -211.146179
v -185.247910 155.000000 -214.773453
v -185.427383 150.000015 -216.101120
v -185.247910 145.000000 -214.773453
v -184.757584 141.339752 -211.146194
v -184.087799 140.000000 -206.191269
v -183.418030 141.339737 -201.236328
v -182.927704 144.999985 -197.609055
v -182.748230 149.999985 -196.281387
v -184.398056 155.000000 -197.308136
v -185.367050 158.660248 -200.837799
v -186.690720 160.000000 -205.659409
v -188.014404 158.660263 -210.481003
v -188.983398 155.000000 -214.010666
v -189.338074 150.000015 -215.302628
v -188.983398 145.000000 -214.010681
v -188.014404 141.339752 -210.481018
v -186.690720 140.000000 -205.659424
v -185.367065 141.339737 -200.837814
v -184.398056 144.999985 -197.308151
v -184.043381 149.999985 -196.016190
v -185.788803 155.000000 -196.824478
v -187.213150 158.660248 -200.196228
v -189.158829 160.000000 -204.802124
v -191.104523 158.660263 -209.408020
v -192.528870 155.000000 -212.779770
v -193.050217 150.000015 -214.013916
v -192.528870 145.000000 -212.779770
v -191.104523 141.339752 -209.408035
v -189.158829 140.000000 -204.802139
v -187.213150 141.339737 -200.196228
v -185.788803 144.999985 -196.824478
v -185.267456 149.999985 -195.590332
v -187.093521 155.000000 -196.169205
v -188.942520 158.660248 -199.328094
v -191.468323 160.000000 -203.643234
v -193.994095 158.660263 -207.958359
v -195.843109 155.000000 -211.117264
v -196.519897 150.000015 -212.273499
v -195.843124 145.000000 -211.117264
v -193.994110 141.339752 -207.958374
v -191.468323 140.000000 -203.643250
v -188.942535 141.339737 -199.328110
v -187.093521 144.999985 -196.169220
v -186.416733 149.999985 -195.012970
v -188.299927 155.000000 -195.353943
v -190.538025 158.660248 -198.250198
v -193.595337 160.000000 -202.206573
v -196.652618 158.660263 -206.162933
v -198.890732 155.000000 -209.059204
v -199.709930 150.000015 -210.119339
v -198.890732 145.000000 -209.059219
v -196.652634 141.339752 -206.162949
v -193.595337 140.000000 -202.206589
v -190.538040 141.339737 -198.250214
v -188.299927 144.999985 -195.353943
v -187.480728 149.999985 -194.293823
v -189.392349 155.000000 -194.392242
v -191.980530 158.660248 -196.980423
v -195.516068 160.000000 -200.515961
v -199.051605 158.660263 -204.051483
v -201.639771 155.000000 -206.639694
v -202.587112 150.000015 -207.587051
v -201.639786 145.000015 -206.639709
v -199.051605 141.339752 -204.051498
v -195.516068 140.000000 -200.515961
v -191.980545 141.339737 -196.980438
v -189.392349 144.999985 -194.392242
v -188.445007 149.999985 -193.444885
v -190.354050 155.000000 -193.299820
v -193.250305 158.660248 -195.537918
v -197.206680 160.000000 -198.595230
v -201.163055 158.660263 -201.652542
v -204.059311 155.000000 -203.890656
v -205.119400 150.000015 -204.709854
v -204.059326 145.000015 -203.890656
v -201.163055 141.339752 -201.652557
v -197.206696 140.000000 -198.595230
v -193.250320 141.339737 -195.537933
v -190.354050 144.999985 -193.299820
v -189.293945 149.999985 -192.480621
v -191.169312 155.000000 -192.093414
v -194.328201 158.660248 -193.942413
v -198.643341 160.000000 -196.468216
v -202.958466 158.660263 -198.994019
v -206.117371 155.000000 -200.843033
v -207.273605 150.000015 -201.519821
v -206.117371 145.000000 -200.843048
v -202.958481 141.339752 -198.994034
v -198.643356 140.000000 -196.468216
v -194.328217 141.339737 -193.942429
v -191.169312 144.999985 -192.093414
v -190.013077 149.999985 -191.416626
v -191.824585 155.000000 -190.788696
v -195.196335 158.660248 -192.213043
v -199.802231 160.000000 -194.158752
v -204.408127 158.660263 -196.104446
v -207.779877 155.000000 -197.528778
v -209.014023 150.000015 -198.050140
v -207.779877 145.000000 -197.528793
v -204.408142 141.339752 -196.104446
v -199.802246 140.000000 -194.158752
v -195.196335 141.339737 -192.213058
v -191.824585 144.999985 -190.788712
v -190.590439 149.999985 -190.267349
v -192.308258 155.000000 -189.397949
v -195.837906 158.660248 -190.366943
v -200.659515 160.000000 -191.690643
v -205.481110 158.660263 -193.014328
v -209.010773 155.000000 -193.983322
v -210.302719 150.000000 -194.337997
v -209.010788 145.000000 -193.983322
v -205.481125 141.339752 -193.014328
v -200.659531 140.000000 -191.690643
v -195.837921 141.339737 -190.366959
v -192.308258 144.999985 -189.397949
v -191.016312 149.999985 -189.043274
v -192.609161 155.000000 -187.927612
v -196.236420 158.660248 -188.417923
v -201.191360 160.000000 -189.087738
v -206.146286 158.660263 -189.757523
v -209.773560 155.000000 -190.247849
v -211.101227 150.000015 -190.427322
v -209.773560 145.000000 -190.247849
v -206.146301 141.339752 -189.757538
v -201.191376 140.000000 -189.087738
v -196.236435 141.339737 -188.417938
v -192.609161 144.999985 -187.927612
v -191.281494 149.999985 -187.748138
v -192.733200 155.000000 -185.792542
v -196.385208 158.660248 -186.038223
v -201.373932 160.000000 -186.373840
v -206.362656 158.660263 -186.709442
v -210.014648 155.000000 -186.955124
v -211.351379 150.000015 -187.045044
v -210.014664 145.000015 -186.955124
v -206.362671 141.339752 -186.709442
v -201.373947 140.000000 -186.373840
v -196.385223 141.339737 -186.038223
v -192.733215 144.999985 -185.792542
v -191.396484 149.999985 -185.702621
v 199.985397 155.000000 -185.792526
v 203.637405 158.660248 -186.038208
v 208.626129 160.000000 -186.373810
v 213.614853 158.660263 -186.709412
v 217.266846 155.000000 -186.955093
v 218.603577 150.000000 -187.045029
v 217.266861 145.000000 -186.955093
v 213.614868 141.339752 -186.709412
v 208.626144 140.000000 -186.373810
v 203.637421 141.339737 -186.038208
v 199.985413 144.999985 -185.792526
v 198.648682 149.999985 -185.702591
v 199.861359 155.000000 -187.927567
v 203.488617 158.660248 -188.417877
v 208.443558 160.000000 -189.087677
v 213.398483 158.660263 -189.757477
v 217.025757 155.000000 -190.247787
v 218.353424 150.000000 -190.427261
v 217.025757 145.000000 -190.247787
v 213.398499 141.339752 -189.757477
v 208.443573 140.000000 -189.087677
v 203.488632 141.339737 -188.417877
v 199.861359 144.999985 -187.927567
v 198.533691 149.999985 -187.748093
v 199.560440 155.000000 -189.397903
v 203.090103 158.660248 -190.366898
v 207.911713 160.000000 -191.690582
v 212.733307 158.660263 -193.014267
v 216.262970 155.000000 -193.983261
v 217.554916 150.000000 -194.337936
v 216.262985 145.000000 -193.983261
v 212.733322 141.339752 -193.014267
v 207.911728 140.000000 -191.690582
v 203.090118 141.339737 -190.366898
v 199.560455 144.999985 -189.397903
v 198.268509 149.999985 -189.043228
v 199.076782 155.000000 -190.788651
v 202.448532 158.660248 -192.212997
v 207.054428 160.000000 -194.158691
v 211.660324 158.660263 -196.104385
v 215.032074 155.000000 -197.528717
v 216.266220 150.000000 -198.050064
v 215.032074 145.000000 -197.528732
v 211.660339 141.339752 -196.104385
v 207.054443 140.000000 -194.158691
v 202.448532 141.339737 -192.212997
v 199.076782 144.999985 -190.788666
v 197.842636 149.999985 -190.267319
v 198.421509 155.000000 -192.093369
v 201.580399 158.660248 -193.942383
v 205.895538 160.000000 -196.468170
v 210.210663 158.660263 -198.993958
v 213.369568 155.000000 -200.842957
v 214.525818 150.000000 -201.519745
v 213.369583 145.000000 -200.842972
v 210.210678 141.339752 -198.993958
v 205.895554 140.000000 -196.468170
v 201.580414 141.339737 -193.942383
v 198.421509 144.999985 -192.093384
v 197.265274 149.999985 -191.416595
v 197.606232 155.000000 -193.299805
v 200.502502 158.660248 -195.537903
v 204.458878 160.000000 -198.595200
v 208.415253 158.660263 -201.652496
v 211.311523 155.000000 -203.890594
v 212.371643 150.000000 -204.709793
v 211.311523 145.000000 -203.890594
v 208.415268 141.339752 -201.652512
v 204.458878 140.000000 -198.595200
v 200.502502 141.339737 -195.537903
v 197.606232 144.999985 -193.299805
v 196.546127 149.999985 -192.480606
v 196.644531 155.000000 -194.392212
v 199.232727 158.660248 -196.980392
v 202.768265 160.000000 -200.515930
v 206.303802 158.660263 -204.051453
v 208.891998 155.000000 -206.639648
v 209.839355 150.000000 -207.586990
v 208.892014 145.000000 -206.639648
v 206.303802 141.339752 -204.051468
v 202.768265 140.000000 -200.515930
v 199.232742 141.339737 -196.980408
v 196.644547 144.999985 -194.392212
v 195.697189 149.999985 -193.444870
v 195.552124 155.000000 -195.353912
v 197.790222 158.660248 -198.250168
v 200.847534 160.000000 -202.206543
v 203.904861 158.660263 -206.162918
v 206.142960 155.000000 -209.059174
v 206.962173 150.000000 -210.119278
v 206.142960 145.000000 -209.059189
v 203.904861 141.339752 -206.162918
v 200.847534 140.000000 -202.206543
v 197.790237 141.339737 -198.250183
v 195.552124 144.999985 -195.353912
v 194.732925 149.999985 -194.293808
v 194.345703 155.000000 -196.169174
v 196.194717 158.660248 -199.328064
v 198.720520 160.000000 -203.643204
v 201.246323 158.660263 -207.958328
v 203.095337 155.000000 -211.117218
v 203.772125 150.000000 -212.273468
v 203.095352 145.000000 -211.117233
v 201.246338 141.339752 -207.958344
v 198.720520 140.000000 -203.643204
v 196.194733 141.339737 -199.328079
v 194.345718 145.000000 -196.169189
v 193.668930 149.999985 -195.012939
v 193.041000 155.000000 -196.824448
v 194.465347 158.660248 -200.196198
v 196.411057 160.000000 -204.802094
v 198.356750 158.660263 -209.407990
v 199.781097 155.000000 -212.779739
v 200.302444 150.000000 -214.013885
v 199.781097 145.000000 -212.779739
v 198.356750 141.339752 -209.408005
v 196.411057 140.000000 -204.802109
v 194.465347 141.339737 -200.196198
v 193.041000 145.000000 -196.824448
v 192.519653 149.999985 -195.590302
v 191.650253 155.000000 -197.308121
v 192.619247 158.660248 -200.837769
v 193.942947 160.000000 -205.659378
v 195.266632 158.660263 -210.480972
v 196.235626 155.000000 -214.010635
v 196.590317 150.000000 -215.302582
v 196.235626 145.000000 -214.010651
v 195.266632 141.339752 -210.480988
v 193.942947 140.000000 -205.659393
v 192.619247 141.339737 -200.837784
v 191.650253 144.999985 -197.308121
v 191.295563 149.999985 -196.016174
v 190.179886 155.000000 -197.609024
v 190.670212 158.660248 -201.236282
v 191.340042 160.000000 -206.191223
v 192.009842 158.660263 -211.146149
v 192.500183 155.000000 -214.773422
v 192.679657 150.000000 -216.101089
v 192.500183 145.000000 -214.773422
v 192.009857 141.339752 -211.146164
v 191.340042 140.000000 -206.191238
v 190.670227 141.339737 -201.236298
v 190.179886 144.999985 -197.609024
v 190.000412 149.999985 -196.281357
v 188.044785 155.000000 -197.733093
v 188.290497 158.660248 -201.385086
v 188.626144 160.000000 -206.373810
v 188.961777 158.660263 -211.362534
v 189.207474 155.000000 -215.014526
v 189.297409 150.000000 -216.351257
v 189.207489 145.000000 -215.014542
v 188.961777 141.339752 -211.362534
v 188.626144 140.000000 -206.373825
v 188.290497 141.339737 -201.385101
v 188.044800 144.999985 -197.733093
v 187.954865 149.999985 -196.396362
vt 0.000000 1.000000
vt 0.052632 1.000000
vt 0.052632 0.916667
vt 0.000000 0.916667
vt 0.000000 0.083333
vt 0.052632 0.083333
vt 0.052632 0.000000
vt 0.000000 0.000000
vt 0.000000 0.166667
vt 0.052632 0.166667
vt 0.000000 0.250000
vt 0.052632 0.250000
vt 0.000000 0.333333
vt 0.052632 0.333333
vt 0.000000 0.416667
vt 0.052632 0.416667
vt 0.000000 0.500000
vt 0.052632 0.500000
vt 0.000000 0.583333
vt 0.052632 0.583333
vt 0.000000 0.666667
vt 0.052632 0.666667
vt 0.000000 0.750000
vt 0.052632 0.750000
vt 0.000000 0.833333
vt 0.052632 0.833333
vt 0.105263 1.000000
vt 0.105263 0.916667
vt 0.105263 0.083333
vt 0.105263 0.000000
vt 0.105263 0.166667
vt 0.105263 0.250000
vt 0.105263 0.333333
vt 0.105263 0.416667
vt 0.105263 0.500000
vt 0.105263 0.583333
vt 0.105263 0.666667
vt 0.105263 0.750000
vt 0.105263 0.833333
vt 0.157895 1.000000
vt 0.157895 0.916667
vt 0.157895 0.083333
vt 0.157895 0.000000
vt 0.157895 0.166667
vt 0.157895 0.250000
vt 0.157895 0.333333
vt 0.157895 0.416667
vt 0.157895 0.500000
vt 0.157895 0.583333
vt 0.157895 0.666667
vt 0.157895 0.750000
vt 0.157895 0.833333
vt 0.210526 1.000000
vt 0.210526 0.916667
vt 0.210526 0.083333
vt 0.210526 0.000000
vt 0.210526 0.166667
vt 0.210526 0.250000
vt 0.210526 0.333333
vt 0.210526 0.416667
vt 0.210526 0.500000
vt 0.210526 0.583333
vt 0.210526 0.666667
vt 0.210526 0.750000
vt 0.210526 0.833333
vt 0.263158 1.000000
vt 0.263158 0.916667
vt 0.263158 0.083333
vt 0.263158 0.000000
vt 0.263158 0.166667
vt 0.263158 0.250000
vt 0.263158 0.333333
vt 0.263158 0.416667
vt 0.263158 0.500000
vt 0.263158 0.583333
vt 0.263158 0.666667
vt 0.263158 0.750000
vt 0.263158 0.833333
vt 0.315789 1.000000
vt 0.315789 0.916667
vt 0.315789 0.083333
vt 0.315789 0.000000
vt 0.315789 0.166667
vt 0.315789 0.250000
vt 0.315789 0.333333
vt 0.315789 0.416667
vt 0.315789 0.500000
vt 0.315789 0.583333
vt 0.315789 0.666667
vt 0.315789 0.750000
vt 0.315789 0.833333
vt 0.368421 1.000000
vt 0.368421 0.916667
vt 0.368421 0.083333
vt 0.368421 0.000000
vt 0.368421 0.166667
vt 0.368421 0.250000
vt 0.368421 0.333333
vt 0.368421 0.416667
vt 0.368421 0.500000
vt 0.368421 0.583333
vt 0.368421 0.666667
vt 0.368421 0.750000
vt 0.368421 0.833333
vt 0.421053 1.000000
vt 0.421053 0.916667
vt 0.421053 0.083333
vt 0.421053 0.000000
vt 0.421053 0.166667
vt 0.421053 0.250000
vt 0.421053 0.333333
vt 0.421053 0.416667
vt 0.421053 0.500000
vt 0.421053 0.583333
vt 0.421053 0.666667
vt 0.421053 0.750000
vt 0.421053 0.833333
vt 0.473684 1.000000
vt 0.473684 0.916667
vt 0.473684 0.083333
vt 0.473684 0.000000
vt 0.473684 0.166667
vt 0.473684 0.250000
vt 0.473684 0.333333
vt 0.473684 0.416667
vt 0.473684 0.500000
vt 0.473684 0.583333
vt 0.473684 0.666667
vt 0.473684 0.750000
vt 0.473684 0.833333
vt 0.526316 1.000000
vt 0.526316 0.916667
vt 0.526316 0.083333
vt 0.526316 0.000000
vt 0.526316 0.166667
vt 0.526316 0.250000
vt 0.526316 0.333333
vt 0.526316 0.416667
vt 0.526316 0.500000
vt 0.526316 0.583333
vt 0.526316 0.666667
vt 0.526316 0.750000
vt 0.526316 0.833333
vt 0.578947 1.000000
vt 0.578947 0.916667
vt 0.578947 0.083333
vt 0.578947 0.000000
vt 0.578947 0.166667
vt 0.578947 0.250000
vt 0.578947 0.333333
vt 0.578947 0.416667
vt 0.578947 0.500000
vt 0.578947 0.583333
vt 0.578947 0.666667
vt 0.578947 0.750000
vt 0.578947 0.833333
vt 0.631579 1.000000
vt 0.631579 0.916667
vt 0.631579 0.083333
vt 0.631579 0.000000
vt 0.631579 0.166667
vt 0.631579 0.250000
vt 0.631579 0.333333
vt 0.631579 0.416667
vt 0.631579 0.500000
vt 0.631579 0.583333
vt 0.631579 0.666667
vt 0.631579 0.750000
vt 0.631579 0.833333
vt 0.684211 1.000000
vt 0.684211 0.916667
vt 0.684211 0.083333
vt 0.684211 0.000000
vt 0.684211 0.166667
vt 0.684211 0.250000
vt 0.684211 0.333333
vt 0.684211 0.416667
vt 0.684211 0.500000
vt 0.684211 0.583333
vt 0.684211 0.666667
vt 0.684211 0.750000
vt 0.684211 0.833333
vt 0.736842 1.000000
vt 0.736842 0.916667
vt 0.736842 0.083333
vt 0.736842 0.000000
vt 0.736842 0.166667
vt 0.736842 0.250000
vt 0.736842 0.333333
vt 0.736842 0.416667
vt 0.736842 0.500000
vt 0.736842 0.583333
vt 0.736842 0.666667
vt 0.736842 0.750000
vt 0.736842 0.833333
vt 0.789474 1.000000
vt 0.789474 0.916667
vt 0.789474 0.083333
vt 0.789474 0.000000
vt 0.789474 0.166667
vt 0.789474 0.250000
vt 0.789474 0.333333
vt 0.789474 0.416667
vt 0.789474 0.500000
vt 0.789474 0.583333
vt 0.789474 0.666667
vt 0.789474 0.750000
vt 0.789474 0.833333
vt 0.842105 1.000000
vt 0.842105 0.916667
vt 0.842105 0.083333
vt 0.842105 0.000000
vt 0.842105 0.166667
vt 0.842105 0.250000
vt 0.842105 0.333333
vt 0.842105 0.416667
vt 0.842105 0.500000
vt 0.842105 0.583333
vt 0.842105 0.666667
vt 0.842105 0.750000
vt 0.842105 0.833333
vt 0.894737 1.000000
vt 0.894737 0.916667
vt 0.894737 0.083333
vt 0.894737 0.000000
vt 0.894737 0.166667
vt 0.894737 0.250000
vt 0.894737 0.333333
vt 0.894737 0.416667
vt 0.894737 0.500000
vt 0.894737 0.583333
vt 0.894737 0.666667
vt 0.894737 0.750000
vt 0.894737 0.833333
vt 0.947368 1.000000
vt 0.947368 0.916667
vt 0.947368 0.083333
vt 0.947368 0.000000
vt 0.947368 0.166667
vt 0.947368 0.250000
vt 0.947368 0.333333
vt 0.947368 0.416667
vt 0.947368 0.500000
vt 0.947368 0.583333
vt 0.947368 0.666667
vt 0.947368 0.750000
vt 0.947368 0.833333
vt 1.000000 1.000000
vt 1.000000 0.916667
vt 1.000000 0.083333
vt 1.000000 0.000000
vt 1.000000 0.166667
vt 1.000000 0.250000
vt 1.000000 0.333333
vt 1.000000 0.416667
vt 1.000000 0.500000
vt 1.000000 0.583333
vt 1.000000 0.666667
vt 1.000000 0.750000
vt 1.000000 0.833333
vt 0.000000 1.000000
vt 1.000000 1.000000
vt 1.000000 0.916667
vt 0.000000 0.916667
vt 0.000000 0.083333
vt 1.000000 0.083333
vt 1.000000 0.000000
vt 0.000000 0.000000
vt 0.000000 0.166667
vt 1.000000 0.166667
vt 0.000000 0.250000
vt 1.000000 0.250000
vt 0.000000 0.333333
vt 1.000000 0.333333
vt 0.000000 0.416667
vt 1.000000 0.416667
vt 0.000000 0.500000
vt 1.000000 0.500000
vt 0.000000 0.583333
vt 1.000000 0.583333
vt 0.000000 0.666667
vt 1.000000 0.666667
vt 0.000000 0.750000
vt 1.000000 0.750000
vt 0.000000 0.833333
vt 1.000000 0.833333
vt 0.000000 1.000000
vt 1.000000 1.000000
vt 1.000000 0.916667
vt 0.000000 0.916667
vt 0.000000 0.083333
vt 1.000000 0.083333
vt 1.000000 0.000000
vt 0.000000 0.000000
vt 0.000000 0.166667
vt 1.000000 0.166667
vt 0.000000 0.250000
vt 1.000000 0.250000
vt 0.000000 0.333333
vt 1.000000 0.333333
vt 0.000000 0.416667
vt 1.000000 0.416667
vt 0.000000 0.500000
vt 1.000000 0.500000
vt 0.000000 0.583333
vt 1.000000 0.583333
vt 0.000000 0.666667
vt 1.000000 0.666667
vt 0.000000 0.750000
vt 1.000000 0.750000
vt 0.000000 0.833333
vt 1.000000 0.833333
vt 0.000000 1.000000
vt 1.000000 1.000000
vt 1.000000 0.916667
vt 0.000000 0.916667
vt 0.000000 0.083333
vt 1.000000 0.083333
vt 1.000000 0.000000
vt 0.000000 0.000000
vt 0.000000 0.166667
vt 1.000000 0.166667
vt 0.000000 0.250000
vt 1.000000 0.250000
vt 0.000000 0.333333
vt 1.000000 0.333333
vt 0.000000 0.416667
vt 1.000000 0.416667
vt 0.000000 0.500000
vt 1.000000 0.500000
vt 0.000000 0.583333
vt 1.000000 0.583333
vt 0.000000 0.666667
vt 1.000000 0.666667
vt 0.000000 0.750000
vt 1.000000 0.750000
vt 0.000000 0.833333
vt 1.000000 0.833333
vt 0.000000 1.000000
vt 1.000000 1.000000
vt 1.000000 0.916667
vt 0.000000 0.916667
vt 0.000000 0.083333
vt 1.000000 0.083333
vt 1.000000 0.000000
vt 0.000000 0.000000
vt 0.000000 0.166667
vt 1.000000 0.166667
vt 0.000000 0.250000
vt 1.000000 0.250000
vt 0.000000 0.333333
vt 1.000000 0.333333
vt 0.000000 0.416667
vt 1.000000 0.416667
vt 0.000000 0.500000
vt 1.000000 0.500000
vt 0.000000 0.583333
vt 1.000000 0.583333
vt 0.000000 0.666667
vt 1.000000 0.666667
vt 0.000000 0.750000
vt 1.000000 0.750000
vt 0.000000 0.833333
vt 1.000000 0.833333
vt 0.000000 1.000000
vt 1.000000 1.000000
vt 1.000000 0.916667
vt 0.000000 0.916667
vt 0.000000 0.083333
vt 1.000000 0.083333
vt 1.000000 0.000000
vt 0.000000 0.000000
vt 0.000000 0.166667
vt 1.000000 0.166667
vt 0.000000 0.250000
vt 1.000000 0.250000
vt 0.000000 0.333333
vt 1.000000 0.333333
vt 0.000000 0.416667
vt 1.000000 0.416667
vt 0.000000 0.500000
vt 1.000000 0.500000
vt 0.000000 0.583333
vt 1.000000 0.583333
vt 0.000000 0.666667
vt 1.000000 0.666667
vt 0.000000 0.750000
vt 1.000000 0.750000
vt 0.000000 0.833333
vt 1.000000 0.833333
vt 0.000000 1.000000
vt 0.055556 1.000000
vt 0.055556 0.916667
vt 0.000000 0.916667
vt 0.000000 0.083333
vt 0.055556 0.083333
vt 0.055556 0.000000
vt 0.000000 0.000000
vt 0.000000 0.166667
vt 0.055556 0.166667
vt 0.000000 0.250000
vt 0.055556 0.250000
vt 0.000000 0.333333
vt 0.055556 0.333333
vt 0.000000 0.416667
vt 0.055556 0.416667
vt 0.000000 0.500000
vt 0.055556 0.500000
vt 0.000000 0.583333
vt 0.055556 0.583333
vt 0.000000 0.666667
vt 0.055556 0.666667
vt 0.000000 0.750000
vt 0.055556 0.750000
vt 0.000000 0.833333
vt 0.055556 0.833333
vt 0.111111 1.000000
vt 0.111111 0.916667
vt 0.111111 0.083333
vt 0.111111 0.000000
vt 0.111111 0.166667
vt 0.111111 0.250000
vt 0.111111 0.333333
vt 0.111111 0.416667
vt 0.111111 0.500000
vt 0.111111 0.583333
vt 0.111111 0.666667
vt 0.111111 0.750000
vt 0.111111 0.833333
vt 0.166667 1.000000
vt 0.166667 0.916667
vt 0.166667 0.083333
vt 0.166667 0.000000
vt 0.166667 0.166667
vt 0.166667 0.250000
vt 0.166667 0.333333
vt 0.166667 0.416667
vt 0.166667 0.500000
vt 0.166667 0.583333
vt 0.166667 0.666667
vt 0.166667 0.750000
vt 0.166667 0.833333
vt 0.222222 1.000000
vt 0.222222 0.916667
vt 0.222222 0.083333
vt 0.222222 0.000000
vt 0.222222 0.166667
vt 0.222222 0.250000
vt 0.222222 0.333333
vt 0.222222 0.416667
vt 0.222222 0.500000
vt 0.222222 0.583333
vt 0.222222 0.666667
vt 0.222222 0.750000
vt 0.222222 0.833333
vt 0.277778 1.000000
vt 0.277778 0.916667
vt 0.277778 0.083333
vt 0.277778 0.000000
vt 0.277778 0.166667
vt 0.277778 0.250000
vt 0.277778 0.333333
vt 0.277778 0.416667
vt 0.277778 0.500000
vt 0.277778 0.583333
vt 0.277778 0.666667
vt 0.277778 0.750000
vt 0.277778 0.833333
vt 0.333333 1.000000
vt 0.333333 0.916667
vt 0.333333 0.083333
vt 0.333333 0.000000
vt 0.333333 0.166667
vt 0.333333 0.250000
vt 0.333333 0.333333
vt 0.333333 0.416667
vt 0.333333 0.500000
vt 0.333333 0.583333
vt 0.333333 0.666667
vt 0.333333 0.750000
vt 0.333333 0.833333
vt 0.388889 1.000000
vt 0.388889 0.916667
vt 0.388889 0.083333
vt 0.388889 0.000000
vt 0.388889 0.166667
vt 0.388889 0.250000
vt 0.388889 0.333333
vt 0.388889 0.416667
vt 0.388889 0.500000
vt 0.388889 0.583333
vt 0.388889 0.666667
vt 0.388889 0.750000
vt 0.388889 0.833333
vt 0.444444 1.000000
vt 0.444444 0.916667
vt 0.444444 0.083333
vt 0.444444 0.000000
vt 0.444444 0.166667
vt 0.444444 0.250000
vt 0.444444 0.333333
vt 0.444444 0.416667
vt 0.444444 0.500000
vt 0.444444 0.583333
vt 0.444444 0.666667
vt 0.444444 0.750000
vt 0.444444 0.833333
vt 0.500000 1.000000
vt 0.500000 0.916667
vt 0.500000 0.083333
vt 0.500000 0.000000
vt 0.500000 0.166667
vt 0.500000 0.250000
vt 0.500000 0.333333
vt 0.500000 0.416667
vt 0.500000 0.500000
vt 0.500000 0.583333
vt 0.500000 0.666667
vt 0.500000 0.750000
vt 0.500000 0.833333
vt 0.555556 1.000000
vt 0.555556 0.916667
vt 0.555556 0.083333
vt 0.555556 0.000000
vt 0.555556 0.166667
vt 0.555556 0.250000
vt 0.555556 0.333333
vt 0.555556 0.416667
vt 0.555556 0.500000
vt 0.555556 0.583333
vt 0.555556 0.666667
vt 0.555556 0.750000
vt 0.555556 0.833333
vt 0.611111 1.000000
vt 0.611111 0.916667
vt 0.611111 0.083333
vt 0.611111 0.000000
vt 0.611111 0.166667
vt 0.611111 0.250000
vt 0.611111 0.333333
vt 0.611111 0.416667
vt 0.611111 0.500000
vt 0.611111 0.583333
vt 0.611111 0.666667
vt 0.611111 0.750000
vt 0.611111 0.833333
vt 0.666667 1.000000
vt 0.666667 0.916667
vt 0.666667 0.083333
vt 0.666667 0.000000
vt 0.666667 0.166667
vt 0.666667 0.250000
vt 0.666667 0.333333
vt 0.666667 0.416667
vt 0.666667 0.500000
vt 0.666667 0.583333
vt 0.666667 0.666667
vt 0.666667 0.750000
vt 0.666667 0.833333
vt 0.722222 1.000000
vt 0.722222 0.916667
vt 0.722222 0.083333
vt 0.722222 0.000000
vt 0.722222 0.166667
vt 0.722222 0.250000
vt 0.722222 0.333333
vt 0.722222 0.416667
vt 0.722222 0.500000
vt 0.722222 0.583333
vt 0.722222 0.666667
vt 0.722222 0.750000
vt 0.722222 0.833333
vt 0.777778 1.000000
vt 0.777778 0.916667
vt 0.777778 0.083333
vt 0.777778 0.000000
vt 0.777778 0.166667
vt 0.777778 0.250000
vt 0.777778 0.333333
vt 0.777778 0.416667
vt 0.777778 0.500000
vt 0.777778 0.583333
vt 0.777778 0.666667
vt 0.777778 0.750000
vt 0.777778 0.833333
vt 0.833333 1.000000
vt 0.833333 0.916667
vt 0.833333 0.083333
vt 0.833333 0.000000
vt 0.833333 0.166667
vt 0.833333 0.250000
vt 0.833333 0.333333
vt 0.833333 0.416667
vt 0.833333 0.500000
vt 0.833333 0.583333
vt 0.833333 0.666667
vt 0.833333 0.750000
vt 0.833333 0.833333
vt 0.888889 1.000000
vt 0.888889 0.916667
vt 0.888889 0.083333
vt 0.888889 0.000000
vt 0.888889 0.166667
vt 0.888889 0.250000
vt 0.888889 0.333333
vt 0.888889 0.416667
vt 0.888889 0.500000
vt 0.888889 0.583333
vt 0.888889 0.666667
vt 0.888889 0.750000
vt 0.888889 0.833333
vt 0.944444 1.000000
vt 0.944444 0.916667
vt 0.944444 0.083333
vt 0.944444 0.000000
vt 0.944444 0.166667
vt 0.944444 0.250000
vt 0.944444 0.333333
vt 0.944444 0.416667
vt 0.944444 0.500000
vt 0.944444 0.583333
vt 0.944444 0.666667
vt 0.944444 0.750000
vt 0.944444 0.833333
vt 1.000000 1.000000
vt 1.000000 0.916667
vt 1.000000 0.083333
vt 1.000000 0.000000
vt 1.000000 0.166667
vt 1.000000 0.250000
vt 1.000000 0.333333
vt 1.000000 0.416667
vt 1.000000 0.500000
vt 1.000000 0.583333
vt 1.000000 0.666667
vt 1.000000 0.750000
vt 1.000000 0.833333
vt 0.000000 1.000000
vt 0.083333 1.000000
vt 0.083333 0.916667
vt 0.000000 0.916667
vt 0.000000 0.083333
vt 0.083333 0.083333
vt 0.083333 0.000000
vt 0.000000 0.000000
vt 0.000000 0.166667
vt 0.083333 0.166667
vt 0.000000 0.250000
vt 0.083333 0.250000
vt 0.000000 0.333333
vt 0.083333 0.333333
vt 0.000000 0.416667
vt 0.083333 0.416667
vt 0.000000 0.500000
vt 0.083333 0.500000
vt 0.000000 0.583333
vt 0.083333 0.583333
vt 0.000000 0.666667
vt 0.083333 0.666667
vt 0.000000 0.750000
vt 0.083333 0.750000
vt 0.000000 0.833333
vt 0.083333 0.833333
vt 0.166667 1.000000
vt 0.166667 0.916667
vt 0.166667 0.083333
vt 0.166667 0.000000
vt 0.166667 0.166667
vt 0.166667 0.250000
vt 0.166667 0.333333
vt 0.166667 0.416667
vt 0.166667 0.500000
vt 0.166667 0.583333
vt 0.166667 0.666667
vt 0.166667 0.750000
vt 0.166667 0.833333
vt 0.250000 1.000000
vt 0.250000 0.916667
vt 0.250000 0.083333
vt 0.250000 0.000000
vt 0.250000 0.166667
vt 0.250000 0.250000
vt 0.250000 0.333333
vt 0.250000 0.416667
vt 0.250000 0.500000
vt 0.250000 0.583333
vt 0.250000 0.666667
vt 0.250000 0.750000
vt 0.250000 0.833333
vt 0.333333 1.000000
vt 0.333333 0.916667
vt 0.333333 0.083333
vt 0.333333 0.000000
vt 0.333333 0.166667
vt 0.333333 0.250000
vt 0.333333 0.333333
vt 0.333333 0.416667
vt 0.333333 0.500000
vt 0.333333 0.583333
vt 0.333333 0.666667
vt 0.333333 0.750000
vt 0.333333 0.833333
vt 0.416667 1.000000
vt 0.416667 0.916667
vt 0.416667 0.083333
vt 0.416667 0.000000
vt 0.416667 0.166667
vt 0.416667 0.250000
vt 0.416667 0.333333
vt 0.416667 0.416667
vt 0.416667 0.500000
vt 0.416667 0.583333
vt 0.416667 0.666667
vt 0.416667 0.750000
vt 0.416667 0.833333
vt 0.500000 1.000000
vt 0.500000 0.916667
vt 0.500000 0.083333
vt 0.500000 0.000000
vt 0.500000 0.166667
vt 0.500000 0.250000
vt 0.500000 0.333333
vt 0.500000 0.416667
vt 0.500000 0.500000
vt 0.500000 0.583333
vt 0.500000 0.666667
vt 0.500000 0.750000
vt 0.500000 0.833333
vt 0.583333 1.000000
vt 0.583333 0.916667
vt 0.583333 0.083333
vt 0.583333 0.000000
vt 0.583333 0.166667
vt 0.583333 0.250000
vt 0.583333 0.333333
vt 0.583333 0.416667
vt 0.583333 0.500000
vt 0.583333 0.583333
vt 0.583333 0.666667
vt 0.583333 0.750000
vt 0.583333 0.833333
vt 0.666667 1.000000
vt 0.666667 0.916667
vt 0.666667 0.083333
vt 0.666667 0.000000
vt 0.666667 0.166667
vt 0.666667 0.250000
vt 0.666667 0.333333
vt 0.666667 0.416667
vt 0.666667 0.500000
vt 0.666667 0.583333
vt 0.666667 0.666667
vt 0.666667 0.750000
vt 0.666667 0.833333
vt 0.750000 1.000000
vt 0.750000 0.916667
vt 0.750000 0.083333
vt 0.750000 0.000000
vt 0.750000 0.166667
vt 0.750000 0.250000
vt 0.750000 0.333333
vt 0.750000 0.416667
vt 0.750000 0.500000
vt 0.750000 0.583333
vt 0.750000 0.666667
vt 0.750000 0.750000
vt 0.750000 0.833333
vt 0.833333 1.000000
vt 0.833333 0.916667
vt 0.833333 0.083333
vt 0.833333 0.000000
vt 0.833333 0.166667
vt 0.833333 0.250000
vt 0.833333 0.333333
vt 0.833333 0.416667
vt 0.833333 0.500000
vt 0.833333 0.583333
vt 0.833333 0.666667
vt 0.833333 0.750000
vt 0.833333 0.833333
vt 0.916667 1.000000
vt 0.916667 0.916667
vt 0.916667 0.083333
vt 0.916667 0.000000
vt 0.916667 0.166667
vt 0.916667 0.250000
vt 0.916667 0.333333
vt 0.916667 0.416667
vt 0.916667 0.500000
vt 0.916667 0.583333
vt 0.916667 0.666667
vt 0.916667 0.750000
vt 0.916667 0.833333
vt 1.000000 1.000000
vt 1.000000 0.916667
vt 1.000000 0.083333
vt 1.000000 0.000000
vt 1.000000 0.166667
vt 1.000000 0.250000
vt 1.000000 0.333333
vt 1.000000 0.416667
vt 1.000000 0.500000
vt 1.000000 0.583333
vt 1.000000 0.666667
vt 1.000000 0.750000
vt 1.000000 0.833333
vt 0.000000 1.000000
vt 0.083333 1.000000
vt 0.083333 0.916667
vt 0.000000 0.916667
vt 0.000000 0.083333
vt 0.083333 0.083333
vt 0.083333 0.000000
vt 0.000000 0.000000
vt 0.000000 0.166667
vt 0.083333 0.166667
vt 0.000000 0.250000
vt 0.083333 0.250000
vt 0.000000 0.333333
vt 0.083333 0.333333
vt 0.000000 0.416667
vt 0.083333 0.416667
vt 0.000000 0.500000
vt 0.083333 0.500000
vt 0.000000 0.583333
vt 0.083333 0.583333
vt 0.000000 0.666667
vt 0.083333 0.666667
vt 0.000000 0.750000
vt 0.083333 0.750000
vt 0.000000 0.833333
vt 0.083333 0.833333
vt 0.166667 1.000000
vt 0.166667 0.916667
vt 0.166667 0.083333
vt 0.166667 0.000000
vt 0.166667 0.166667
vt 0.166667 0.250000
vt 0.166667 0.333333
vt 0.166667 0.416667
vt 0.166667 0.500000
vt 0.166667 0.583333
vt 0.166667 0.666667
vt 0.166667 0.750000
vt 0.166667 0.833333
vt 0.250000 1.000000
vt 0.250000 0.916667
vt 0.250000 0.083333
vt 0.250000 0.000000
vt 0.250000 0.166667
vt 0.250000 0.250000
vt 0.250000 0.333333
vt 0.250000 0.416667
vt 0.250000 0.500000
vt 0.250000 0.583333
vt 0.250000 0.666667
vt 0.250000 0.750000
vt 0.250000 0.833333
vt 0.333333 1.000000
vt 0.333333 0.916667
vt 0.333333 0.083333
vt 0.333333 0.000000
vt 0.333333 0.166667
vt 0.333333 0.250000
vt 0.333333 0.333333
vt 0.333333 0.416667
vt 0.333333 0.500000
vt 0.333333 0.583333
vt 0.333333 0.666667
vt 0.333333 0.750000
vt 0.333333 0.833333
vt 0.416667 1.000000
vt 0.416667 0.916667
vt 0.416667 0.083333
vt 0.416667 0.000000
vt 0.416667 0.166667
vt 0.416667 0.250000
vt 0.416667 0.333333
vt 0.416667 0.416667
vt 0.416667 0.500000
vt 0.416667 0.583333
vt 0.416667 0.666667
vt 0.416667 0.750000
vt 0.416667 0.833333
vt 0.500000 1.000000
vt 0.500000 0.916667
vt 0.500000 0.083333
vt 0.500000 0.000000
vt 0.500000 0.166667
vt 0.500000 0.250000
vt 0.500000 0.333333
vt 0.500000 0.416667
vt 0.500000 0.500000
vt 0.500000 0.583333
vt 0.500000 0.666667
vt 0.500000 0.750000
vt 0.500000 0.833333
vt 0.583333 1.000000
vt 0.583333 0.916667
vt 0.583333 0.083333
vt 0.583333 0.000000
vt 0.583333 0.166667
vt 0.583333 0.250000
vt 0.583333 0.333333
vt 0.583333 0.416667
vt 0.583333 0.500000
vt 0.583333 0.583333
vt 0.583333 0.666667
vt 0.583333 0.750000
vt 0.583333 0.833333
vt 0.666667 1.000000
vt 0.666667 0.916667
vt 0.666667 0.083333
vt 0.666667 0.000000
vt 0.666667 0.166667
vt 0.666667 0.250000
vt 0.666667 0.333333
vt 0.666667 0.416667
vt 0.666667 0.500000
vt 0.666667 0.583333
vt 0.666667 0.666667
vt 0.666667 0.750000
vt 0.666667 0.833333
vt 0.750000 1.000000
vt 0.750000 0.916667
vt 0.750000 0.083333
vt 0.750000 0.000000
vt 0.750000 0.166667
vt 0.750000 0.250000
vt 0.750000 0.333333
vt 0.750000 0.416667
vt 0.750000 0.500000
vt 0.750000 0.583333
vt 0.750000 0.666667
vt 0.750000 0.750000
vt 0.750000 0.833333
vt 0.833333 1.000000
vt 0.833333 0.916667
vt 0.833333 0.083333
vt 0.833333 0.000000
vt 0.833333 0.166667
vt 0.833333 0.250000
vt 0.833333 0.333333
vt 0.833333 0.416667
vt 0.833333 0.500000
vt 0.833333 0.583333
vt 0.833333 0.666667
vt 0.833333 0.750000
vt 0.833333 0.833333
vt 0.916667 1.000000
vt 0.916667 0.916667
vt 0.916667 0.083333
vt 0.916667 0.000000
vt 0.916667 0.166667
vt 0.916667 0.250000
vt 0.916667 0.333333
vt 0.916667 0.416667
vt 0.916667 0.500000
vt 0.916667 0.583333
vt 0.916667 0.666667
vt 0.916667 0.750000
vt 0.916667 0.833333
vt 1.000000 1.000000
vt 1.000000 0.916667
vt 1.000000 0.083333
vt 1.000000 0.000000
vt 1.000000 0.166667
vt 1.000000 0.250000
vt 1.000000 0.333333
vt 1.000000 0.416667
vt 1.000000 0.500000
vt 1.000000 0.583333
vt 1.000000 0.666667
vt 1.000000 0.750000
vt 1.000000 0.833333
vt 0.000000 1.000000
vt 0.083333 1.000000
vt 0.083333 0.916667
vt 0.000000 0.916667
vt 0.000000 0.083333
vt 0.083333 0.083333
vt 0.083333 0.000000
vt 0.000000 0.000000
vt 0.000000 0.166667
vt 0.083333 0.166667
vt 0.000000 0.250000
vt 0.083333 0.250000
vt 0.000000 0.333333
vt 0.083333 0.333333
vt 0.000000 0.416667
vt 0.083333 0.416667
vt 0.000000 0.500000
vt 0.083333 0.500000
vt 0.000000 0.583333
vt 0.083333 0.583333
vt 0.000000 0.666667
vt 0.083333 0.666667
vt 0.000000 0.750000
vt 0.083333 0.750000
vt 0.000000 0.833333
vt 0.083333 0.833333
vt 0.166667 1.000000
vt 0.166667 0.916667
vt 0.166667 0.083333
vt 0.166667 0.000000
vt 0.166667 0.166667
vt 0.166667 0.250000
vt 0.166667 0.333333
vt 0.166667 0.416667
vt 0.166667 0.500000
vt 0.166667 0.583333
vt 0.166667 0.666667
vt 0.166667 0.750000
vt 0.166667 0.833333
vt 0.250000 1.000000
vt 0.250000 0.916667
vt 0.250000 0.083333
vt 0.250000 0.000000
vt 0.250000 0.166667
vt 0.250000 0.250000
vt 0.250000 0.333333
vt 0.250000 0.416667
vt 0.250000 0.500000
vt 0.250000 0.583333
vt 0.250000 0.666667
vt 0.250000 0.750000
vt 0.250000 0.833333
vt 0.333333 1.000000
vt 0.333333 0.916667
vt 0.333333 0.083333
vt 0.333333 0.000000
vt 0.333333 0.166667
vt 0.333333 0.250000
vt 0.333333 0.333333
vt 0.333333 0.416667
vt 0.333333 0.500000
vt 0.333333 0.583333
vt 0.333333 0.666667
vt 0.333333 0.750000
vt 0.333333 0.833333
vt 0.416667 1.000000
vt 0.416667 0.916667
vt 0.416667 0.083333
vt 0.416667 0.000000
vt 0.416667 0.166667
vt 0.416667 0.250000
vt 0.416667 0.333333
vt 0.416667 0.416667
vt 0.416667 0.500000
vt 0.416667 0.583333
vt 0.416667 0.666667
vt 0.416667 0.750000
vt 0.416667 0.833333
vt 0.500000 1.000000
vt 0.500000 0.916667
vt 0.500000 0.083333
vt 0.500000 0.000000
vt 0.500000 0.166667
vt 0.500000 0.250000
vt 0.500000 0.333333
vt 0.500000 0.416667
vt 0.500000 0.500000
vt 0.500000 0.583333
vt 0.500000 0.666667
vt 0.500000 0.750000
vt 0.500000 0.833333
vt 0.583333 1.000000
vt 0.583333 0.916667
vt 0.583333 0.083333
vt 0.583333 0.000000
vt 0.583333 0.166667
vt 0.583333 0.250000
vt 0.583333 0.333333
vt 0.583333 0.416667
vt 0.583333 0.500000
vt 0.583333 0.583333
vt 0.583333 0.666667
vt 0.583333 0.750000
vt 0.583333 0.833333
vt 0.666667 1.000000
vt 0.666667 0.916667
vt 0.666667 0.083333
vt 0.666667 0.000000
vt 0.666667 0.166667
vt 0.666667 0.250000
vt 0.666667 0.333333
vt 0.666667 0.416667
vt 0.666667 0.500000
vt 0.666667 0.583333
vt 0.666667 0.666667
vt 0.666667 0.750000
vt 0.666667 0.833333
vt 0.750000 1.000000
vt 0.750000 0.916667
vt 0.750000 0.083333
vt 0.750000 0.000000
vt 0.750000 0.166667
vt 0.750000 0.250000
vt 0.750000 0.333333
vt 0.750000 0.416667
vt 0.750000 0.500000
vt 0.750000 0.583333
vt 0.750000 0.666667
vt 0.750000 0.750000
vt 0.750000 0.833333
vt 0.833333 1.000000
vt 0.833333 0.916667
vt 0.833333 0.083333
vt 0.833333 0.000000
vt 0.833333 0.166667
vt 0.833333 0.250000
vt 0.833333 0.333333
vt 0.833333 0.416667
vt 0.833333 0.500000
vt 0.833333 0.583333
vt 0.833333 0.666667
vt 0.833333 0.750000
vt 0.833333 0.833333
vt 0.916667 1.000000
vt 0.916667 0.916667
vt 0.916667 0.083333
vt 0.916667 0.000000
vt 0.916667 0.166667
vt 0.916667 0.250000
vt 0.916667 0.333333
vt 0.916667 0.416667
vt 0.916667 0.500000
vt 0.916667 0.583333
vt 0.916667 0.666667
vt 0.916667 0.750000
vt 0.916667 0.833333
vt 1.000000 1.000000
vt 1.000000 0.916667
vt 1.000000 0.083333
vt 1.000000 0.000000
vt 1.000000 0.166667
vt 1.000000 0.250000
vt 1.000000 0.333333
vt 1.000000 0.416667
vt 1.000000 0.500000
vt 1.000000 0.583333
vt 1.000000 0.666667
vt 1.000000 0.750000
vt 1.000000 0.833333
vn 0.9636 0.2586 0.0673
vn 0.7058 0.7068 0.0483
vn 0.2585 0.9659 0.0170
vn -0.2586 0.9659 -0.0159
vn -0.7064 0.7067 -0.0404
vn -0.9646 0.2585 -0.0521
vn -0.9646 -0.2585 -0.0521
vn -0.7064 -0.7067 -0.0404
vn -0.2586 -0.9659 -0.0159
vn 0.2585 -0.9659 0.0170
vn 0.7058 -0.7068 0.0483
vn 0.9636 -0.2586 0.0673
vn 0.9484 0.2583 0.1838
vn 0.6949 0.7064 0.1347
vn 0.2546 0.9658 0.0493
vn -0.2546 0.9658 -0.0493
vn -0.6949 0.7064 -0.1345
vn -0.9485 0.2583 -0.1835
vn -0.9485 -0.2583 -0.1835
vn -0.6949 -0.7064 -0.1345
vn -0.2546 -0.9658 -0.0493
vn 0.2546 -0.9658 0.0493
vn 0.6949 -0.7064 0.1347
vn 0.9484 -0.2583 0.1838
vn 0.9169 0.2583 0.3043
vn 0.6718 0.7064 0.2230
vn 0.2461 0.9658 0.0817
vn -0.2461 0.9658 -0.0816
vn -0.6719 0.7064 -0.2227
vn -0.9170 0.2583 -0.3038
vn -0.9170 -0.2583 -0.3038
vn -0.6719 -0.7064 -0.2227
vn -0.2461 -0.9658 -0.0816
vn 0.2461 -0.9658 0.0817
vn 0.6718 -0.7064 0.2230
vn 0.9169 -0.2583 0.3043
vn 0.8694 0.2583 0.4213
vn 0.6370 0.7063 0.3087
vn 0.2334 0.9658 0.1131
vn -0.2334 0.9658 -0.1130
vn -0.6371 0.7063 -0.3084
vn -0.8696 0.2583 -0.4208
vn -0.8696 -0.2583 -0.4208
vn -0.6371 -0.7063 -0.3084
vn -0.2334 -0.9658 -0.1130
vn 0.2334 -0.9658 0.1131
vn 0.6370 -0.7063 0.3087
vn 0.8694 -0.2583 0.4213
vn 0.8060 0.2583 0.5326
vn 0.5906 0.7063 0.3903
vn 0.2164 0.9658 0.1430
vn -0.2164 0.9658 -0.1430
vn -0.5907 0.7063 -0.3901
vn -0.8062 0.2583 -0.5323
vn -0.8062 -0.2583 -0.5323
vn -0.5907 -0.7063 -0.3901
vn -0.2164 -0.9658 -0.1430
vn 0.2164 -0.9658 0.1430
vn 0.5906 -0.7063 0.3903
vn 0.8060 -0.2583 0.5326
vn 0.7274 0.2583 0.6357
vn 0.5330 0.7063 0.4658
vn 0.1953 0.9658 0.1707
vn -0.1953 0.9658 -0.1707
vn -0.5330 0.7063 -0.4658
vn -0.7274 0.2583 -0.6357
vn -0.7274 -0.2583 -0.6357
vn -0.5330 -0.7063 -0.4658
vn -0.1953 -0.9658 -0.1707
vn 0.1953 -0.9658 0.1707
vn 0.5330 -0.7063 0.4658
vn 0.7274 -0.2583 0.6357
vn 0.6357 0.2583 0.7274
vn 0.4658 0.7063 0.5330
vn 0.1707 0.9658 0.1953
vn -0.1707 0.9658 -0.1953
vn -0.4658 0.7063 -0.5330
vn -0.6357 0.2583 -0.7274
vn -0.6357 -0.2583 -0.7274
vn -0.4658 -0.7063 -0.5330
vn -0.1707 -0.9658 -0.1953
vn 0.1707 -0.9658 0.1953
vn 0.4658 -0.7063 0.5330
vn 0.6357 -0.2583 0.7274
vn 0.5326 0.2583 0.8060
vn 0.3903 0.7063 0.5906
vn 0.1430 0.9658 0.2164
vn -0.1430 0.9658 -0.2164
vn -0.3901 0.7063 -0.5907
vn -0.5322 0.2583 -0.8062
vn -0.5322 -0.2583 -0.8062
vn -0.3901 -0.7063 -0.5907
vn -0.1430 -0.9658 -0.2164
vn 0.1430 -0.9658 0.2164
vn 0.3903 -0.7063 0.5906
vn 0.5326 -0.2583 0.8060
vn 0.4213 0.2583 0.8694
vn 0.3087 0.7063 0.6370
vn 0.1131 0.9658 0.2334
vn -0.1130 0.9658 -0.2334
vn -0.3084 0.7063 -0.6371
vn -0.4208 0.2583 -0.8696
vn -0.4208 -0.2583 -0.8696
vn -0.3084 -0.7063 -0.6371
vn -0.1130 -0.9658 -0.2334
vn 0.1131 -0.9658 0.2334
vn 0.3087 -0.7063 0.6370
vn 0.4213 -0.2583 0.8694
vn 0.3043 0.2583 0.9169
vn 0.2230 0.7064 0.6718
vn 0.0817 0.9658 0.2461
vn -0.0816 0.9658 -0.2461
vn -0.2227 0.7064 -0.6719
vn -0.3038 0.2583 -0.9170
vn -0.3038 -0.2583 -0.9170
vn -0.2227 -0.7064 -0.6719
vn -0.0816 -0.9658 -0.2461
vn 0.0817 -0.9658 0.2461
vn 0.2230 -0.7064 0.6718
vn 0.3043 -0.2583 0.9169
vn 0.1838 0.2583 0.9484
vn 0.1347 0.7064 0.6949
vn 0.0493 0.9658 0.2546
vn -0.0493 0.9658 -0.2546
vn -0.1345 0.7064 -0.6949
vn -0.1835 0.2583 -0.9485
vn -0.1835 -0.2583 -0.9485
vn -0.1345 -0.7064 -0.6949
vn -0.0493 -0.9658 -0.2546
vn 0.0493 -0.9658 0.2546
vn 0.1347 -0.7064 0.6949
vn 0.1838 -0.2583 0.9484
vn 0.0615 0.2583 0.9641
vn 0.0450 0.7064 0.7064
vn 0.0165 0.9658 0.2588
vn -0.0165 0.9658 -0.2588
vn -0.0450 0.7064 -0.7064
vn -0.0614 0.2583 -0.9641
vn -0.0614 -0.2583 -0.9641
vn -0.0450 -0.7064 -0.7064
vn -0.0165 -0.9658 -0.2588
vn 0.0165 -0.9658 0.2588
vn 0.0450 -0.7064 0.7064
vn 0.0615 -0.2583 0.9641
vn -0.0615 0.2583 0.9641
vn -0.0450 0.7064 0.7064
vn -0.0165 0.9658 0.2588
vn 0.0165 0.9658 -0.2588
vn 0.0450 0.7064 -0.7064
vn 0.0614 0.2583 -0.9641
vn 0.0614 -0.2583 -0.9641
vn 0.0450 -0.7064 -0.7064
vn 0.0165 -0.9658 -0.2588
vn -0.0165 -0.9658 0.2588
vn -0.0450 -0.7064 0.7064
vn -0.0615 -0.2583 0.9641
vn -0.1838 0.2583 0.9484
vn -0.1347 0.7064 0.6949
vn -0.0493 0.9658 0.2546
vn 0.0493 0.9658 -0.2546
vn 0.1345 0.7064 -0.6949
vn 0.1835 0.2583 -0.9485
vn 0.1835 -0.2583 -0.9485
vn 0.1345 -0.7064 -0.6949
vn 0.0493 -0.9658 -0.2546
vn -0.0493 -0.9658 0.2546
vn -0.1347 -0.7064 0.6949
vn -0.1838 -0.2583 0.9484
vn -0.3043 0.2583 0.9169
vn -0.2230 0.7064 0.6718
vn -0.0817 0.9658 0.2461
vn 0.0816 0.9658 -0.2461
vn 0.2227 0.7064 -0.6719
vn 0.3038 0.2583 -0.9170
vn 0.3038 -0.2583 -0.9170
vn 0.2227 -0.7064 -0.6719
vn 0.0816 -0.9658 -0.2461
vn -0.0817 -0.9658 0.2461
vn -0.2230 -0.7064 0.6718
vn -0.3043 -0.2583 0.9169
vn -0.4213 0.2583 0.8694
vn -0.3087 0.7063 0.6370
vn -0.1131 0.9658 0.2334
vn 0.1130 0.9658 -0.2334
vn 0.3084 0.7063 -0.6371
vn 0.4208 0.2583 -0.8696
vn 0.4208 -0.2583 -0.8696
vn 0.3084 -0.7063 -0.6371
vn 0.1130 -0.9658 -0.2334
vn -0.1131 -0.9658 0.2334
vn -0.3087 -0.7063 0.6370
vn -0.4213 -0.2583 0.8694
vn -0.5326 0.2583 0.8060
vn -0.3903 0.7063 0.5906
vn -0.1430 0.9658 0.2164
vn 0.1430 0.9658 -0.2164
vn 0.3901 0.7063 -0.5907
vn 0.5323 0.2583 -0.8062
vn 0.5323 -0.2583 -0.8062
vn 0.3901 -0.7063 -0.5907
vn 0.1430 -0.9658 -0.2164
vn -0.1430 -0.9658 0.2164
vn -0.3903 -0.7063 0.5906
vn -0.5326 -0.2583 0.8060
vn -0.6325 0.2585 0.7301
vn -0.4638 0.7066 0.5344
vn -0.1703 0.9658 0.1954
vn 0.1709 0.9658 -0.1949
vn 0.4687 0.7066 -0.5302
vn 0.6421 0.2584 -0.7218
vn 0.6421 -0.2584 -0.7217
vn 0.4687 -0.7066 -0.5302
vn 0.1709 -0.9658 -0.1949
vn -0.1703 -0.9658 0.1954
vn -0.4638 -0.7066 0.5344
vn -0.6325 -0.2585 0.7301
vn -0.6830 0.2587 0.6831
vn -0.5000 0.7070 0.5001
vn -0.1831 0.9659 0.1831
vn 0.1831 0.9659 -0.1831
vn 0.5001 0.7070 -0.5000
vn 0.6831 0.2588 -0.6830
vn 0.6831 -0.2587 -0.6830
vn 0.5001 -0.7070 -0.5000
vn 0.1831 -0.9659 -0.1831
vn -0.1831 -0.9659 0.1831
vn -0.5000 -0.7070 0.5001
vn -0.6830 -0.2588 0.6831
vn 0.9659 0.2586 -0.0105
vn 0.7071 0.7065 -0.0286
vn 0.2588 0.9651 -0.0391
vn -0.2588 0.9651 -0.0391
vn -0.7071 0.7065 -0.0286
vn -0.9659 0.2586 -0.0105
vn -0.9659 -0.2586 0.0105
vn -0.7071 -0.7065 0.0286
vn -0.2588 -0.9651 0.0391
vn 0.2588 -0.9651 0.0391
vn 0.7071 -0.7065 0.0286
vn 0.9659 -0.2586 0.0105
vn 0.0000 0.2588 -0.9659
vn 0.0000 0.7071 -0.7071
vn 0.0000 0.9659 -0.2588
vn -0.0000 0.9659 0.2588
vn -0.0000 0.7071 0.7071
vn -0.0000 0.2588 0.9659
vn -0.0000 -0.2588 0.9659
vn -0.0000 -0.7071 0.7071
vn -0.0000 -0.9659 0.2588
vn 0.0000 -0.9659 -0.2588
vn 0.0000 -0.7071 -0.7071
vn 0.0000 -0.2588 -0.9659
vn 0.6830 0.2588 -0.6830
vn 0.5000 0.7071 -0.5000
vn 0.1830 0.9659 -0.1830
vn -0.1830 0.9659 0.1830
vn -0.5000 0.7071 0.5000
vn -0.6830 0.2588 0.6830
vn -0.6830 -0.2588 0.6830
vn -0.5000 -0.7071 0.5000
vn -0.1830 -0.9659 0.1830
vn 0.1830 -0.9659 -0.1830
vn 0.5000 -0.7071 -0.5000
vn 0.6830 -0.2588 -0.6830
vn 0.9659 0.2588 0.0000
vn 0.7071 0.7071 0.0000
vn 0.2588 0.9659 0.0000
vn -0.2588 0.9659 0.0000
vn -0.7071 0.7071 -0.0000
vn -0.9659 0.2588 -0.0000
vn -0.9659 -0.2588 -0.0000
vn -0.7071 -0.7071 -0.0000
vn -0.2588 -0.9659 -0.0000
vn 0.2588 -0.9659 0.0000
vn 0.7071 -0.7071 0.0000
vn 0.9659 -0.2588 0.0000
vn -0.0521 0.2585 -0.9646
vn -0.0404 0.7067 -0.7064
vn -0.0159 0.9659 -0.2586
vn 0.0170 0.9659 0.2585
vn 0.0483 0.7068 0.7058
vn 0.0672 0.2586 0.9636
vn 0.0672 -0.2586 0.9636
vn 0.0483 -0.7068 0.7058
vn 0.0170 -0.9659 0.2585
vn -0.0159 -0.9659 -0.2586
vn -0.0404 -0.7067 -0.7064
vn -0.0521 -0.2585 -0.9646
vn -0.9641 0.2583 -0.0613
vn -0.7064 0.7064 -0.0450
vn -0.2588 0.9658 -0.0165
vn 0.2588 0.9658 0.0165
vn 0.7064 0.7064 0.0450
vn 0.9641 0.2583 0.0615
vn 0.9641 -0.2583 0.0615
vn 0.7064 -0.7064 0.0450
vn 0.2588 -0.9658 0.0165
vn -0.2588 -0.9658 -0.0165
vn -0.7064 -0.7064 -0.0450
vn -0.9641 -0.2583 -0.0613
vn -0.9641 0.2583 0.0613
vn -0.7064 0.7064 0.0450
vn -0.2588 0.9658 0.0165
vn 0.2588 0.9658 -0.0165
vn 0.7064 0.7064 -0.0450
vn 0.9641 0.2583 -0.0615
vn 0.9641 -0.2583 -0.0615
vn 0.7064 -0.7064 -0.0450
vn 0.2588 -0.9658 -0.0165
vn -0.2588 -0.9658 0.0165
vn -0.7064 -0.7064 0.0450
vn -0.9641 -0.2583 0.0613
vn -0.9485 0.2583 0.1835
vn -0.6949 0.7064 0.1345
vn -0.2546 0.9658 0.0493
vn 0.2546 0.9658 -0.0493
vn 0.6949 0.7064 -0.1347
vn 0.9484 0.2583 -0.1838
vn 0.9484 -0.2583 -0.1838
vn 0.6949 -0.7064 -0.1347
vn 0.2546 -0.9658 -0.0493
vn -0.2546 -0.9658 0.0493
vn -0.6949 -0.7064 0.1345
vn -0.9485 -0.2583 0.1835
vn -0.9170 0.2583 0.3038
vn -0.6719 0.7064 0.2227
vn -0.2461 0.9658 0.0816
vn 0.2461 0.9658 -0.0817
vn 0.6718 0.7064 -0.2230
vn 0.9169 0.2583 -0.3043
vn 0.9169 -0.2583 -0.3043
vn 0.6718 -0.7064 -0.2230
vn 0.2461 -0.9658 -0.0817
vn -0.2461 -0.9658 0.0816
vn -0.6719 -0.7064 0.2227
vn -0.9170 -0.2583 0.3038
vn -0.8696 0.2583 0.4208
vn -0.6372 0.7063 0.3084
vn -0.2334 0.9658 0.1130
vn 0.2334 0.9658 -0.1131
vn 0.6370 0.7063 -0.3087
vn 0.8694 0.2583 -0.4213
vn 0.8694 -0.2583 -0.4213
vn 0.6370 -0.7063 -0.3087
vn 0.2334 -0.9658 -0.1131
vn -0.2334 -0.9658 0.1130
vn -0.6371 -0.7063 0.3084
vn -0.8696 -0.2583 0.4208
vn -0.8062 0.2583 0.5322
vn -0.5907 0.7063 0.3901
vn -0.2164 0.9658 0.1430
vn 0.2164 0.9658 -0.1430
vn 0.5906 0.7063 -0.3903
vn 0.8060 0.2583 -0.5326
vn 0.8060 -0.2583 -0.5326
vn 0.5906 -0.7063 -0.3903
vn 0.2164 -0.9658 -0.1430
vn -0.2164 -0.9658 0.1430
vn -0.5907 -0.7063 0.3901
vn -0.8062 -0.2583 0.5322
vn -0.7210 0.2585 0.6430
vn -0.5296 0.7066 0.4692
vn -0.1947 0.9658 0.1709
vn 0.1954 0.9659 -0.1701
vn 0.5349 0.7068 -0.4629
vn 0.7314 0.2586 -0.6311
vn 0.7314 -0.2586 -0.6311
vn 0.5350 -0.7068 -0.4629
vn 0.1954 -0.9659 -0.1701
vn -0.1947 -0.9658 0.1709
vn -0.5296 -0.7066 0.4692
vn -0.7210 -0.2585 0.6430
vn 0.9644 0.2585 -0.0551
vn 0.7063 0.7066 -0.0427
vn 0.2586 0.9658 -0.0168
vn -0.2585 0.9659 0.0179
vn -0.7056 0.7068 0.0509
vn -0.9634 0.2586 0.0709
vn -0.9634 -0.2586 0.0709
vn -0.7056 -0.7068 0.0509
vn -0.2585 -0.9659 0.0179
vn 0.2586 -0.9658 -0.0168
vn 0.7063 -0.7066 -0.0427
vn 0.9644 -0.2585 -0.0551
vn 0.9464 0.2583 -0.1937
vn 0.6935 0.7063 -0.1419
vn 0.2541 0.9658 -0.0519
vn -0.2541 0.9658 0.0519
vn -0.6936 0.7063 0.1416
vn -0.9465 0.2583 0.1933
vn -0.9465 -0.2583 0.1933
vn -0.6936 -0.7063 0.1416
vn -0.2541 -0.9658 0.0519
vn 0.2541 -0.9658 -0.0519
vn 0.6935 -0.7063 -0.1419
vn 0.9464 -0.2583 -0.1937
vn 0.9124 0.2583 -0.3174
vn 0.6686 0.7063 -0.2324
vn 0.2450 0.9658 -0.0851
vn -0.2450 0.9658 0.0851
vn -0.6687 0.7063 0.2322
vn -0.9126 0.2583 0.3168
vn -0.9126 -0.2583 0.3168
vn -0.6687 -0.7063 0.2322
vn -0.2450 -0.9658 0.0851
vn 0.2450 -0.9658 -0.0851
vn 0.6686 -0.7063 -0.2324
vn 0.9124 -0.2583 -0.3174
vn 0.8633 0.2583 -0.4336
vn 0.6326 0.7064 -0.3176
vn 0.2318 0.9658 -0.1163
vn -0.2318 0.9658 0.1163
vn -0.6327 0.7064 0.3174
vn -0.8635 0.2583 0.4332
vn -0.8635 -0.2583 0.4332
vn -0.6327 -0.7064 0.3174
vn -0.2318 -0.9658 0.1163
vn 0.2318 -0.9658 -0.1163
vn 0.6326 -0.7064 -0.3176
vn 0.8633 -0.2583 -0.4336
vn 0.8004 0.2583 -0.5409
vn 0.5865 0.7064 -0.3963
vn 0.2149 0.9658 -0.1452
vn -0.2149 0.9658 0.1451
vn -0.5866 0.7064 0.3961
vn -0.8006 0.2583 0.5406
vn -0.8006 -0.2583 0.5406
vn -0.5866 -0.7064 0.3961
vn -0.2149 -0.9658 0.1451
vn 0.2149 -0.9658 -0.1452
vn 0.5865 -0.7064 -0.3963
vn 0.8004 -0.2583 -0.5409
vn 0.7251 0.2583 -0.6384
vn 0.5313 0.7064 -0.4677
vn 0.1946 0.9658 -0.1713
vn -0.1947 0.9658 0.1713
vn -0.5313 0.7064 0.4677
vn -0.7252 0.2583 0.6383
vn -0.7252 -0.2583 0.6383
vn -0.5313 -0.7064 0.4677
vn -0.1947 -0.9658 0.1713
vn 0.1946 -0.9658 -0.1713
vn 0.5313 -0.7064 -0.4677
vn 0.7251 -0.2583 -0.6384
vn 0.6384 0.2583 -0.7251
vn 0.4677 0.7064 -0.5313
vn 0.1713 0.9658 -0.1946
vn -0.1713 0.9658 0.1946
vn -0.4677 0.7064 0.5313
vn -0.6383 0.2583 0.7252
vn -0.6383 -0.2583 0.7252
vn -0.4677 -0.7064 0.5313
vn -0.1713 -0.9658 0.1947
vn 0.1713 -0.9658 -0.1946
vn 0.4677 -0.7064 -0.5313
vn 0.6384 -0.2583 -0.7251
vn 0.5409 0.2583 -0.8004
vn 0.3963 0.7064 -0.5865
vn 0.1452 0.9658 -0.2149
vn -0.1451 0.9658 0.2149
vn -0.3961 0.7064 0.5866
vn -0.5406 0.2583 0.8006
vn -0.5407 -0.2583 0.8006
vn -0.3961 -0.7064 0.5866
vn -0.1451 -0.9658 0.2149
vn 0.1452 -0.9658 -0.2149
vn 0.3963 -0.7064 -0.5865
vn 0.5409 -0.2583 -0.8004
vn 0.4336 0.2583 -0.8633
vn 0.3176 0.7064 -0.6326
vn 0.1163 0.9658 -0.2318
vn -0.1163 0.9658 0.2318
vn -0.3174 0.7064 0.6327
vn -0.4331 0.2583 0.8635
vn -0.4331 -0.2583 0.8635
vn -0.3174 -0.7064 0.6327
vn -0.1163 -0.9658 0.2318
vn 0.1163 -0.9658 -0.2318
vn 0.3176 -0.7064 -0.6326
vn 0.4336 -0.2583 -0.8633
vn 0.3174 0.2583 -0.9124
vn 0.2324 0.7063 -0.6686
vn 0.0851 0.9658 -0.2450
vn -0.0851 0.9658 0.2450
vn -0.2322 0.7063 0.6687
vn -0.3168 0.2583 0.9126
vn -0.3168 -0.2583 0.9126
vn -0.2322 -0.7063 0.6687
vn -0.0851 -0.9658 0.2450
vn 0.0851 -0.9658 -0.2450
vn 0.2324 -0.7063 -0.6686
vn 0.3174 -0.2583 -0.9124
vn 0.1937 0.2583 -0.9464
vn 0.1419 0.7063 -0.6935
vn 0.0519 0.9658 -0.2541
vn -0.0519 0.9658 0.2541
vn -0.1416 0.7063 0.6936
vn -0.1933 0.2583 0.9465
vn -0.1933 -0.2583 0.9465
vn -0.1416 -0.7063 0.6936
vn -0.0519 -0.9658 0.2541
vn 0.0519 -0.9658 -0.2541
vn 0.1419 -0.7063 -0.6935
vn 0.1937 -0.2583 -0.9464
vn 0.0552 0.2584 -0.9644
vn 0.0427 0.7066 -0.7063
vn 0.0168 0.9658 -0.2586
vn -0.0179 0.9659 0.2585
vn -0.0509 0.7068 0.7056
vn -0.0709 0.2586 0.9634
vn -0.0709 -0.2586 0.9634
vn -0.0509 -0.7068 0.7056
vn -0.0179 -0.9659 0.2585
vn 0.0168 -0.9658 -0.2586
vn 0.0427 -0.7066 -0.7063
vn 0.0552 -0.2585 -0.9644
vn 0.0551 0.2585 0.9644
vn 0.0427 0.7066 0.7063
vn 0.0168 0.9658 0.2586
vn -0.0179 0.9659 -0.2585
vn -0.0509 0.7068 -0.7056
vn -0.0709 0.2586 -0.9634
vn -0.0709 -0.2586 -0.9634
vn -0.0509 -0.7068 -0.7056
vn -0.0179 -0.9659 -0.2585
vn 0.0168 -0.9658 0.2586
vn 0.0427 -0.7066 0.7063
vn 0.0552 -0.2585 0.9644
vn 0.1937 0.2583 0.9464
vn 0.1419 0.7063 0.6935
vn 0.0519 0.9658 0.2541
vn -0.0519 0.9658 -0.2541
vn -0.1416 0.7063 -0.6936
vn -0.1933 0.2583 -0.9465
vn -0.1933 -0.2583 -0.9465
vn -0.1416 -0.7063 -0.6936
vn -0.0519 -0.9658 -0.2541
vn 0.0519 -0.9658 0.2541
vn 0.1419 -0.7063 0.6935
vn 0.1937 -0.2583 0.9464
vn 0.3174 0.2583 0.9124
vn 0.2324 0.7063 0.6686
vn 0.0851 0.9658 0.2450
vn -0.0851 0.9658 -0.2450
vn -0.2322 0.7063 -0.6687
vn -0.3168 0.2583 -0.9126
vn -0.3168 -0.2583 -0.9126
vn -0.2322 -0.7063 -0.6687
vn -0.0851 -0.9658 -0.2450
vn 0.0851 -0.9658 0.2450
vn 0.2324 -0.7063 0.6686
vn 0.3174 -0.2583 0.9124
vn 0.4336 0.2583 0.8633
vn 0.3176 0.7064 0.6326
vn 0.1163 0.9658 0.2318
vn -0.1163 0.9658 -0.2318
vn -0.3174 0.7064 -0.6327
vn -0.4332 0.2583 -0.8635
vn -0.4332 -0.2583 -0.8635
vn -0.3174 -0.7064 -0.6327
vn -0.1163 -0.9658 -0.2318
vn 0.1163 -0.9658 0.2318
vn 0.3176 -0.7064 0.6326
vn 0.4336 -0.2583 0.8633
vn 0.5409 0.2583 0.8004
vn 0.3963 0.7064 0.5865
vn 0.1452 0.9658 0.2149
vn -0.1451 0.9658 -0.2149
vn -0.3961 0.7064 -0.5866
vn -0.5406 0.2583 -0.8006
vn -0.5406 -0.2583 -0.8006
vn -0.3961 -0.7064 -0.5866
vn -0.1451 -0.9658 -0.2149
vn 0.1452 -0.9658 0.2149
vn 0.3963 -0.7064 0.5865
vn 0.5409 -0.2583 0.8004
vn 0.6384 0.2583 0.7251
vn 0.4677 0.7064 0.5313
vn 0.1713 0.9658 0.1946
vn -0.1713 0.9658 -0.1946
vn -0.4677 0.7064 -0.5313
vn -0.6383 0.2583 -0.7252
vn -0.6383 -0.2583 -0.7252
vn -0.4676 -0.7064 -0.5313
vn -0.1713 -0.9658 -0.1947
vn 0.1713 -0.9658 0.1946
vn 0.4677 -0.7064 0.5313
vn 0.6383 -0.2583 0.7251
vn 0.7251 0.2583 0.6384
vn 0.5313 0.7064 0.4677
vn 0.1946 0.9658 0.1713
vn -0.1946 0.9658 -0.1713
vn -0.5313 0.7064 -0.4677
vn -0.7252 0.2583 -0.6383
vn -0.7252 -0.2583 -0.6383
vn -0.5313 -0.7064 -0.4677
vn -0.1947 -0.9658 -0.1713
vn 0.1946 -0.9658 0.1713
vn 0.5313 -0.7064 0.4677
vn 0.7251 -0.2583 0.6384
vn 0.8004 0.2583 0.5409
vn 0.5865 0.7064 0.3963
vn 0.2149 0.9658 0.1452
vn -0.2149 0.9658 -0.1451
vn -0.5866 0.7064 -0.3961
vn -0.8006 0.2583 -0.5406
vn -0.8006 -0.2583 -0.5406
vn -0.5866 -0.7064 -0.3961
vn -0.2149 -0.9658 -0.1451
vn 0.2149 -0.9658 0.1452
vn 0.5865 -0.7064 0.3963
vn 0.8004 -0.2583 0.5409
vn 0.8633 0.2583 0.4336
vn 0.6326 0.7064 0.3176
vn 0.2318 0.9658 0.1163
vn -0.2318 0.9658 -0.1163
vn -0.6327 0.7064 -0.3174
vn -0.8635 0.2583 -0.4332
vn -0.8635 -0.2583 -0.4332
vn -0.6327 -0.7064 -0.3174
vn -0.2318 -0.9658 -0.1163
vn 0.2318 -0.9658 0.1163
vn 0.6326 -0.7064 0.3176
vn 0.8633 -0.2583 0.4336
vn 0.9124 0.2583 0.3174
vn 0.6686 0.7063 0.2324
vn 0.2450 0.9658 0.0851
vn -0.2450 0.9658 -0.0851
vn -0.6687 0.7063 -0.2322
vn -0.9126 0.2583 -0.3168
vn -0.9126 -0.2583 -0.3168
vn -0.6687 -0.7063 -0.2322
vn -0.2450 -0.9658 -0.0851
vn 0.2450 -0.9658 0.0851
vn 0.6686 -0.7063 0.2324
vn 0.9124 -0.2583 0.3174
vn 0.9464 0.2583 0.1937
vn 0.6935 0.7063 0.1419
vn 0.2541 0.9658 0.0519
vn -0.2541 0.9658 -0.0519
vn -0.6936 0.7063 -0.1416
vn -0.9465 0.2583 -0.1933
vn -0.9465 -0.2583 -0.1933
vn -0.6936 -0.7063 -0.1416
vn -0.2541 -0.9658 -0.0519
vn 0.2541 -0.9658 0.0519
vn 0.6935 -0.7063 0.1419
vn 0.9464 -0.2583 0.1937
vn 0.9644 0.2584 0.0551
vn 0.7063 0.7066 0.0427
vn 0.2586 0.9658 0.0168
vn -0.2585 0.9659 -0.0179
vn -0.7056 0.7068 -0.0509
vn -0.9634 0.2586 -0.0709
vn -0.9634 -0.2586 -0.0709
vn -0.7056 -0.7068 -0.0509
vn -0.2585 -0.9659 -0.0179
vn 0.2586 -0.9658 0.0168
vn 0.7063 -0.7066 0.0427
vn 0.9644 -0.2585 0.0551
vn -0.9644 0.2584 0.0551
vn -0.7063 0.7066 0.0427
vn -0.2586 0.9658 0.0168
vn 0.2585 0.9659 -0.0179
vn 0.7056 0.7068 -0.0509
vn 0.9634 0.2586 -0.0709
vn 0.9634 -0.2586 -0.0709
vn 0.7056 -0.7068 -0.0509
vn 0.2585 -0.9659 -0.0179
vn -0.2586 -0.9658 0.0168
vn -0.7063 -0.7066 0.0427
vn -0.9644 -0.2585 0.0551
vn -0.9464 0.2583 0.1937
vn -0.6935 0.7063 0.1419
vn 0.6936 0.7063 -0.1416
vn 0.9465 0.2583 -0.1933
vn 0.9465 -0.2583 -0.1933
vn 0.6936 -0.7063 -0.1416
vn -0.6935 -0.7063 0.1419
vn -0.9464 -0.2583 0.1937
vn -0.9124 0.2583 0.3174
vn -0.6686 0.7063 0.2324
vn 0.6687 0.7063 -0.2322
vn 0.9126 0.2583 -0.3168
vn 0.9126 -0.2583 -0.3168
vn 0.6687 -0.7063 -0.2322
vn -0.6686 -0.7063 0.2324
vn -0.9124 -0.2583 0.3174
vn -0.8633 0.2583 0.4336
vn -0.6326 0.7064 0.3176
vn 0.6327 0.7064 -0.3174
vn 0.8635 0.2583 -0.4332
vn 0.8635 -0.2583 -0.4331
vn 0.6327 -0.7064 -0.3174
vn -0.6326 -0.7064 0.3176
vn -0.8633 -0.2583 0.4336
vn -0.8004 0.2583 0.5409
vn -0.5865 0.7064 0.3963
vn -0.2149 0.9658 0.1452
vn 0.2149 0.9658 -0.1451
vn 0.5866 0.7064 -0.3961
vn 0.8006 0.2583 -0.5406
vn 0.8006 -0.2583 -0.5406
vn 0.5866 -0.7064 -0.3961
vn 0.2149 -0.9658 -0.1451
vn -0.2149 -0.9658 0.1452
vn -0.5865 -0.7064 0.3963
vn -0.8004 -0.2583 0.5409
vn -0.7251 0.2583 0.6384
vn -0.1946 0.9658 0.1713
vn 0.1947 0.9658 -0.1713
vn 0.7252 0.2583 -0.6383
vn 0.7252 -0.2583 -0.6383
vn 0.5313 -0.7064 -0.4676
vn 0.1947 -0.9658 -0.1713
vn -0.1946 -0.9658 0.1713
vn -0.7251 -0.2583 0.6383
vn -0.6384 0.2583 0.7251
vn 0.6383 0.2583 -0.7252
vn 0.6383 -0.2583 -0.7252
vn -0.1713 -0.9658 0.1946
vn -0.6383 -0.2583 0.7251
vn -0.5409 0.2583 0.8004
vn -0.3963 0.7064 0.5865
vn -0.1452 0.9658 0.2149
vn 0.1451 0.9658 -0.2149
vn 0.3961 0.7064 -0.5866
vn 0.5406 0.2583 -0.8006
vn 0.5406 -0.2583 -0.8006
vn 0.3961 -0.7064 -0.5866
vn 0.1451 -0.9658 -0.2149
vn -0.1452 -0.9658 0.2149
vn -0.3963 -0.7064 0.5865
vn -0.5409 -0.2583 0.8004
vn -0.4336 0.2583 0.8633
vn -0.3176 0.7064 0.6326
vn 0.3174 0.7064 -0.6327
vn 0.4332 0.2583 -0.8635
vn 0.4332 -0.2583 -0.8635
vn 0.3174 -0.7064 -0.6327
vn -0.3176 -0.7064 0.6326
vn -0.4336 -0.2583 0.8633
vn -0.3174 0.2583 0.9124
vn -0.2324 0.7063 0.6686
vn 0.2322 0.7063 -0.6687
vn 0.3168 0.2583 -0.9126
vn 0.3168 -0.2583 -0.9126
vn 0.2322 -0.7063 -0.6687
vn -0.2324 -0.7063 0.6686
vn -0.3174 -0.2583 0.9124
vn -0.1937 0.2583 0.9464
vn -0.1419 0.7063 0.6935
vn 0.1416 0.7063 -0.6936
vn 0.1933 0.2583 -0.9465
vn 0.1933 -0.2583 -0.9465
vn 0.1416 -0.7063 -0.6936
vn -0.1419 -0.7063 0.6935
vn -0.1937 -0.2583 0.9464
vn -0.0552 0.2585 0.9644
vn -0.0427 0.7066 0.7063
vn -0.0168 0.9658 0.2586
vn 0.0179 0.9659 -0.2585
vn 0.0509 0.7068 -0.7056
vn 0.0709 0.2586 -0.9634
vn 0.0709 -0.2586 -0.9634
vn 0.0509 -0.7068 -0.7056
vn 0.0179 -0.9659 -0.2585
vn -0.0168 -0.9658 0.2586
vn -0.0427 -0.7066 0.7063
vn -0.0552 -0.2585 0.9644
vn -0.7071 -0.0000 -0.7071
usemtl マテリアル.001
s off
f 1057/1145/773 1069/1146/773 1080/1147/773 1068/1148/773
f 1058/1149/774 1070/1150/774 1069/1151/774 1057/1152/774
f 1059/1153/775 1071/1154/775 1070/1150/775 1058/1149/775
f 1060/1155/776 1072/1156/776 1071/1154/776 1059/1153/776
f 1061/1157/777 1073/1158/777 1072/1156/777 1060/1155/777
f 1062/1159/778 1074/1160/778 1073/1158/778 1061/1157/778
f 1063/1161/779 1075/1162/779 1074/1160/779 1062/1159/779
f 1064/1163/780 1076/1164/780 1075/1162/780 1063/1161/780
f 1065/1165/781 1077/1166/781 1076/1164/781 1064/1163/781
f 1066/1167/782 1078/1168/782 1077/1166/782 1065/1165/782
f 1067/1169/783 1079/1170/783 1078/1168/783 1066/1167/783
f 1068/1148/784 1080/1147/784 1079/1170/784 1067/1169/784
f 1069/1146/785 1081/1171/785 1092/1172/785 1080/1147/785
f 1070/1150/786 1082/1173/786 1081/1174/786 1069/1151/786
f 1071/1154/787 1083/1175/787 1082/1173/787 1070/1150/787
f 1072/1156/788 1084/1176/788 1083/1175/788 1071/1154/788
f 1073/1158/789 1085/1177/789 1084/1176/789 1072/1156/789
f 1074/1160/790 1086/1178/790 1085/1177/790 1073/1158/790
f 1075/1162/791 1087/1179/791 1086/1178/791 1074/1160/791
f 1076/1164/792 1088/1180/792 1087/1179/792 1075/1162/792
f 1077/1166/793 1089/1181/793 1088/1180/793 1076/1164/793
f 1078/1168/794 1090/1182/794 1089/1181/794 1077/1166/794
f 1079/1170/795 1091/1183/795 1090/1182/795 1078/1168/795
f 1080/1147/796 1092/1172/796 1091/1183/796 1079/1170/796
f 1081/1171/797 1093/1184/797 1104/1185/797 1092/1172/797
f 1082/1173/798 1094/1186/798 1093/1187/798 1081/1174/798
f 1083/1175/799 1095/1188/799 1094/1186/799 1082/1173/799
f 1084/1176/800 1096/1189/800 1095/1188/800 1083/1175/800
f 1085/1177/801 1097/1190/801 1096/1189/801 1084/1176/801
f 1086/1178/802 1098/1191/802 1097/1190/802 1085/1177/802
f 1087/1179/803 1099/1192/803 1098/1191/803 1086/1178/803
f 1088/1180/804 1100/1193/804 1099/1192/804 1087/1179/804
f 1089/1181/805 1101/1194/805 1100/1193/805 1088/1180/805
f 1090/1182/806 1102/1195/806 1101/1194/806 1089/1181/806
f 1091/1183/807 1103/1196/807 1102/1195/807 1090/1182/807
f 1092/1172/808 1104/1185/808 1103/1196/808 1091/1183/808
f 1093/1184/809 1105/1197/809 1116/1198/809 1104/1185/809
f 1094/1186/810 1106/1199/810 1105/1200/810 1093/1187/810
f 1095/1188/811 1107/1201/811 1106/1199/811 1094/1186/811
f 1096/1189/812 1108/1202/812 1107/1201/812 1095/1188/812
f 1097/1190/813 1109/1203/813 1108/1202/813 1096/1189/813
f 1098/1191/814 1110/1204/814 1109/1203/814 1097/1190/814
f 1099/1192/815 1111/1205/815 1110/1204/815 1098/1191/815
f 1100/1193/816 1112/1206/816 1111/1205/816 1099/1192/816
f 1101/1194/817 1113/1207/817 1112/1206/817 1100/1193/817
f 1102/1195/818 1114/1208/818 1113/1207/818 1101/1194/818
f 1103/1196/819 1115/1209/819 1114/1208/819 1102/1195/819
f 1104/1185/820 1116/1198/820 1115/1209/820 1103/1196/820
f 1105/1197/821 1117/1210/821 1128/1211/821 1116/1198/821
f 1106/1199/822 1118/1212/822 1117/1213/822 1105/1200/822
f 1107/1201/823 1119/1214/823 1118/1212/823 1106/1199/823
f 1108/1202/824 1120/1215/824 1119/1214/824 1107/1201/824
f 1109/1203/825 1121/1216/825 1120/1215/825 1108/1202/825
f 1110/1204/826 1122/1217/826 1121/1216/826 1109/1203/826
f 1111/1205/827 1123/1218/827 1122/1217/827 1110/1204/827
f 1112/1206/828 1124/1219/828 1123/1218/828 1111/1205/828
f 1113/1207/829 1125/1220/829 1124/1219/829 1112/1206/829
f 1114/1208/830 1126/1221/830 1125/1220/830 1113/1207/830
f 1115/1209/831 1127/1222/831 1126/1221/831 1114/1208/831
f 1116/1198/832 1128/1211/832 1127/1222/832 1115/1209/832
f 1117/1210/833 1129/1223/833 1140/1224/833 1128/1211/833
f 1118/1212/834 1130/1225/834 1129/1226/834 1117/1213/834
f 1119/1214/835 1131/1227/835 1130/1225/835 1118/1212/835
f 1120/1215/836 1132/1228/836 1131/1227/836 1119/1214/836
f 1121/1216/837 1133/1229/837 1132/1228/837 1120/1215/837
f 1122/1217/838 1134/1230/838 1133/1229/838 1121/1216/838
f 1123/1218/839 1135/1231/839 1134/1230/839 1122/1217/839
f 1124/1219/840 1136/1232/840 1135/1231/840 1123/1218/840
f 1125/1220/841 1137/1233/841 1136/1232/841 1124/1219/841
f 1126/1221/842 1138/1234/842 1137/1233/842 1125/1220/842
f 1127/1222/843 1139/1235/843 1138/1234/843 1126/1221/843
f 1128/1211/844 1140/1224/844 1139/1235/844 1127/1222/844
f 1129/1223/845 1141/1236/845 1152/1237/845 1140/1224/845
f 1130/1225/846 1142/1238/846 1141/1239/846 1129/1226/846
f 1131/1227/847 1143/1240/847 1142/1238/847 1130/1225/847
f 1132/1228/848 1144/1241/848 1143/1240/848 1131/1227/848
f 1133/1229/849 1145/1242/849 1144/1241/849 1132/1228/849
f 1134/1230/850 1146/1243/850 1145/1242/850 1133/1229/850
f 1135/1231/851 1147/1244/851 1146/1243/851 1134/1230/851
f 1136/1232/852 1148/1245/852 1147/1244/852 1135/1231/852
f 1137/1233/853 1149/1246/853 1148/1245/853 1136/1232/853
f 1138/1234/854 1150/1247/854 1149/1246/854 1137/1233/854
f 1139/1235/855 1151/1248/855 1150/1247/855 1138/1234/855
f 1140/1224/856 1152/1237/856 1151/1248/856 1139/1235/856
f 1141/1236/857 1153/1249/857 1164/1250/857 1152/1237/857
f 1142/1238/858 1154/1251/858 1153/1252/858 1141/1239/858
f 1143/1240/859 1155/1253/859 1154/1251/859 1142/1238/859
f 1144/1241/860 1156/1254/860 1155/1253/860 1143/1240/860
f 1145/1242/861 1157/1255/861 1156/1254/861 1144/1241/861
f 1146/1243/862 1158/1256/862 1157/1255/862 1145/1242/862
f 1147/1244/863 1159/1257/863 1158/1256/863 1146/1243/863
f 1148/1245/864 1160/1258/864 1159/1257/864 1147/1244/864
f 1149/1246/865 1161/1259/865 1160/1258/865 1148/1245/865
f 1150/1247/866 1162/1260/866 1161/1259/866 1149/1246/866
f 1151/1248/867 1163/1261/867 1162/1260/867 1150/1247/867
f 1152/1237/868 1164/1250/868 1163/1261/868 1151/1248/868
f 1153/1249/869 1165/1262/869 1176/1263/869 1164/1250/869
f 1154/1251/870 1166/1264/870 1165/1265/870 1153/1252/870
f 1155/1253/871 1167/1266/871 1166/1264/871 1154/1251/871
f 1156/1254/872 1168/1267/872 1167/1266/872 1155/1253/872
f 1157/1255/873 1169/1268/873 1168/1267/873 1156/1254/873
f 1158/1256/874 1170/1269/874 1169/1268/874 1157/1255/874
f 1159/1257/875 1171/1270/875 1170/1269/875 1158/1256/875
f 1160/1258/876 1172/1271/876 1171/1270/876 1159/1257/876
f 1161/1259/877 1173/1272/877 1172/1271/877 1160/1258/877
f 1162/1260/878 1174/1273/878 1173/1272/878 1161/1259/878
f 1163/1261/879 1175/1274/879 1174/1273/879 1162/1260/879
f 1164/1250/880 1176/1263/880 1175/1274/880 1163/1261/880
f 1165/1262/881 1177/1275/881 1188/1276/881 1176/1263/881
f 1166/1264/882 1178/1277/882 1177/1278/882 1165/1265/882
f 1167/1266/883 1179/1279/883 1178/1277/883 1166/1264/883
f 1168/1267/884 1180/1280/884 1179/1279/884 1167/1266/884
f 1169/1268/885 1181/1281/885 1180/1280/885 1168/1267/885
f 1170/1269/886 1182/1282/886 1181/1281/886 1169/1268/886
f 1171/1270/887 1183/1283/887 1182/1282/887 1170/1269/887
f 1172/1271/888 1184/1284/888 1183/1283/888 1171/1270/888
f 1173/1272/889 1185/1285/889 1184/1284/889 1172/1271/889
f 1174/1273/890 1186/1286/890 1185/1285/890 1173/1272/890
f 1175/1274/891 1187/1287/891 1186/1286/891 1174/1273/891
f 1176/1263/892 1188/1276/892 1187/1287/892 1175/1274/892
f 1177/1275/893 1189/1288/893 1200/1289/893 1188/1276/893
f 1178/1277/894 1190/1290/894 1189/1291/894 1177/1278/894
f 1179/1279/895 1191/1292/895 1190/1290/895 1178/1277/895
f 1180/1280/896 1192/1293/896 1191/1292/896 1179/1279/896
f 1181/1281/897 1193/1294/897 1192/1293/897 1180/1280/897
f 1182/1282/898 1194/1295/898 1193/1294/898 1181/1281/898
f 1183/1283/899 1195/1296/899 1194/1295/899 1182/1282/899
f 1184/1284/900 1196/1297/900 1195/1296/900 1183/1283/900
f 1185/1285/901 1197/1298/901 1196/1297/901 1184/1284/901
f 1186/1286/902 1198/1299/902 1197/1298/902 1185/1285/902
f 1187/1287/903 1199/1300/903 1198/1299/903 1186/1286/903
f 1188/1276/904 1200/1289/904 1199/1300/904 1187/1287/904
f 1189/1288/905 1201/1301/905 1212/1302/905 1200/1289/905
f 1190/1290/906 1202/1303/906 1201/1304/906 1189/1291/906
f 1191/1292/907 1203/1305/907 1202/1303/907 1190/1290/907
f 1192/1293/908 1204/1306/908 1203/1305/908 1191/1292/908
f 1193/1294/909 1205/1307/909 1204/1306/909 1192/1293/909
f 1194/1295/910 1206/1308/910 1205/1307/910 1193/1294/910
f 1195/1296/911 1207/1309/911 1206/1308/911 1194/1295/911
f 1196/1297/912 1208/1310/912 1207/1309/912 1195/1296/912
f 1197/1298/913 1209/1311/913 1208/1310/913 1196/1297/913
f 1198/1299/914 1210/1312/914 1209/1311/914 1197/1298/914
f 1199/1300/915 1211/1313/915 1210/1312/915 1198/1299/915
f 1200/1289/916 1212/1302/916 1211/1313/916 1199/1300/916
f 1201/1301/917 1213/1314/917 1224/1315/917 1212/1302/917
f 1202/1303/918 1214/1316/918 1213/1317/918 1201/1304/918
f 1203/1305/919 1215/1318/919 1214/1316/919 1202/1303/919
f 1204/1306/920 1216/1319/920 1215/1318/920 1203/1305/920
f 1205/1307/921 1217/1320/921 1216/1319/921 1204/1306/921
f 1206/1308/922 1218/1321/922 1217/1320/922 1205/1307/922
f 1207/1309/923 1219/1322/923 1218/1321/923 1206/1308/923
f 1208/1310/924 1220/1323/924 1219/1322/924 1207/1309/924
f 1209/1311/925 1221/1324/925 1220/1323/925 1208/1310/925
f 1210/1312/926 1222/1325/926 1221/1324/926 1209/1311/926
f 1211/1313/927 1223/1326/927 1222/1325/927 1210/1312/927
f 1212/1302/928 1224/1315/928 1223/1326/928 1211/1313/928
f 1213/1314/929 1225/1327/929 1236/1328/929 1224/1315/929
f 1214/1316/930 1226/1329/930 1225/1330/930 1213/1317/930
f 1215/1318/931 1227/1331/931 1226/1329/931 1214/1316/931
f 1216/1319/932 1228/1332/932 1227/1331/932 1215/1318/932
f 1217/1320/933 1229/1333/933 1228/1332/933 1216/1319/933
f 1218/1321/934 1230/1334/934 1229/1333/934 1217/1320/934
f 1219/1322/935 1231/1335/935 1230/1334/935 1218/1321/935
f 1220/1323/936 1232/1336/936 1231/1335/936 1219/1322/936
f 1221/1324/937 1233/1337/937 1232/1336/937 1220/1323/937
f 1222/1325/938 1234/1338/938 1233/1337/938 1221/1324/938
f 1223/1326/939 1235/1339/939 1234/1338/939 1222/1325/939
f 1224/1315/940 1236/1328/940 1235/1339/940 1223/1326/940
f 1225/1327/941 1237/1340/941 1248/1341/941 1236/1328/941
f 1226/1329/942 1238/1342/942 1237/1343/942 1225/1330/942
f 1227/1331/943 1239/1344/943 1238/1342/943 1226/1329/943
f 1228/1332/944 1240/1345/944 1239/1344/944 1227/1331/944
f 1229/1333/945 1241/1346/945 1240/1345/945 1228/1332/945
f 1230/1334/946 1242/1347/946 1241/1346/946 1229/1333/946
f 1231/1335/947 1243/1348/947 1242/1347/947 1230/1334/947
f 1232/1336/948 1244/1349/948 1243/1348/948 1231/1335/948
f 1233/1337/949 1245/1350/949 1244/1349/949 1232/1336/949
f 1234/1338/950 1246/1351/950 1245/1350/950 1233/1337/950
f 1235/1339/951 1247/1352/951 1246/1351/951 1234/1338/951
f 1236/1328/952 1248/1341/952 1247/1352/952 1235/1339/952
f 1237/1340/953 1249/1353/953 1260/1354/953 1248/1341/953
f 1238/1342/954 1250/1355/954 1249/1356/954 1237/1343/954
f 1239/1344/955 1251/1357/955 1250/1355/955 1238/1342/955
f 1240/1345/956 1252/1358/956 1251/1357/956 1239/1344/956
f 1241/1346/957 1253/1359/957 1252/1358/957 1240/1345/957
f 1242/1347/958 1254/1360/958 1253/1359/958 1241/1346/958
f 1243/1348/959 1255/1361/959 1254/1360/959 1242/1347/959
f 1244/1349/960 1256/1362/960 1255/1361/960 1243/1348/960
f 1245/1350/961 1257/1363/961 1256/1362/961 1244/1349/961
f 1246/1351/962 1258/1364/962 1257/1363/962 1245/1350/962
f 1247/1352/963 1259/1365/963 1258/1364/963 1246/1351/963
f 1248/1341/964 1260/1354/964 1259/1365/964 1247/1352/964
f 1249/1353/965 1261/1366/965 1272/1367/965 1260/1354/965
f 1250/1355/966 1262/1368/966 1261/1369/966 1249/1356/966
f 1251/1357/967 1263/1370/967 1262/1368/967 1250/1355/967
f 1252/1358/968 1264/1371/968 1263/1370/968 1251/1357/968
f 1253/1359/969 1265/1372/969 1264/1371/969 1252/1358/969
f 1254/1360/970 1266/1373/970 1265/1372/970 1253/1359/970
f 1255/1361/971 1267/1374/971 1266/1373/971 1254/1360/971
f 1256/1362/972 1268/1375/972 1267/1374/972 1255/1361/972
f 1257/1363/973 1269/1376/973 1268/1375/973 1256/1362/973
f 1258/1364/974 1270/1377/974 1269/1376/974 1257/1363/974
f 1259/1365/975 1271/1378/975 1270/1377/975 1258/1364/975
f 1260/1354/976 1272/1367/976 1271/1378/976 1259/1365/976
f 1261/1366/977 1273/1379/977 1284/1380/977 1272/1367/977
f 1262/1368/978 1274/1381/978 1273/1382/978 1261/1369/978
f 1263/1370/979 1275/1383/979 1274/1381/979 1262/1368/979
f 1264/1371/980 1276/1384/980 1275/1383/980 1263/1370/980
f 1265/1372/981 1277/1385/981 1276/1384/981 1264/1371/981
f 1266/1373/982 1278/1386/982 1277/1385/982 1265/1372/982
f 1267/1374/983 1279/1387/983 1278/1386/983 1266/1373/983
f 1268/1375/984 1280/1388/984 1279/1387/984 1267/1374/984
f 1269/1376/985 1281/1389/985 1280/1388/985 1268/1375/985
f 1270/1377/986 1282/1390/986 1281/1389/986 1269/1376/986
f 1271/1378/987 1283/1391/987 1282/1390/987 1270/1377/987
f 1272/1367/988 1284/1380/988 1283/1391/988 1271/1378/988
f 1273/1379/989 1285/1392/989 1296/1393/989 1284/1380/989
f 1274/1381/990 1286/1394/990 1285/1395/990 1273/1382/990
f 1275/1383/991 1287/1396/991 1286/1394/991 1274/1381/991
f 1276/1384/992 1288/1397/992 1287/1396/992 1275/1383/992
f 1277/1385/993 1289/1398/993 1288/1397/993 1276/1384/993
f 1278/1386/994 1290/1399/994 1289/1398/994 1277/1385/994
f 1279/1387/995 1291/1400/995 1290/1399/995 1278/1386/995
f 1280/1388/996 1292/1401/996 1291/1400/996 1279/1387/996
f 1281/1389/997 1293/1402/997 1292/1401/997 1280/1388/997
f 1282/1390/998 1294/1403/998 1293/1402/998 1281/1389/998
f 1283/1391/999 1295/1404/999 1294/1403/999 1282/1390/999
f 1284/1380/1000 1296/1393/1000 1295/1404/1000 1283/1391/1000
f 1297/1405/1001 1309/1406/1001 1320/1407/1001 1308/1408/1001
f 1298/1409/1002 1310/1410/1002 1309/1411/1002 1297/1412/1002
f 1299/1413/1003 1311/1414/1003 1310/1410/1003 1298/1409/1003
f 1300/1415/1004 1312/1416/1004 1311/1414/1004 1299/1413/1004
f 1301/1417/1005 1313/1418/1005 1312/1416/1005 1300/1415/1005
f 1302/1419/1006 1314/1420/1006 1313/1418/1006 1301/1417/1006
f 1303/1421/1007 1315/1422/1007 1314/1420/1007 1302/1419/1007
f 1304/1423/1008 1316/1424/1008 1315/1422/1008 1303/1421/1008
f 1305/1425/1009 1317/1426/1009 1316/1424/1009 1304/1423/1009
f 1306/1427/1010 1318/1428/1010 1317/1426/1010 1305/1425/1010
f 1307/1429/1011 1319/1430/1011 1318/1428/1011 1306/1427/1011
f 1308/1408/1012 1320/1407/1012 1319/1430/1012 1307/1429/1012
f 1321/1431/1013 1333/1432/1013 1344/1433/1013 1332/1434/1013
f 1322/1435/1014 1334/1436/1014 1333/1437/1014 1321/1438/1014
f 1323/1439/1015 1335/1440/1015 1334/1436/1015 1322/1435/1015
f 1324/1441/1016 1336/1442/1016 1335/1440/1016 1323/1439/1016
f 1325/1443/1017 1337/1444/1017 1336/1442/1017 1324/1441/1017
f 1326/1445/1018 1338/1446/1018 1337/1444/1018 1325/1443/1018
f 1327/1447/1019 1339/1448/1019 1338/1446/1019 1326/1445/1019
f 1328/1449/1020 1340/1450/1020 1339/1448/1020 1327/1447/1020
f 1329/1451/1021 1341/1452/1021 1340/1450/1021 1328/1449/1021
f 1330/1453/1022 1342/1454/1022 1341/1452/1022 1329/1451/1022
f 1331/1455/1023 1343/1456/1023 1342/1454/1023 1330/1453/1023
f 1332/1434/1024 1344/1433/1024 1343/1456/1024 1331/1455/1024
f 1345/1457/1025 1357/1458/1025 1368/1459/1025 1356/1460/1025
f 1346/1461/1026 1358/1462/1026 1357/1463/1026 1345/1464/1026
f 1347/1465/1027 1359/1466/1027 1358/1462/1027 1346/1461/1027
f 1348/1467/1028 1360/1468/1028 1359/1466/1028 1347/1465/1028
f 1349/1469/1029 1361/1470/1029 1360/1468/1029 1348/1467/1029
f 1350/1471/1030 1362/1472/1030 1361/1470/1030 1349/1469/1030
f 1351/1473/1031 1363/1474/1031 1362/1472/1031 1350/1471/1031
f 1352/1475/1032 1364/1476/1032 1363/1474/1032 1351/1473/1032
f 1353/1477/1033 1365/1478/1033 1364/1476/1033 1352/1475/1033
f 1354/1479/1034 1366/1480/1034 1365/1478/1034 1353/1477/1034
f 1355/1481/1035 1367/1482/1035 1366/1480/1035 1354/1479/1035
f 1356/1460/1036 1368/1459/1036 1367/1482/1036 1355/1481/1036
f 1369/1483/1013 1381/1484/1013 1392/1485/1013 1380/1486/1013
f 1370/1487/1014 1382/1488/1014 1381/1489/1014 1369/1490/1014
f 1371/1491/1015 1383/1492/1015 1382/1488/1015 1370/1487/1015
f 1372/1493/1016 1384/1494/1016 1383/1492/1016 1371/1491/1016
f 1373/1495/1017 1385/1496/1017 1384/1494/1017 1372/1493/1017
f 1374/1497/1018 1386/1498/1018 1385/1496/1018 1373/1495/1018
f 1375/1499/1019 1387/1500/1019 1386/1498/1019 1374/1497/1019
f 1376/1501/1020 1388/1502/1020 1387/1500/1020 1375/1499/1020
f 1377/1503/1021 1389/1504/1021 1388/1502/1021 1376/1501/1021
f 1378/1505/1022 1390/1506/1022 1389/1504/1022 1377/1503/1022
f 1379/1507/1023 1391/1508/1023 1390/1506/1023 1378/1505/1023
f 1380/1486/1024 1392/1485/1024 1391/1508/1024 1379/1507/1024
f 1393/1509/1037 1405/1510/1037 1416/1511/1037 1404/1512/1037
f 1394/1513/1038 1406/1514/1038 1405/1515/1038 1393/1516/1038
f 1395/1517/1039 1407/1518/1039 1406/1514/1039 1394/1513/1039
f 1396/1519/1040 1408/1520/1040 1407/1518/1040 1395/1517/1040
f 1397/1521/1041 1409/1522/1041 1408/1520/1041 1396/1519/1041
f 1398/1523/1042 1410/1524/1042 1409/1522/1042 1397/1521/1042
f 1399/1525/1043 1411/1526/1043 1410/1524/1043 1398/1523/1043
f 1400/1527/1044 1412/1528/1044 1411/1526/1044 1399/1525/1044
f 1401/1529/1045 1413/1530/1045 1412/1528/1045 1400/1527/1045
f 1402/1531/1046 1414/1532/1046 1413/1530/1046 1401/1529/1046
f 1403/1533/1047 1415/1534/1047 1414/1532/1047 1402/1531/1047
f 1404/1512/1048 1416/1511/1048 1415/1534/1048 1403/1533/1048
f 1417/1535/1049 1429/1536/1049 1440/1537/1049 1428/1538/1049
f 1418/1539/1050 1430/1540/1050 1429/1541/1050 1417/1542/1050
f 1419/1543/1051 1431/1544/1051 1430/1540/1051 1418/1539/1051
f 1420/1545/1052 1432/1546/1052 1431/1544/1052 1419/1543/1052
f 1421/1547/1053 1433/1548/1053 1432/1546/1053 1420/1545/1053
f 1422/1549/1054 1434/1550/1054 1433/1548/1054 1421/1547/1054
f 1423/1551/1055 1435/1552/1055 1434/1550/1055 1422/1549/1055
f 1424/1553/1056 1436/1554/1056 1435/1552/1056 1423/1551/1056
f 1425/1555/1057 1437/1556/1057 1436/1554/1057 1424/1553/1057
f 1426/1557/1058 1438/1558/1058 1437/1556/1058 1425/1555/1058
f 1427/1559/1059 1439/1560/1059 1438/1558/1059 1426/1557/1059
f 1428/1538/1060 1440/1537/1060 1439/1560/1060 1427/1559/1060
f 1429/1536/898 1441/1561/898 1452/1562/898 1440/1537/898
f 1430/1540/897 1442/1563/897 1441/1564/897 1429/1541/897
f 1431/1544/896 1443/1565/896 1442/1563/896 1430/1540/896
f 1432/1546/895 1444/1566/895 1443/1565/895 1431/1544/895
f 1433/1548/894 1445/1567/894 1444/1566/894 1432/1546/894
f 1434/1550/893 1446/1568/893 1445/1567/893 1433/1548/893
f 1435/1552/904 1447/1569/904 1446/1568/904 1434/1550/904
f 1436/1554/903 1448/1570/903 1447/1569/903 1435/1552/903
f 1437/1556/902 1449/1571/902 1448/1570/902 1436/1554/902
f 1438/1558/901 1450/1572/901 1449/1571/901 1437/1556/901
f 1439/1560/900 1451/1573/900 1450/1572/900 1438/1558/900
f 1440/1537/899 1452/1562/899 1451/1573/899 1439/1560/899
f 1441/1561/886 1453/1574/886 1464/1575/886 1452/1562/886
f 1442/1563/885 1454/1576/885 1453/1577/885 1441/1564/885
f 1443/1565/884 1455/1578/884 1454/1576/884 1442/1563/884
f 1444/1566/883 1456/1579/883 1455/1578/883 1443/1565/883
f 1445/1567/882 1457/1580/882 1456/1579/882 1444/1566/882
f 1446/1568/881 1458/1581/881 1457/1580/881 1445/1567/881
f 1447/1569/892 1459/1582/892 1458/1581/892 1446/1568/892
f 1448/1570/891 1460/1583/891 1459/1582/891 1447/1569/891
f 1449/1571/890 1461/1584/890 1460/1583/890 1448/1570/890
f 1450/1572/889 1462/1585/889 1461/1584/889 1449/1571/889
f 1451/1573/888 1463/1586/888 1462/1585/888 1450/1572/888
f 1452/1562/887 1464/1575/887 1463/1586/887 1451/1573/887
f 1453/1574/874 1465/1587/874 1476/1588/874 1464/1575/874
f 1454/1576/873 1466/1589/873 1465/1590/873 1453/1577/873
f 1455/1578/872 1467/1591/872 1466/1589/872 1454/1576/872
f 1456/1579/871 1468/1592/871 1467/1591/871 1455/1578/871
f 1457/1580/870 1469/1593/870 1468/1592/870 1456/1579/870
f 1458/1581/869 1470/1594/869 1469/1593/869 1457/1580/869
f 1459/1582/880 1471/1595/880 1470/1594/880 1458/1581/880
f 1460/1583/879 1472/1596/879 1471/1595/879 1459/1582/879
f 1461/1584/878 1473/1597/878 1472/1596/878 1460/1583/878
f 1462/1585/877 1474/1598/877 1473/1597/877 1461/1584/877
f 1463/1586/876 1475/1599/876 1474/1598/876 1462/1585/876
f 1464/1575/875 1476/1588/875 1475/1599/875 1463/1586/875
f 1465/1587/862 1477/1600/862 1488/1601/862 1476/1588/862
f 1466/1589/861 1478/1602/861 1477/1603/861 1465/1590/861
f 1467/1591/860 1479/1604/860 1478/1602/860 1466/1589/860
f 1468/1592/859 1480/1605/859 1479/1604/859 1467/1591/859
f 1469/1593/858 1481/1606/858 1480/1605/858 1468/1592/858
f 1470/1594/857 1482/1607/857 1481/1606/857 1469/1593/857
f 1471/1595/868 1483/1608/868 1482/1607/868 1470/1594/868
f 1472/1596/867 1484/1609/867 1483/1608/867 1471/1595/867
f 1473/1597/866 1485/1610/866 1484/1609/866 1472/1596/866
f 1474/1598/865 1486/1611/865 1485/1610/865 1473/1597/865
f 1475/1599/864 1487/1612/864 1486/1611/864 1474/1598/864
f 1476/1588/863 1488/1601/863 1487/1612/863 1475/1599/863
f 1477/1600/850 1489/1613/850 1500/1614/850 1488/1601/850
f 1478/1602/849 1490/1615/849 1489/1616/849 1477/1603/849
f 1479/1604/848 1491/1617/848 1490/1615/848 1478/1602/848
f 1480/1605/847 1492/1618/847 1491/1617/847 1479/1604/847
f 1481/1606/846 1493/1619/846 1492/1618/846 1480/1605/846
f 1482/1607/845 1494/1620/845 1493/1619/845 1481/1606/845
f 1483/1608/856 1495/1621/856 1494/1620/856 1482/1607/856
f 1484/1609/855 1496/1622/855 1495/1621/855 1483/1608/855
f 1485/1610/854 1497/1623/854 1496/1622/854 1484/1609/854
f 1486/1611/853 1498/1624/853 1497/1623/853 1485/1610/853
f 1487/1612/852 1499/1625/852 1498/1624/852 1486/1611/852
f 1488/1601/851 1500/1614/851 1499/1625/851 1487/1612/851
f 1489/1613/838 1501/1626/838 1512/1627/838 1500/1614/838
f 1490/1615/837 1502/1628/837 1501/1629/837 1489/1616/837
f 1491/1617/836 1503/1630/836 1502/1628/836 1490/1615/836
f 1492/1618/835 1504/1631/835 1503/1630/835 1491/1617/835
f 1493/1619/834 1505/1632/834 1504/1631/834 1492/1618/834
f 1494/1620/833 1506/1633/833 1505/1632/833 1493/1619/833
f 1495/1621/844 1507/1634/844 1506/1633/844 1494/1620/844
f 1496/1622/843 1508/1635/843 1507/1634/843 1495/1621/843
f 1497/1623/842 1509/1636/842 1508/1635/842 1496/1622/842
f 1498/1624/841 1510/1637/841 1509/1636/841 1497/1623/841
f 1499/1625/840 1511/1638/840 1510/1637/840 1498/1624/840
f 1500/1614/839 1512/1627/839 1511/1638/839 1499/1625/839
f 1501/1626/826 1513/1639/826 1524/1640/826 1512/1627/826
f 1502/1628/825 1514/1641/825 1513/1642/825 1501/1629/825
f 1503/1630/824 1515/1643/824 1514/1641/824 1502/1628/824
f 1504/1631/823 1516/1644/823 1515/1643/823 1503/1630/823
f 1505/1632/822 1517/1645/822 1516/1644/822 1504/1631/822
f 1506/1633/821 1518/1646/821 1517/1645/821 1505/1632/821
f 1507/1634/832 1519/1647/832 1518/1646/832 1506/1633/832
f 1508/1635/831 1520/1648/831 1519/1647/831 1507/1634/831
f 1509/1636/830 1521/1649/830 1520/1648/830 1508/1635/830
f 1510/1637/829 1522/1650/829 1521/1649/829 1509/1636/829
f 1511/1638/828 1523/1651/828 1522/1650/828 1510/1637/828
f 1512/1627/827 1524/1640/827 1523/1651/827 1511/1638/827
f 1513/1639/814 1525/1652/814 1536/1653/814 1524/1640/814
f 1514/1641/813 1526/1654/813 1525/1655/813 1513/1642/813
f 1515/1643/812 1527/1656/812 1526/1654/812 1514/1641/812
f 1516/1644/811 1528/1657/811 1527/1656/811 1515/1643/811
f 1517/1645/810 1529/1658/810 1528/1657/810 1516/1644/810
f 1518/1646/809 1530/1659/809 1529/1658/809 1517/1645/809
f 1519/1647/820 1531/1660/820 1530/1659/820 1518/1646/820
f 1520/1648/819 1532/1661/819 1531/1660/819 1519/1647/819
f 1521/1649/818 1533/1662/818 1532/1661/818 1520/1648/818
f 1522/1650/817 1534/1663/817 1533/1662/817 1521/1649/817
f 1523/1651/816 1535/1664/816 1534/1663/816 1522/1650/816
f 1524/1640/815 1536/1653/815 1535/1664/815 1523/1651/815
f 1525/1652/802 1537/1665/802 1548/1666/802 1536/1653/802
f 1526/1654/801 1538/1667/801 1537/1668/801 1525/1655/801
f 1527/1656/800 1539/1669/800 1538/1667/800 1526/1654/800
f 1528/1657/799 1540/1670/799 1539/1669/799 1527/1656/799
f 1529/1658/798 1541/1671/798 1540/1670/798 1528/1657/798
f 1530/1659/797 1542/1672/797 1541/1671/797 1529/1658/797
f 1531/1660/808 1543/1673/808 1542/1672/808 1530/1659/808
f 1532/1661/807 1544/1674/807 1543/1673/807 1531/1660/807
f 1533/1662/806 1545/1675/806 1544/1674/806 1532/1661/806
f 1534/1663/805 1546/1676/805 1545/1675/805 1533/1662/805
f 1535/1664/804 1547/1677/804 1546/1676/804 1534/1663/804
f 1536/1653/803 1548/1666/803 1547/1677/803 1535/1664/803
f 1537/1665/790 1549/1678/790 1560/1679/790 1548/1666/790
f 1538/1667/789 1550/1680/789 1549/1681/789 1537/1668/789
f 1539/1669/788 1551/1682/788 1550/1680/788 1538/1667/788
f 1540/1670/787 1552/1683/787 1551/1682/787 1539/1669/787
f 1541/1671/786 1553/1684/786 1552/1683/786 1540/1670/786
f 1542/1672/785 1554/1685/785 1553/1684/785 1541/1671/785
f 1543/1673/796 1555/1686/796 1554/1685/796 1542/1672/796
f 1544/1674/795 1556/1687/795 1555/1686/795 1543/1673/795
f 1545/1675/794 1557/1688/794 1556/1687/794 1544/1674/794
f 1546/1676/793 1558/1689/793 1557/1688/793 1545/1675/793
f 1547/1677/792 1559/1690/792 1558/1689/792 1546/1676/792
f 1548/1666/791 1560/1679/791 1559/1690/791 1547/1677/791
f 1549/1678/1061 1561/1691/1061 1572/1692/1061 1560/1679/1061
f 1550/1680/1062 1562/1693/1062 1561/1694/1062 1549/1681/1062
f 1551/1682/1063 1563/1695/1063 1562/1693/1063 1550/1680/1063
f 1552/1683/1064 1564/1696/1064 1563/1695/1064 1551/1682/1064
f 1553/1684/1065 1565/1697/1065 1564/1696/1065 1552/1683/1065
f 1554/1685/1066 1566/1698/1066 1565/1697/1066 1553/1684/1066
f 1555/1686/1067 1567/1699/1067 1566/1698/1067 1554/1685/1067
f 1556/1687/1068 1568/1700/1068 1567/1699/1068 1555/1686/1068
f 1557/1688/1069 1569/1701/1069 1568/1700/1069 1556/1687/1069
f 1558/1689/1070 1570/1702/1070 1569/1701/1070 1557/1688/1070
f 1559/1690/1071 1571/1703/1071 1570/1702/1071 1558/1689/1071
f 1560/1679/1072 1572/1692/1072 1571/1703/1072 1559/1690/1072
f 1561/1691/1073 1573/1704/1073 1584/1705/1073 1572/1692/1073
f 1562/1693/1074 1574/1706/1074 1573/1707/1074 1561/1694/1074
f 1563/1695/1075 1575/1708/1075 1574/1706/1075 1562/1693/1075
f 1564/1696/1076 1576/1709/1076 1575/1708/1076 1563/1695/1076
f 1565/1697/1077 1577/1710/1077 1576/1709/1077 1564/1696/1077
f 1566/1698/1078 1578/1711/1078 1577/1710/1078 1565/1697/1078
f 1567/1699/1079 1579/1712/1079 1578/1711/1079 1566/1698/1079
f 1568/1700/1080 1580/1713/1080 1579/1712/1080 1567/1699/1080
f 1569/1701/1081 1581/1714/1081 1580/1713/1081 1568/1700/1081
f 1570/1702/1082 1582/1715/1082 1581/1714/1082 1569/1701/1082
f 1571/1703/1083 1583/1716/1083 1582/1715/1083 1570/1702/1083
f 1572/1692/1084 1584/1705/1084 1583/1716/1084 1571/1703/1084
f 1573/1704/1085 1585/1717/1085 1596/1718/1085 1584/1705/1085
f 1574/1706/1086 1586/1719/1086 1585/1720/1086 1573/1707/1086
f 1575/1708/1087 1587/1721/1087 1586/1719/1087 1574/1706/1087
f 1576/1709/1088 1588/1722/1088 1587/1721/1088 1575/1708/1088
f 1577/1710/1089 1589/1723/1089 1588/1722/1089 1576/1709/1089
f 1578/1711/1090 1590/1724/1090 1589/1723/1090 1577/1710/1090
f 1579/1712/1091 1591/1725/1091 1590/1724/1091 1578/1711/1091
f 1580/1713/1092 1592/1726/1092 1591/1725/1092 1579/1712/1092
f 1581/1714/1093 1593/1727/1093 1592/1726/1093 1580/1713/1093
f 1582/1715/1094 1594/1728/1094 1593/1727/1094 1581/1714/1094
f 1583/1716/1095 1595/1729/1095 1594/1728/1095 1582/1715/1095
f 1584/1705/1096 1596/1718/1096 1595/1729/1096 1583/1716/1096
f 1585/1717/1097 1597/1730/1097 1608/1731/1097 1596/1718/1097
f 1586/1719/1098 1598/1732/1098 1597/1733/1098 1585/1720/1098
f 1587/1721/1099 1599/1734/1099 1598/1732/1099 1586/1719/1099
f 1588/1722/1100 1600/1735/1100 1599/1734/1100 1587/1721/1100
f 1589/1723/1101 1601/1736/1101 1600/1735/1101 1588/1722/1101
f 1590/1724/1102 1602/1737/1102 1601/1736/1102 1589/1723/1102
f 1591/1725/1103 1603/1738/1103 1602/1737/1103 1590/1724/1103
f 1592/1726/1104 1604/1739/1104 1603/1738/1104 1591/1725/1104
f 1593/1727/1105 1605/1740/1105 1604/1739/1105 1592/1726/1105
f 1594/1728/1106 1606/1741/1106 1605/1740/1106 1593/1727/1106
f 1595/1729/1107 1607/1742/1107 1606/1741/1107 1594/1728/1107
f 1596/1718/1108 1608/1731/1108 1607/1742/1108 1595/1729/1108
f 1597/1730/1109 1609/1743/1109 1620/1744/1109 1608/1731/1109
f 1598/1732/1110 1610/1745/1110 1609/1746/1110 1597/1733/1110
f 1599/1734/1111 1611/1747/1111 1610/1745/1111 1598/1732/1111
f 1600/1735/1112 1612/1748/1112 1611/1747/1112 1599/1734/1112
f 1601/1736/1113 1613/1749/1113 1612/1748/1113 1600/1735/1113
f 1602/1737/1114 1614/1750/1114 1613/1749/1114 1601/1736/1114
f 1603/1738/1115 1615/1751/1115 1614/1750/1115 1602/1737/1115
f 1604/1739/1116 1616/1752/1116 1615/1751/1116 1603/1738/1116
f 1605/1740/1117 1617/1753/1117 1616/1752/1117 1604/1739/1117
f 1606/1741/1118 1618/1754/1118 1617/1753/1118 1605/1740/1118
f 1607/1742/1119 1619/1755/1119 1618/1754/1119 1606/1741/1119
f 1608/1731/1120 1620/1744/1120 1619/1755/1120 1607/1742/1120
f 1609/1743/1121 1621/1756/1121 1632/1757/1121 1620/1744/1121
f 1610/1745/1122 1622/1758/1122 1621/1759/1122 1609/1746/1122
f 1611/1747/1123 1623/1760/1123 1622/1758/1123 1610/1745/1123
f 1612/1748/1124 1624/1761/1124 1623/1760/1124 1611/1747/1124
f 1613/1749/1125 1625/1762/1125 1624/1761/1125 1612/1748/1125
f 1614/1750/1126 1626/1763/1126 1625/1762/1126 1613/1749/1126
f 1615/1751/1127 1627/1764/1127 1626/1763/1127 1614/1750/1127
f 1616/1752/1128 1628/1765/1128 1627/1764/1128 1615/1751/1128
f 1617/1753/1129 1629/1766/1129 1628/1765/1129 1616/1752/1129
f 1618/1754/1130 1630/1767/1130 1629/1766/1130 1617/1753/1130
f 1619/1755/1131 1631/1768/1131 1630/1767/1131 1618/1754/1131
f 1620/1744/1132 1632/1757/1132 1631/1768/1132 1619/1755/1132
f 1621/1756/1133 1633/1769/1133 1644/1770/1133 1632/1757/1133
f 1622/1758/1134 1634/1771/1134 1633/1772/1134 1621/1759/1134
f 1623/1760/1135 1635/1773/1135 1634/1771/1135 1622/1758/1135
f 1624/1761/1136 1636/1774/1136 1635/1773/1136 1623/1760/1136
f 1625/1762/1137 1637/1775/1137 1636/1774/1137 1624/1761/1137
f 1626/1763/1138 1638/1776/1138 1637/1775/1138 1625/1762/1138
f 1627/1764/1139 1639/1777/1139 1638/1776/1139 1626/1763/1139
f 1628/1765/1140 1640/1778/1140 1639/1777/1140 1627/1764/1140
f 1629/1766/1141 1641/1779/1141 1640/1778/1141 1628/1765/1141
f 1630/1767/1142 1642/1780/1142 1641/1779/1142 1629/1766/1142
f 1631/1768/1143 1643/1781/1143 1642/1780/1143 1630/1767/1143
f 1632/1757/1144 1644/1770/1144 1643/1781/1144 1631/1768/1144
f 1645/1782/1145 1657/1783/1145 1668/1784/1145 1656/1785/1145
f 1646/1786/1146 1658/1787/1146 1657/1788/1146 1645/1789/1146
f 1647/1790/1147 1659/1791/1147 1658/1787/1147 1646/1786/1147
f 1648/1792/1148 1660/1793/1148 1659/1791/1148 1647/1790/1148
f 1649/1794/1149 1661/1795/1149 1660/1793/1149 1648/1792/1149
f 1650/1796/1150 1662/1797/1150 1661/1795/1150 1649/1794/1150
f 1651/1798/1151 1663/1799/1151 1662/1797/1151 1650/1796/1151
f 1652/1800/1152 1664/1801/1152 1663/1799/1152 1651/1798/1152
f 1653/1802/1153 1665/1803/1153 1664/1801/1153 1652/1800/1153
f 1654/1804/1154 1666/1805/1154 1665/1803/1154 1653/1802/1154
f 1655/1806/1155 1667/1807/1155 1666/1805/1155 1654/1804/1155
f 1656/1785/1156 1668/1784/1156 1667/1807/1156 1655/1806/1156
f 1657/1783/1157 1669/1808/1157 1680/1809/1157 1668/1784/1157
f 1658/1787/1158 1670/1810/1158 1669/1811/1158 1657/1788/1158
f 1659/1791/1159 1671/1812/1159 1670/1810/1159 1658/1787/1159
f 1660/1793/1160 1672/1813/1160 1671/1812/1160 1659/1791/1160
f 1661/1795/1161 1673/1814/1161 1672/1813/1161 1660/1793/1161
f 1662/1797/1162 1674/1815/1162 1673/1814/1162 1661/1795/1162
f 1663/1799/1163 1675/1816/1163 1674/1815/1163 1662/1797/1163
f 1664/1801/1164 1676/1817/1164 1675/1816/1164 1663/1799/1164
f 1665/1803/1165 1677/1818/1165 1676/1817/1165 1664/1801/1165
f 1666/1805/1166 1678/1819/1166 1677/1818/1166 1665/1803/1166
f 1667/1807/1167 1679/1820/1167 1678/1819/1167 1666/1805/1167
f 1668/1784/1168 1680/1809/1168 1679/1820/1168 1667/1807/1168
f 1669/1808/1169 1681/1821/1169 1692/1822/1169 1680/1809/1169
f 1670/1810/1170 1682/1823/1170 1681/1824/1170 1669/1811/1170
f 1671/1812/1171 1683/1825/1171 1682/1823/1171 1670/1810/1171
f 1672/1813/1172 1684/1826/1172 1683/1825/1172 1671/1812/1172
f 1673/1814/1173 1685/1827/1173 1684/1826/1173 1672/1813/1173
f 1674/1815/1174 1686/1828/1174 1685/1827/1174 1673/1814/1174
f 1675/1816/1175 1687/1829/1175 1686/1828/1175 1674/1815/1175
f 1676/1817/1176 1688/1830/1176 1687/1829/1176 1675/1816/1176
f 1677/1818/1177 1689/1831/1177 1688/1830/1177 1676/1817/1177
f 1678/1819/1178 1690/1832/1178 1689/1831/1178 1677/1818/1178
f 1679/1820/1179 1691/1833/1179 1690/1832/1179 1678/1819/1179
f 1680/1809/1180 1692/1822/1180 1691/1833/1180 1679/1820/1180
f 1681/1821/1181 1693/1834/1181 1704/1835/1181 1692/1822/1181
f 1682/1823/1182 1694/1836/1182 1693/1837/1182 1681/1824/1182
f 1683/1825/1183 1695/1838/1183 1694/1836/1183 1682/1823/1183
f 1684/1826/1184 1696/1839/1184 1695/1838/1184 1683/1825/1184
f 1685/1827/1185 1697/1840/1185 1696/1839/1185 1684/1826/1185
f 1686/1828/1186 1698/1841/1186 1697/1840/1186 1685/1827/1186
f 1687/1829/1187 1699/1842/1187 1698/1841/1187 1686/1828/1187
f 1688/1830/1188 1700/1843/1188 1699/1842/1188 1687/1829/1188
f 1689/1831/1189 1701/1844/1189 1700/1843/1189 1688/1830/1189
f 1690/1832/1190 1702/1845/1190 1701/1844/1190 1689/1831/1190
f 1691/1833/1191 1703/1846/1191 1702/1845/1191 1690/1832/1191
f 1692/1822/1192 1704/1835/1192 1703/1846/1192 1691/1833/1192
f 1693/1834/1193 1705/1847/1193 1716/1848/1193 1704/1835/1193
f 1694/1836/1194 1706/1849/1194 1705/1850/1194 1693/1837/1194
f 1695/1838/1195 1707/1851/1195 1706/1849/1195 1694/1836/1195
f 1696/1839/1196 1708/1852/1196 1707/1851/1196 1695/1838/1196
f 1697/1840/1197 1709/1853/1197 1708/1852/1197 1696/1839/1197
f 1698/1841/1198 1710/1854/1198 1709/1853/1198 1697/1840/1198
f 1699/1842/1199 1711/1855/1199 1710/1854/1199 1698/1841/1199
f 1700/1843/1200 1712/1856/1200 1711/1855/1200 1699/1842/1200
f 1701/1844/1201 1713/1857/1201 1712/1856/1201 1700/1843/1201
f 1702/1845/1202 1714/1858/1202 1713/1857/1202 1701/1844/1202
f 1703/1846/1203 1715/1859/1203 1714/1858/1203 1702/1845/1203
f 1704/1835/1204 1716/1848/1204 1715/1859/1204 1703/1846/1204
f 1705/1847/1205 1717/1860/1205 1728/1861/1205 1716/1848/1205
f 1706/1849/1206 1718/1862/1206 1717/1863/1206 1705/1850/1206
f 1707/1851/1207 1719/1864/1207 1718/1862/1207 1706/1849/1207
f 1708/1852/1208 1720/1865/1208 1719/1864/1208 1707/1851/1208
f 1709/1853/1209 1721/1866/1209 1720/1865/1209 1708/1852/1209
f 1710/1854/1210 1722/1867/1210 1721/1866/1210 1709/1853/1210
f 1711/1855/1211 1723/1868/1211 1722/1867/1211 1710/1854/1211
f 1712/1856/1212 1724/1869/1212 1723/1868/1212 1711/1855/1212
f 1713/1857/1213 1725/1870/1213 1724/1869/1213 1712/1856/1213
f 1714/1858/1214 1726/1871/1214 1725/1870/1214 1713/1857/1214
f 1715/1859/1215 1727/1872/1215 1726/1871/1215 1714/1858/1215
f 1716/1848/1216 1728/1861/1216 1727/1872/1216 1715/1859/1216
f 1717/1860/1217 1729/1873/1217 1740/1874/1217 1728/1861/1217
f 1718/1862/1218 1730/1875/1218 1729/1876/1218 1717/1863/1218
f 1719/1864/1219 1731/1877/1219 1730/1875/1219 1718/1862/1219
f 1720/1865/1220 1732/1878/1220 1731/1877/1220 1719/1864/1220
f 1721/1866/1221 1733/1879/1221 1732/1878/1221 1720/1865/1221
f 1722/1867/1222 1734/1880/1222 1733/1879/1222 1721/1866/1222
f 1723/1868/1223 1735/1881/1223 1734/1880/1223 1722/1867/1223
f 1724/1869/1224 1736/1882/1224 1735/1881/1224 1723/1868/1224
f 1725/1870/1225 1737/1883/1225 1736/1882/1225 1724/1869/1225
f 1726/1871/1226 1738/1884/1226 1737/1883/1226 1725/1870/1226
f 1727/1872/1227 1739/1885/1227 1738/1884/1227 1726/1871/1227
f 1728/1861/1228 1740/1874/1228 1739/1885/1228 1727/1872/1228
f 1729/1873/1229 1741/1886/1229 1752/1887/1229 1740/1874/1229
f 1730/1875/1230 1742/1888/1230 1741/1889/1230 1729/1876/1230
f 1731/1877/1231 1743/1890/1231 1742/1888/1231 1730/1875/1231
f 1732/1878/1232 1744/1891/1232 1743/1890/1232 1731/1877/1232
f 1733/1879/1233 1745/1892/1233 1744/1891/1233 1732/1878/1233
f 1734/1880/1234 1746/1893/1234 1745/1892/1234 1733/1879/1234
f 1735/1881/1235 1747/1894/1235 1746/1893/1235 1734/1880/1235
f 1736/1882/1236 1748/1895/1236 1747/1894/1236 1735/1881/1236
f 1737/1883/1237 1749/1896/1237 1748/1895/1237 1736/1882/1237
f 1738/1884/1238 1750/1897/1238 1749/1896/1238 1737/1883/1238
f 1739/1885/1239 1751/1898/1239 1750/1897/1239 1738/1884/1239
f 1740/1874/1240 1752/1887/1240 1751/1898/1240 1739/1885/1240
f 1741/1886/1241 1753/1899/1241 1764/1900/1241 1752/1887/1241
f 1742/1888/1242 1754/1901/1242 1753/1902/1242 1741/1889/1242
f 1743/1890/1243 1755/1903/1243 1754/1901/1243 1742/1888/1243
f 1744/1891/1244 1756/1904/1244 1755/1903/1244 1743/1890/1244
f 1745/1892/1245 1757/1905/1245 1756/1904/1245 1744/1891/1245
f 1746/1893/1246 1758/1906/1246 1757/1905/1246 1745/1892/1246
f 1747/1894/1247 1759/1907/1247 1758/1906/1247 1746/1893/1247
f 1748/1895/1248 1760/1908/1248 1759/1907/1248 1747/1894/1248
f 1749/1896/1249 1761/1909/1249 1760/1908/1249 1748/1895/1249
f 1750/1897/1250 1762/1910/1250 1761/1909/1250 1749/1896/1250
f 1751/1898/1251 1763/1911/1251 1762/1910/1251 1750/1897/1251
f 1752/1887/1252 1764/1900/1252 1763/1911/1252 1751/1898/1252
f 1753/1899/1253 1765/1912/1253 1776/1913/1253 1764/1900/1253
f 1754/1901/1254 1766/1914/1254 1765/1915/1254 1753/1902/1254
f 1755/1903/1255 1767/1916/1255 1766/1914/1255 1754/1901/1255
f 1756/1904/1256 1768/1917/1256 1767/1916/1256 1755/1903/1256
f 1757/1905/1257 1769/1918/1257 1768/1917/1257 1756/1904/1257
f 1758/1906/1258 1770/1919/1258 1769/1918/1258 1757/1905/1258
f 1759/1907/1259 1771/1920/1259 1770/1919/1259 1758/1906/1259
f 1760/1908/1260 1772/1921/1260 1771/1920/1260 1759/1907/1260
f 1761/1909/1261 1773/1922/1261 1772/1921/1261 1760/1908/1261
f 1762/1910/1262 1774/1923/1262 1773/1922/1262 1761/1909/1262
f 1763/1911/1263 1775/1924/1263 1774/1923/1263 1762/1910/1263
f 1764/1900/1264 1776/1913/1264 1775/1924/1264 1763/1911/1264
f 1765/1912/1265 1777/1925/1265 1788/1926/1265 1776/1913/1265
f 1766/1914/1266 1778/1927/1266 1777/1928/1266 1765/1915/1266
f 1767/1916/1267 1779/1929/1267 1778/1927/1267 1766/1914/1267
f 1768/1917/1268 1780/1930/1268 1779/1929/1268 1767/1916/1268
f 1769/1918/1269 1781/1931/1269 1780/1930/1269 1768/1917/1269
f 1770/1919/1270 1782/1932/1270 1781/1931/1270 1769/1918/1270
f 1771/1920/1271 1783/1933/1271 1782/1932/1271 1770/1919/1271
f 1772/1921/1272 1784/1934/1272 1783/1933/1272 1771/1920/1272
f 1773/1922/1273 1785/1935/1273 1784/1934/1273 1772/1921/1273
f 1774/1923/1274 1786/1936/1274 1785/1935/1274 1773/1922/1274
f 1775/1924/1275 1787/1937/1275 1786/1936/1275 1774/1923/1275
f 1776/1913/1276 1788/1926/1276 1787/1937/1276 1775/1924/1276
f 1777/1925/1277 1789/1938/1277 1800/1939/1277 1788/1926/1277
f 1778/1927/1278 1790/1940/1278 1789/1941/1278 1777/1928/1278
f 1779/1929/1279 1791/1942/1279 1790/1940/1279 1778/1927/1279
f 1780/1930/1280 1792/1943/1280 1791/1942/1280 1779/1929/1280
f 1781/1931/1281 1793/1944/1281 1792/1943/1281 1780/1930/1281
f 1782/1932/1282 1794/1945/1282 1793/1944/1282 1781/1931/1282
f 1783/1933/1283 1795/1946/1283 1794/1945/1283 1782/1932/1283
f 1784/1934/1284 1796/1947/1284 1795/1946/1284 1783/1933/1284
f 1785/1935/1285 1797/1948/1285 1796/1947/1285 1784/1934/1285
f 1786/1936/1286 1798/1949/1286 1797/1948/1286 1785/1935/1286
f 1787/1937/1287 1799/1950/1287 1798/1949/1287 1786/1936/1287
f 1788/1926/1288 1800/1939/1288 1799/1950/1288 1787/1937/1288
f 1801/1951/1289 1813/1952/1289 1824/1953/1289 1812/1954/1289
f 1802/1955/1290 1814/1956/1290 1813/1957/1290 1801/1958/1290
f 1803/1959/1291 1815/1960/1291 1814/1956/1291 1802/1955/1291
f 1804/1961/1292 1816/1962/1292 1815/1960/1292 1803/1959/1292
f 1805/1963/1293 1817/1964/1293 1816/1962/1293 1804/1961/1293
f 1806/1965/1294 1818/1966/1294 1817/1964/1294 1805/1963/1294
f 1807/1967/1295 1819/1968/1295 1818/1966/1295 1806/1965/1295
f 1808/1969/1296 1820/1970/1296 1819/1968/1296 1807/1967/1296
f 1809/1971/1297 1821/1972/1297 1820/1970/1297 1808/1969/1297
f 1810/1973/1298 1822/1974/1298 1821/1972/1298 1809/1971/1298
f 1811/1975/1299 1823/1976/1299 1822/1974/1299 1810/1973/1299
f 1812/1954/1300 1824/1953/1300 1823/1976/1300 1811/1975/1300
f 1813/1952/1301 1825/1977/1301 1836/1978/1301 1824/1953/1301
f 1814/1956/1302 1826/1979/1302 1825/1980/1302 1813/1957/1302
f 1815/1960/1303 1827/1981/1303 1826/1979/1303 1814/1956/1303
f 1816/1962/1304 1828/1982/1304 1827/1981/1304 1815/1960/1304
f 1817/1964/1305 1829/1983/1305 1828/1982/1305 1816/1962/1305
f 1818/1966/1306 1830/1984/1306 1829/1983/1306 1817/1964/1306
f 1819/1968/1307 1831/1985/1307 1830/1984/1307 1818/1966/1307
f 1820/1970/1308 1832/1986/1308 1831/1985/1308 1819/1968/1308
f 1821/1972/1309 1833/1987/1309 1832/1986/1309 1820/1970/1309
f 1822/1974/1310 1834/1988/1310 1833/1987/1310 1821/1972/1310
f 1823/1976/1311 1835/1989/1311 1834/1988/1311 1822/1974/1311
f 1824/1953/1312 1836/1978/1312 1835/1989/1312 1823/1976/1312
f 1825/1977/1313 1837/1990/1313 1848/1991/1313 1836/1978/1313
f 1826/1979/1314 1838/1992/1314 1837/1993/1314 1825/1980/1314
f 1827/1981/1315 1839/1994/1315 1838/1992/1315 1826/1979/1315
f 1828/1982/1316 1840/1995/1316 1839/1994/1316 1827/1981/1316
f 1829/1983/1317 1841/1996/1317 1840/1995/1317 1828/1982/1317
f 1830/1984/1318 1842/1997/1318 1841/1996/1318 1829/1983/1318
f 1831/1985/1319 1843/1998/1319 1842/1997/1319 1830/1984/1319
f 1832/1986/1320 1844/1999/1320 1843/1998/1320 1831/1985/1320
f 1833/1987/1321 1845/2000/1321 1844/1999/1321 1832/1986/1321
f 1834/1988/1322 1846/2001/1322 1845/2000/1322 1833/1987/1322
f 1835/1989/1323 1847/2002/1323 1846/2001/1323 1834/1988/1323
f 1836/1978/1324 1848/1991/1324 1847/2002/1324 1835/1989/1324
f 1837/1990/1325 1849/2003/1325 1860/2004/1325 1848/1991/1325
f 1838/1992/1326 1850/2005/1326 1849/2006/1326 1837/1993/1326
f 1839/1994/1327 1851/2007/1327 1850/2005/1327 1838/1992/1327
f 1840/1995/1328 1852/2008/1328 1851/2007/1328 1839/1994/1328
f 1841/1996/1329 1853/2009/1329 1852/2008/1329 1840/1995/1329
f 1842/1997/1330 1854/2010/1330 1853/2009/1330 1841/1996/1330
f 1843/1998/1331 1855/2011/1331 1854/2010/1331 1842/1997/1331
f 1844/1999/1332 1856/2012/1332 1855/2011/1332 1843/1998/1332
f 1845/2000/1333 1857/2013/1333 1856/2012/1333 1844/1999/1333
f 1846/2001/1334 1858/2014/1334 1857/2013/1334 1845/2000/1334
f 1847/2002/1335 1859/2015/1335 1858/2014/1335 1846/2001/1335
f 1848/1991/1336 1860/2004/1336 1859/2015/1336 1847/2002/1336
f 1849/2003/1337 1861/2016/1337 1872/2017/1337 1860/2004/1337
f 1850/2005/1338 1862/2018/1338 1861/2019/1338 1849/2006/1338
f 1851/2007/1339 1863/2020/1339 1862/2018/1339 1850/2005/1339
f 1852/2008/1340 1864/2021/1340 1863/2020/1340 1851/2007/1340
f 1853/2009/1341 1865/2022/1341 1864/2021/1341 1852/2008/1341
f 1854/2010/1342 1866/2023/1342 1865/2022/1342 1853/2009/1342
f 1855/2011/1343 1867/2024/1343 1866/2023/1343 1854/2010/1343
f 1856/2012/1344 1868/2025/1344 1867/2024/1344 1855/2011/1344
f 1857/2013/1345 1869/2026/1345 1868/2025/1345 1856/2012/1345
f 1858/2014/1346 1870/2027/1346 1869/2026/1346 1857/2013/1346
f 1859/2015/1347 1871/2028/1347 1870/2027/1347 1858/2014/1347
f 1860/2004/1348 1872/2017/1348 1871/2028/1348 1859/2015/1348
f 1861/2016/1349 1873/2029/1349 1884/2030/1349 1872/2017/1349
f 1862/2018/1350 1874/2031/1350 1873/2032/1350 1861/2019/1350
f 1863/2020/1351 1875/2033/1351 1874/2031/1351 1862/2018/1351
f 1864/2021/1352 1876/2034/1352 1875/2033/1352 1863/2020/1352
f 1865/2022/1353 1877/2035/1353 1876/2034/1353 1864/2021/1353
f 1866/2023/1354 1878/2036/1354 1877/2035/1354 1865/2022/1354
f 1867/2024/1355 1879/2037/1355 1878/2036/1355 1866/2023/1355
f 1868/2025/1356 1880/2038/1356 1879/2037/1356 1867/2024/1356
f 1869/2026/1357 1881/2039/1357 1880/2038/1357 1868/2025/1357
f 1870/2027/1358 1882/2040/1358 1881/2039/1358 1869/2026/1358
f 1871/2028/1359 1883/2041/1359 1882/2040/1359 1870/2027/1359
f 1872/2017/1360 1884/2030/1360 1883/2041/1360 1871/2028/1360
f 1873/2029/1361 1885/2042/1361 1896/2043/1361 1884/2030/1361
f 1874/2031/1362 1886/2044/1362 1885/2045/1362 1873/2032/1362
f 1875/2033/1363 1887/2046/1363 1886/2044/1363 1874/2031/1363
f 1876/2034/1364 1888/2047/1364 1887/2046/1364 1875/2033/1364
f 1877/2035/1365 1889/2048/1365 1888/2047/1365 1876/2034/1365
f 1878/2036/1366 1890/2049/1366 1889/2048/1366 1877/2035/1366
f 1879/2037/1367 1891/2050/1367 1890/2049/1367 1878/2036/1367
f 1880/2038/1368 1892/2051/1368 1891/2050/1368 1879/2037/1368
f 1881/2039/1369 1893/2052/1369 1892/2051/1369 1880/2038/1369
f 1882/2040/1370 1894/2053/1370 1893/2052/1370 1881/2039/1370
f 1883/2041/1371 1895/2054/1371 1894/2053/1371 1882/2040/1371
f 1884/2030/1372 1896/2043/1372 1895/2054/1372 1883/2041/1372
f 1885/2042/1373 1897/2055/1373 1908/2056/1373 1896/2043/1373
f 1886/2044/1374 1898/2057/1374 1897/2058/1374 1885/2045/1374
f 1887/2046/1375 1899/2059/1375 1898/2057/1375 1886/2044/1375
f 1888/2047/1376 1900/2060/1376 1899/2059/1376 1887/2046/1376
f 1889/2048/1377 1901/2061/1377 1900/2060/1377 1888/2047/1377
f 1890/2049/1378 1902/2062/1378 1901/2061/1378 1889/2048/1378
f 1891/2050/1379 1903/2063/1379 1902/2062/1379 1890/2049/1379
f 1892/2051/1380 1904/2064/1380 1903/2063/1380 1891/2050/1380
f 1893/2052/1381 1905/2065/1381 1904/2064/1381 1892/2051/1381
f 1894/2053/1382 1906/2066/1382 1905/2065/1382 1893/2052/1382
f 1895/2054/1383 1907/2067/1383 1906/2066/1383 1894/2053/1383
f 1896/2043/1384 1908/2056/1384 1907/2067/1384 1895/2054/1384
f 1897/2055/1385 1909/2068/1385 1920/2069/1385 1908/2056/1385
f 1898/2057/1386 1910/2070/1386 1909/2071/1386 1897/2058/1386
f 1899/2059/1387 1911/2072/1387 1910/2070/1387 1898/2057/1387
f 1900/2060/1388 1912/2073/1388 1911/2072/1388 1899/2059/1388
f 1901/2061/1389 1913/2074/1389 1912/2073/1389 1900/2060/1389
f 1902/2062/1390 1914/2075/1390 1913/2074/1390 1901/2061/1390
f 1903/2063/1391 1915/2076/1391 1914/2075/1391 1902/2062/1391
f 1904/2064/1392 1916/2077/1392 1915/2076/1392 1903/2063/1392
f 1905/2065/1393 1917/2078/1393 1916/2077/1393 1904/2064/1393
f 1906/2066/1394 1918/2079/1394 1917/2078/1394 1905/2065/1394
f 1907/2067/1395 1919/2080/1395 1918/2079/1395 1906/2066/1395
f 1908/2056/1396 1920/2069/1396 1919/2080/1396 1907/2067/1396
f 1909/2068/1397 1921/2081/1397 1932/2082/1397 1920/2069/1397
f 1910/2070/1398 1922/2083/1398 1921/2084/1398 1909/2071/1398
f 1911/2072/1399 1923/2085/1399 1922/2083/1399 1910/2070/1399
f 1912/2073/1400 1924/2086/1400 1923/2085/1400 1911/2072/1400
f 1913/2074/1401 1925/2087/1401 1924/2086/1401 1912/2073/1401
f 1914/2075/1402 1926/2088/1402 1925/2087/1402 1913/2074/1402
f 1915/2076/1403 1927/2089/1403 1926/2088/1403 1914/2075/1403
f 1916/2077/1404 1928/2090/1404 1927/2089/1404 1915/2076/1404
f 1917/2078/1405 1929/2091/1405 1928/2090/1405 1916/2077/1405
f 1918/2079/1406 1930/2092/1406 1929/2091/1406 1917/2078/1406
f 1919/2080/1407 1931/2093/1407 1930/2092/1407 1918/2079/1407
f 1920/2069/1408 1932/2082/1408 1931/2093/1408 1919/2080/1408
f 1921/2081/1409 1933/2094/1409 1944/2095/1409 1932/2082/1409
f 1922/2083/1410 1934/2096/1410 1933/2097/1410 1921/2084/1410
f 1923/2085/1411 1935/2098/1411 1934/2096/1411 1922/2083/1411
f 1924/2086/1412 1936/2099/1412 1935/2098/1412 1923/2085/1412
f 1925/2087/1413 1937/2100/1413 1936/2099/1413 1924/2086/1413
f 1926/2088/1414 1938/2101/1414 1937/2100/1414 1925/2087/1414
f 1927/2089/1415 1939/2102/1415 1938/2101/1415 1926/2088/1415
f 1928/2090/1416 1940/2103/1416 1939/2102/1416 1927/2089/1416
f 1929/2091/1417 1941/2104/1417 1940/2103/1417 1928/2090/1417
f 1930/2092/1418 1942/2105/1418 1941/2104/1418 1929/2091/1418
f 1931/2093/1419 1943/2106/1419 1942/2105/1419 1930/2092/1419
f 1932/2082/1420 1944/2095/1420 1943/2106/1420 1931/2093/1420
f 1933/2094/1421 1945/2107/1421 1956/2108/1421 1944/2095/1421
f 1934/2096/1422 1946/2109/1422 1945/2110/1422 1933/2097/1422
f 1935/2098/1423 1947/2111/1423 1946/2109/1423 1934/2096/1423
f 1936/2099/1424 1948/2112/1424 1947/2111/1424 1935/2098/1424
f 1937/2100/1425 1949/2113/1425 1948/2112/1425 1936/2099/1425
f 1938/2101/1426 1950/2114/1426 1949/2113/1426 1937/2100/1426
f 1939/2102/1427 1951/2115/1427 1950/2114/1427 1938/2101/1427
f 1940/2103/1428 1952/2116/1428 1951/2115/1428 1939/2102/1428
f 1941/2104/1429 1953/2117/1429 1952/2116/1429 1940/2103/1429
f 1942/2105/1430 1954/2118/1430 1953/2117/1430 1941/2104/1430
f 1943/2106/1431 1955/2119/1431 1954/2118/1431 1942/2105/1431
f 1944/2095/1432 1956/2108/1432 1955/2119/1432 1943/2106/1432
f 1957/2120/1433 1969/2121/1433 1980/2122/1433 1968/2123/1433
f 1958/2124/1434 1970/2125/1434 1969/2126/1434 1957/2127/1434
f 1959/2128/1435 1971/2129/1435 1970/2125/1435 1958/2124/1435
f 1960/2130/1436 1972/2131/1436 1971/2129/1436 1959/2128/1436
f 1961/2132/1437 1973/2133/1437 1972/2131/1437 1960/2130/1437
f 1962/2134/1438 1974/2135/1438 1973/2133/1438 1961/2132/1438
f 1963/2136/1439 1975/2137/1439 1974/2135/1439 1962/2134/1439
f 1964/2138/1440 1976/2139/1440 1975/2137/1440 1963/2136/1440
f 1965/2140/1441 1977/2141/1441 1976/2139/1441 1964/2138/1441
f 1966/2142/1442 1978/2143/1442 1977/2141/1442 1965/2140/1442
f 1967/2144/1443 1979/2145/1443 1978/2143/1443 1966/2142/1443
f 1968/2123/1444 1980/2122/1444 1979/2145/1444 1967/2144/1444
f 1969/2121/1445 1981/2146/1445 1992/2147/1445 1980/2122/1445
f 1970/2125/1446 1982/2148/1446 1981/2149/1446 1969/2126/1446
f 1971/2129/1160 1983/2150/1160 1982/2148/1160 1970/2125/1160
f 1972/2131/1159 1984/2151/1159 1983/2150/1159 1971/2129/1159
f 1973/2133/1447 1985/2152/1447 1984/2151/1447 1972/2131/1447
f 1974/2135/1448 1986/2153/1448 1985/2152/1448 1973/2133/1448
f 1975/2137/1449 1987/2154/1449 1986/2153/1449 1974/2135/1449
f 1976/2139/1450 1988/2155/1450 1987/2154/1450 1975/2137/1450
f 1977/2141/1166 1989/2156/1166 1988/2155/1166 1976/2139/1166
f 1978/2143/1165 1990/2157/1165 1989/2156/1165 1977/2141/1165
f 1979/2145/1451 1991/2158/1451 1990/2157/1451 1978/2143/1451
f 1980/2122/1452 1992/2147/1452 1991/2158/1452 1979/2145/1452
f 1981/2146/1453 1993/2159/1453 2004/2160/1453 1992/2147/1453
f 1982/2148/1454 1994/2161/1454 1993/2162/1454 1981/2149/1454
f 1983/2150/1172 1995/2163/1172 1994/2161/1172 1982/2148/1172
f 1984/2151/1171 1996/2164/1171 1995/2163/1171 1983/2150/1171
f 1985/2152/1455 1997/2165/1455 1996/2164/1455 1984/2151/1455
f 1986/2153/1456 1998/2166/1456 1997/2165/1456 1985/2152/1456
f 1987/2154/1457 1999/2167/1457 1998/2166/1457 1986/2153/1457
f 1988/2155/1458 2000/2168/1458 1999/2167/1458 1987/2154/1458
f 1989/2156/1178 2001/2169/1178 2000/2168/1178 1988/2155/1178
f 1990/2157/1177 2002/2170/1177 2001/2169/1177 1989/2156/1177
f 1991/2158/1459 2003/2171/1459 2002/2170/1459 1990/2157/1459
f 1992/2147/1460 2004/2160/1460 2003/2171/1460 1991/2158/1460
f 1993/2159/1461 2005/2172/1461 2016/2173/1461 2004/2160/1461
f 1994/2161/1462 2006/2174/1462 2005/2175/1462 1993/2162/1462
f 1995/2163/1184 2007/2176/1184 2006/2174/1184 1994/2161/1184
f 1996/2164/1183 2008/2177/1183 2007/2176/1183 1995/2163/1183
f 1997/2165/1463 2009/2178/1463 2008/2177/1463 1996/2164/1463
f 1998/2166/1464 2010/2179/1464 2009/2178/1464 1997/2165/1464
f 1999/2167/1465 2011/2180/1465 2010/2179/1465 1998/2166/1465
f 2000/2168/1466 2012/2181/1466 2011/2180/1466 1999/2167/1466
f 2001/2169/1190 2013/2182/1190 2012/2181/1190 2000/2168/1190
f 2002/2170/1189 2014/2183/1189 2013/2182/1189 2001/2169/1189
f 2003/2171/1467 2015/2184/1467 2014/2183/1467 2002/2170/1467
f 2004/2160/1468 2016/2173/1468 2015/2184/1468 2003/2171/1468
f 2005/2172/1469 2017/2185/1469 2028/2186/1469 2016/2173/1469
f 2006/2174/1470 2018/2187/1470 2017/2188/1470 2005/2175/1470
f 2007/2176/1471 2019/2189/1471 2018/2187/1471 2006/2174/1471
f 2008/2177/1472 2020/2190/1472 2019/2189/1472 2007/2176/1472
f 2009/2178/1473 2021/2191/1473 2020/2190/1473 2008/2177/1473
f 2010/2179/1474 2022/2192/1474 2021/2191/1474 2009/2178/1474
f 2011/2180/1475 2023/2193/1475 2022/2192/1475 2010/2179/1475
f 2012/2181/1476 2024/2194/1476 2023/2193/1476 2011/2180/1476
f 2013/2182/1477 2025/2195/1477 2024/2194/1477 2012/2181/1477
f 2014/2183/1478 2026/2196/1478 2025/2195/1478 2013/2182/1478
f 2015/2184/1479 2027/2197/1479 2026/2196/1479 2014/2183/1479
f 2016/2173/1480 2028/2186/1480 2027/2197/1480 2015/2184/1480
f 2017/2185/1481 2029/2198/1481 2040/2199/1481 2028/2186/1481
f 2018/2187/1209 2030/2200/1209 2029/2201/1209 2017/2188/1209
f 2019/2189/1482 2031/2202/1482 2030/2200/1482 2018/2187/1482
f 2020/2190/1483 2032/2203/1483 2031/2202/1483 2019/2189/1483
f 2021/2191/1206 2033/2204/1206 2032/2203/1206 2020/2190/1206
f 2022/2192/1484 2034/2205/1484 2033/2204/1484 2021/2191/1484
f 2023/2193/1485 2035/2206/1485 2034/2205/1485 2022/2192/1485
f 2024/2194/1486 2036/2207/1486 2035/2206/1486 2023/2193/1486
f 2025/2195/1487 2037/2208/1487 2036/2207/1487 2024/2194/1487
f 2026/2196/1488 2038/2209/1488 2037/2208/1488 2025/2195/1488
f 2027/2197/1212 2039/2210/1212 2038/2209/1212 2026/2196/1212
f 2028/2186/1489 2040/2199/1489 2039/2210/1489 2027/2197/1489
f 2029/2198/1490 2041/2211/1490 2052/2212/1490 2040/2199/1490
f 2030/2200/1221 2042/2213/1221 2041/2214/1221 2029/2201/1221
f 2031/2202/1220 2043/2215/1220 2042/2213/1220 2030/2200/1220
f 2032/2203/1219 2044/2216/1219 2043/2215/1219 2031/2202/1219
f 2033/2204/1218 2045/2217/1218 2044/2216/1218 2032/2203/1218
f 2034/2205/1491 2046/2218/1491 2045/2217/1491 2033/2204/1491
f 2035/2206/1492 2047/2219/1492 2046/2218/1492 2034/2205/1492
f 2036/2207/1227 2048/2220/1227 2047/2219/1227 2035/2206/1227
f 2037/2208/1226 2049/2221/1226 2048/2220/1226 2036/2207/1226
f 2038/2209/1493 2050/2222/1493 2049/2221/1493 2037/2208/1493
f 2039/2210/1224 2051/2223/1224 2050/2222/1224 2038/2209/1224
f 2040/2199/1494 2052/2212/1494 2051/2223/1494 2039/2210/1494
f 2041/2211/1495 2053/2224/1495 2064/2225/1495 2052/2212/1495
f 2042/2213/1496 2054/2226/1496 2053/2227/1496 2041/2214/1496
f 2043/2215/1497 2055/2228/1497 2054/2226/1497 2042/2213/1497
f 2044/2216/1498 2056/2229/1498 2055/2228/1498 2043/2215/1498
f 2045/2217/1499 2057/2230/1499 2056/2229/1499 2044/2216/1499
f 2046/2218/1500 2058/2231/1500 2057/2230/1500 2045/2217/1500
f 2047/2219/1501 2059/2232/1501 2058/2231/1501 2046/2218/1501
f 2048/2220/1502 2060/2233/1502 2059/2232/1502 2047/2219/1502
f 2049/2221/1503 2061/2234/1503 2060/2233/1503 2048/2220/1503
f 2050/2222/1504 2062/2235/1504 2061/2234/1504 2049/2221/1504
f 2051/2223/1505 2063/2236/1505 2062/2235/1505 2050/2222/1505
f 2052/2212/1506 2064/2225/1506 2063/2236/1506 2051/2223/1506
f 2053/2224/1507 2065/2237/1507 2076/2238/1507 2064/2225/1507
f 2054/2226/1508 2066/2239/1508 2065/2240/1508 2053/2227/1508
f 2055/2228/1244 2067/2241/1244 2066/2239/1244 2054/2226/1244
f 2056/2229/1243 2068/2242/1243 2067/2241/1243 2055/2228/1243
f 2057/2230/1509 2069/2243/1509 2068/2242/1509 2056/2229/1509
f 2058/2231/1510 2070/2244/1510 2069/2243/1510 2057/2230/1510
f 2059/2232/1511 2071/2245/1511 2070/2244/1511 2058/2231/1511
f 2060/2233/1512 2072/2246/1512 2071/2245/1512 2059/2232/1512
f 2061/2234/1250 2073/2247/1250 2072/2246/1250 2060/2233/1250
f 2062/2235/1249 2074/2248/1249 2073/2247/1249 2061/2234/1249
f 2063/2236/1513 2075/2249/1513 2074/2248/1513 2062/2235/1513
f 2064/2225/1514 2076/2238/1514 2075/2249/1514 2063/2236/1514
f 2065/2237/1515 2077/2250/1515 2088/2251/1515 2076/2238/1515
f 2066/2239/1516 2078/2252/1516 2077/2253/1516 2065/2240/1516
f 2067/2241/1256 2079/2254/1256 2078/2252/1256 2066/2239/1256
f 2068/2242/1255 2080/2255/1255 2079/2254/1255 2067/2241/1255
f 2069/2243/1517 2081/2256/1517 2080/2255/1517 2068/2242/1517
f 2070/2244/1518 2082/2257/1518 2081/2256/1518 2069/2243/1518
f 2071/2245/1519 2083/2258/1519 2082/2257/1519 2070/2244/1519
f 2072/2246/1520 2084/2259/1520 2083/2258/1520 2071/2245/1520
f 2073/2247/1262 2085/2260/1262 2084/2259/1262 2072/2246/1262
f 2074/2248/1261 2086/2261/1261 2085/2260/1261 2073/2247/1261
f 2075/2249/1521 2087/2262/1521 2086/2261/1521 2074/2248/1521
f 2076/2238/1522 2088/2251/1522 2087/2262/1522 2075/2249/1522
f 2077/2250/1523 2089/2263/1523 2100/2264/1523 2088/2251/1523
f 2078/2252/1524 2090/2265/1524 2089/2266/1524 2077/2253/1524
f 2079/2254/1268 2091/2267/1268 2090/2265/1268 2078/2252/1268
f 2080/2255/1267 2092/2268/1267 2091/2267/1267 2079/2254/1267
f 2081/2256/1525 2093/2269/1525 2092/2268/1525 2080/2255/1525
f 2082/2257/1526 2094/2270/1526 2093/2269/1526 2081/2256/1526
f 2083/2258/1527 2095/2271/1527 2094/2270/1527 2082/2257/1527
f 2084/2259/1528 2096/2272/1528 2095/2271/1528 2083/2258/1528
f 2085/2260/1274 2097/2273/1274 2096/2272/1274 2084/2259/1274
f 2086/2261/1273 2098/2274/1273 2097/2273/1273 2085/2260/1273
f 2087/2262/1529 2099/2275/1529 2098/2274/1529 2086/2261/1529
f 2088/2251/1530 2100/2264/1530 2099/2275/1530 2087/2262/1530
f 2089/2263/1531 2101/2276/1531 2112/2277/1531 2100/2264/1531
f 2090/2265/1532 2102/2278/1532 2101/2279/1532 2089/2266/1532
f 2091/2267/1533 2103/2280/1533 2102/2278/1533 2090/2265/1533
f 2092/2268/1534 2104/2281/1534 2103/2280/1534 2091/2267/1534
f 2093/2269/1535 2105/2282/1535 2104/2281/1535 2092/2268/1535
f 2094/2270/1536 2106/2283/1536 2105/2282/1536 2093/2269/1536
f 2095/2271/1537 2107/2284/1537 2106/2283/1537 2094/2270/1537
f 2096/2272/1538 2108/2285/1538 2107/2284/1538 2095/2271/1538
f 2097/2273/1539 2109/2286/1539 2108/2285/1539 2096/2272/1539
f 2098/2274/1540 2110/2287/1540 2109/2286/1540 2097/2273/1540
f 2099/2275/1541 2111/2288/1541 2110/2287/1541 2098/2274/1541
f 2100/2264/1542 2112/2277/1542 2111/2288/1542 2099/2275/1542
f 1296/1393/1543 1285/1395/1543 1286/1394/1543 1287/1396/1543 1288/1397/1543 1289/1398/1543 1290/1399/1543 1291/1400/1543 1292/1401/1543 1293/1402/1543 1294/1403/1543 1295/1404/1543
f 1356/1460/1543 1355/1481/1543 1354/1479/1543 1353/1477/1543 1352/1475/1543 1351/1473/1543 1350/1471/1543 1349/1469/1543 1348/1467/1543 1347/1465/1543 1346/1461/1543 1345/1464/1543
o _3-3__curve_.002__3-3__curve_.003
v -184.177063 200.000000 212.268829
v -183.944244 203.660248 208.615997
v -183.626190 205.000000 203.626114
v -183.308136 203.660263 198.636246
v -183.075317 200.000000 194.983398
v -182.990097 195.000015 193.646362
v -183.075317 190.000000 194.983398
v -183.308136 186.339752 198.636230
v -183.626190 185.000000 203.626099
v -183.944244 186.339737 208.615982
v -184.177063 189.999985 212.268829
v -184.262283 194.999985 213.605865
v -187.281006 200.000000 212.053314
v -186.815598 203.660248 208.422775
v -186.179825 205.000000 203.463348
v -185.544052 203.660263 198.503937
v -185.078644 200.000000 194.873398
v -184.908279 195.000015 193.544525
v -185.078644 190.000015 194.873383
v -185.544052 186.339752 198.503922
v -186.179825 185.000000 203.463333
v -186.815598 186.339737 208.422760
v -187.281006 189.999985 212.053299
v -187.451370 194.999985 213.382172
v -190.891190 200.000000 211.353607
v -189.964966 203.660248 207.812485
v -188.699722 205.000000 202.975204
v -187.434479 203.660263 198.137939
v -186.508255 200.000000 194.596817
v -186.169235 195.000015 193.300674
v -186.508255 190.000000 194.596802
v -187.434479 186.339752 198.137924
v -188.699722 185.000000 202.975189
v -189.964966 186.339737 207.812469
v -190.891190 189.999985 211.353592
v -191.230209 194.999985 212.649734
v -194.410294 200.000000 210.185638
v -193.033264 203.660248 206.794296
v -191.152206 205.000000 202.161621
v -189.271149 203.660263 197.528961
v -187.894119 200.000000 194.137604
v -187.390091 195.000015 192.896286
v -187.894119 190.000000 194.137589
v -189.271149 186.339752 197.528946
v -191.152206 185.000000 202.161606
v -193.033264 186.339737 206.794281
v -194.410294 189.999985 210.185638
v -194.914322 194.999985 211.426956
v -197.787704 200.000000 208.548981
v -195.977036 203.660248 205.367966
v -193.503601 205.000000 201.022598
v -191.030167 203.660263 196.677246
v -189.219498 200.000000 193.496216
v -188.556747 195.000015 192.331879
v -189.219498 190.000000 193.496216
v -191.030167 186.339752 196.677231
v -193.503601 185.000000 201.022583
v -195.977020 186.339737 205.367950
v -197.787704 189.999985 208.548981
v -198.450455 194.999985 209.713318
v -200.968430 200.000000 206.446945
v -198.750259 203.660248 203.535385
v -195.720184 205.000000 199.558121
v -192.690109 203.660263 195.580856
v -190.471939 200.000000 192.669296
v -189.660019 195.000015 191.603592
v -190.471924 190.000000 192.669296
v -192.690094 186.339752 195.580856
v -195.720184 185.000000 199.558105
v -198.750259 186.339737 203.535370
v -200.968430 189.999985 206.446945
v -201.780350 194.999985 207.512650
v -203.892059 200.000000 203.891876
v -201.303848 203.660248 201.303711
v -197.768280 205.000000 197.768204
v -194.232727 203.660263 194.232697
v -191.644516 200.000000 191.644531
v -190.697159 195.000015 190.697189
v -191.644501 190.000000 191.644516
v -194.232712 186.339752 194.232697
v -197.768280 185.000000 197.768204
v -201.303833 186.339737 201.303711
v -203.892044 189.999985 203.891876
v -204.839401 194.999985 204.839218
v -206.447052 200.000000 200.968246
v -203.535477 203.660248 198.750107
v -199.558167 205.000000 195.720078
v -195.580872 203.660263 192.690048
v -192.669281 200.000000 190.471924
v -191.603561 195.000015 189.660019
v -192.669266 190.000015 190.471909
v -195.580856 186.339752 192.690048
v -199.558151 185.000000 195.720078
v -203.535461 186.339737 198.750107
v -206.447052 189.999985 200.968231
v -207.512772 194.999985 201.780136
v -208.549042 200.000000 197.787521
v -205.368011 203.660248 195.976868
v -201.022629 205.000000 193.503464
v -196.677261 203.660263 191.030060
v -193.496216 200.000000 189.219406
v -192.331879 195.000015 188.556656
v -193.496216 190.000000 189.219406
v -196.677246 186.339752 191.030060
v -201.022614 185.000000 193.503464
v -205.367996 186.339737 195.976868
v -208.549042 189.999985 197.787521
v -209.713379 194.999985 198.450272
v -210.185669 200.000000 194.410141
v -206.794327 203.660248 193.033112
v -202.161652 205.000000 191.152054
v -197.528992 203.660248 189.270996
v -194.137634 200.000000 187.893967
v -192.896317 195.000015 187.389938
v -194.137634 190.000000 187.893967
v -197.528976 186.339752 189.270996
v -202.161636 185.000000 191.152054
v -206.794312 186.339737 193.033112
v -210.185669 189.999985 194.410141
v -211.426987 194.999985 194.914169
v -211.353638 200.000000 190.891068
v -207.812515 203.660248 189.964828
v -202.975250 205.000000 188.699554
v -198.138000 203.660263 187.434280
v -194.596878 200.000000 186.508041
v -193.300720 195.000015 186.169022
v -194.596863 190.000000 186.508041
v -198.137985 186.339752 187.434280
v -202.975235 185.000000 188.699554
v -207.812500 186.339737 189.964813
v -211.353622 189.999985 190.891068
v -212.649780 194.999985 191.230087
v -212.053360 200.000000 187.280899
v -208.422821 203.660248 186.815460
v -203.463409 205.000000 186.179657
v -198.503998 203.660263 185.543854
v -194.873459 200.000000 185.078415
v -193.544586 195.000015 184.908051
v -194.873459 190.000000 185.078415
v -198.503983 186.339752 185.543854
v -203.463394 185.000000 186.179657
v -208.422806 186.339737 186.815460
v -212.053360 189.999985 187.280899
v -213.382233 194.999985 187.451263
v -212.286453 200.000000 183.626144
v -208.626190 203.660248 183.626129
v -203.626190 205.000000 183.626114
v -198.626190 203.660263 183.626099
v -194.965942 200.000000 183.626083
v -193.626190 195.000015 183.626068
v -194.965927 190.000000 183.626083
v -198.626175 186.339752 183.626099
v -203.626175 185.000000 183.626114
v -208.626175 186.339737 183.626129
v -212.286438 189.999985 183.626144
v -213.626190 194.999985 183.626160
v -212.053391 200.000000 179.971298
v -208.422836 203.660248 180.436707
v -203.463425 205.000000 181.072479
v -198.504013 203.660263 181.708252
v -194.873474 200.000000 182.173660
v -193.544601 195.000015 182.344025
v -194.873459 190.000000 182.173660
v -198.503998 186.339752 181.708252
v -203.463409 185.000000 181.072479
v -208.422836 186.339737 180.436707
v -212.053375 189.999985 179.971298
v -213.382248 194.999985 179.800934
v -211.353683 200.000000 176.361115
v -207.812546 203.660248 177.287338
v -202.975281 205.000000 178.552582
v -198.138016 203.660263 179.817825
v -194.596893 200.000000 180.744049
v -193.300751 195.000015 181.083069
v -194.596878 190.000000 180.744049
v -198.138000 186.339752 179.817825
v -202.975266 185.000000 178.552582
v -207.812546 186.339737 177.287338
v -211.353668 189.999985 176.361115
v -212.649811 194.999985 176.022095
v -210.185715 200.000000 172.842010
v -206.794373 203.660248 174.219040
v -202.161697 205.000000 176.100098
v -197.529037 203.660263 177.981155
v -194.137680 200.000000 179.358185
v -192.896362 195.000015 179.862213
v -194.137680 190.000000 179.358185
v -197.529022 186.339752 177.981155
v -202.161682 185.000000 176.100098
v -206.794357 186.339737 174.219055
v -210.185715 189.999985 172.842026
v -211.427032 194.999985 172.337982
v -208.549057 200.000000 169.464600
v -205.368042 203.660248 171.275269
v -201.022675 205.000000 173.748703
v -196.677322 203.660263 176.222122
v -193.496292 200.000000 178.032806
v -192.331955 195.000015 178.695557
v -193.496292 190.000000 178.032806
v -196.677307 186.339752 176.222137
v -201.022659 185.000000 173.748703
v -205.368027 186.339737 171.275284
v -208.549057 189.999985 169.464600
v -209.713394 194.999985 168.801849
v -206.447098 200.000000 166.283966
v -203.535507 203.660248 168.502090
v -199.558197 205.000000 171.532120
v -195.580887 203.660263 174.562134
v -192.669296 200.000000 176.780273
v -191.603577 195.000015 177.592163
v -192.669296 190.000000 176.780273
v -195.580887 186.339752 174.562149
v -199.558197 185.000000 171.532120
v -203.535492 186.339737 168.502106
v -206.447098 189.999985 166.283981
v -207.512817 194.999985 165.472076
v -204.094254 200.000000 163.569336
v -201.420593 203.660248 166.069122
v -197.768280 205.000000 169.483902
v -194.115982 203.660263 172.898666
v -191.442307 200.000000 175.398453
v -190.463669 195.000000 176.313446
v -191.442291 190.000000 175.398468
v -194.115967 186.339752 172.898682
v -197.768280 185.000000 169.483902
v -201.420578 186.339737 166.069138
v -204.094254 190.000000 163.569351
v -205.072891 194.999985 162.654358
v -161.465591 200.000000 120.933792
v -158.877411 203.660248 123.521973
v -155.341873 205.000000 127.057510
v -151.806335 203.660263 130.593033
v -149.218155 200.000000 133.181229
v -148.270798 195.000000 134.128571
v -149.218140 190.000000 133.181244
v -151.806335 186.339752 130.593048
v -155.341873 185.000000 127.057526
v -158.877396 186.339737 123.521988
v -161.465591 189.999985 120.933792
v -162.412949 194.999985 119.986450
v 186.576340 184.995895 212.286392
v 186.724609 188.653137 208.626144
v 186.778885 189.991791 203.626144
v 186.724609 188.653152 198.626144
v 186.576340 184.995895 194.965897
v 186.373810 180.000000 193.626144
v 186.171280 175.004105 194.965881
v 186.023010 171.346863 198.626129
v 185.968735 170.008209 203.626129
v 186.023010 171.346848 208.626144
v 186.171280 175.004089 212.286392
v 186.373810 179.999985 213.626144
v -183.423660 199.995895 212.286362
v -183.275391 203.653137 208.626114
v -183.221115 204.991791 203.626114
v -183.275391 203.653152 198.626114
v -183.423660 199.995895 194.965866
v -183.626190 195.000000 193.626114
v -183.828720 190.004105 194.965851
v -183.976990 186.346863 198.626099
v -184.031265 185.008209 203.626099
v -183.976990 186.346848 208.626114
v -183.828720 190.004089 212.286362
v -183.626190 194.999985 213.626114
v -194.965897 185.000000 -186.373947
v -198.626160 188.660248 -186.373947
v -203.626160 190.000000 -186.373947
v -208.626160 188.660263 -186.373947
v -212.286407 185.000000 -186.373947
v -213.626160 180.000000 -186.373947
v -212.286423 175.000000 -186.373947
v -208.626175 171.339752 -186.373947
v -203.626175 170.000000 -186.373947
v -198.626160 171.339737 -186.373947
v -194.965912 174.999985 -186.373947
v -193.626160 179.999985 -186.373947
v -194.965927 185.000000 183.626114
v -198.626190 188.660248 183.626114
v -203.626190 190.000000 183.626114
v -208.626190 188.660263 183.626114
v -212.286438 185.000000 183.626114
v -213.626190 180.000000 183.626114
v -212.286453 175.000000 183.626114
v -208.626205 171.339752 183.626114
v -203.626205 170.000000 183.626114
v -198.626190 171.339737 183.626114
v -194.965942 174.999985 183.626114
v -193.626190 179.999985 183.626114
v -120.933853 185.000000 161.465546
v -123.522034 188.660248 158.877350
v -127.057571 190.000000 155.341812
v -130.593094 188.660263 151.806274
v -133.181290 185.000015 149.218094
v -134.128632 180.000015 148.270737
v -133.181305 175.000000 149.218079
v -130.593109 171.339752 151.806274
v -127.057587 170.000000 155.341812
v -123.522049 171.339737 158.877335
v -120.933853 174.999985 161.465530
v -119.986511 179.999985 162.412888
v -163.360260 185.000000 203.891937
v -165.948441 188.660248 201.303741
v -169.483978 190.000000 197.768204
v -173.019501 188.660263 194.232666
v -175.607697 185.000015 191.644485
v -176.555038 180.000015 190.697128
v -175.607712 175.000000 191.644470
v -173.019516 171.339752 194.232666
v -169.483994 170.000000 197.768204
v -165.948456 171.339737 201.303726
v -163.360260 174.999985 203.891922
v -162.412918 179.999985 204.839279
v 215.034103 185.000000 -186.373917
v 211.373840 188.660248 -186.373917
v 206.373840 190.000000 -186.373917
v 201.373840 188.660263 -186.373917
v 197.713593 185.000000 -186.373917
v 196.373840 180.000000 -186.373917
v 197.713577 175.000000 -186.373917
v 201.373825 171.339752 -186.373917
v 206.373825 170.000000 -186.373917
v 211.373840 171.339737 -186.373917
v 215.034088 174.999985 -186.373917
v 216.373840 179.999985 -186.373917
v 215.034073 185.000000 183.626144
v 211.373810 188.660248 183.626144
v 206.373810 190.000000 183.626144
v 201.373810 188.660263 183.626144
v 197.713562 185.000000 183.626144
v 196.373810 180.000000 183.626144
v 197.713547 175.000000 183.626144
v 201.373795 171.339752 183.626144
v 206.373795 170.000000 183.626144
v 211.373810 171.339737 183.626144
v 215.034058 174.999985 183.626144
v 216.373810 179.999985 183.626144
v 186.373840 185.000000 -197.713669
v 186.373840 188.660248 -201.373917
v 186.373840 190.000000 -206.373917
v 186.373840 188.660263 -211.373917
v 186.373840 185.000000 -215.034164
v 186.373840 180.000000 -216.373917
v 186.373840 175.000000 -215.034180
v 186.373840 171.339752 -211.373932
v 186.373840 170.000000 -206.373932
v 186.373840 171.339737 -201.373932
v 186.373840 174.999985 -197.713669
v 186.373840 179.999985 -196.373917
v -183.626160 185.000000 -197.713699
v -183.626160 188.660248 -201.373947
v -183.626160 190.000000 -206.373947
v -183.626160 188.660263 -211.373947
v -183.626160 185.000000 -215.034195
v -183.626160 180.000000 -216.373947
v -183.626160 175.000000 -215.034210
v -183.626160 171.339752 -211.373962
v -183.626160 170.000000 -206.373962
v -183.626160 171.339737 -201.373962
v -183.626160 174.999985 -197.713699
v -183.626160 179.999985 -196.373947
v -194.983398 185.000000 183.075333
v -198.636246 188.660248 183.308105
v -203.626129 190.000000 183.626068
v -208.616013 188.660263 183.944031
v -212.268845 185.000000 184.176804
v -213.605896 180.000015 184.261993
v -212.268860 175.000000 184.176804
v -208.616013 171.339752 183.944031
v -203.626144 170.000000 183.626068
v -198.636261 171.339737 183.308105
v -194.983414 174.999985 183.075333
v -193.646362 179.999985 182.990143
v -194.873444 185.000000 185.078522
v -198.503983 188.660248 185.543915
v -203.463409 190.000000 186.179657
v -208.422821 188.660263 186.815399
v -212.053375 185.000000 187.280792
v -213.382248 180.000015 187.451141
v -212.053375 175.000000 187.280792
v -208.422836 171.339752 186.815399
v -203.463425 170.000000 186.179657
v -198.503998 171.339737 185.543915
v -194.873444 174.999985 185.078522
v -193.544571 179.999985 184.908173
v -194.596863 185.000000 186.508041
v -198.137985 188.660248 187.434280
v -202.975250 190.000000 188.699554
v -207.812500 188.660263 189.964813
v -211.353622 185.000000 190.891052
v -212.649765 180.000015 191.230087
v -211.353638 175.000000 190.891068
v -207.812515 171.339752 189.964828
v -202.975266 170.000000 188.699554
v -198.138000 171.339737 187.434296
v -194.596878 175.000000 186.508057
v -193.300735 179.999985 186.169022
v -194.137634 185.000000 187.893967
v -197.528976 188.660248 189.270996
v -202.161652 190.000000 191.152054
v -206.794312 188.660263 193.033112
v -210.185669 185.000000 194.410141
v -211.426987 180.000015 194.914169
v -210.185669 175.000000 194.410141
v -206.794327 171.339752 193.033112
v -202.161667 170.000000 191.152054
v -197.528992 171.339737 189.270996
v -194.137634 174.999985 187.893967
v -192.896317 179.999985 187.389938
v -193.496216 185.000000 189.219406
v -196.677246 188.660248 191.030060
v -201.022629 190.000000 193.503464
v -205.367996 188.660263 195.976868
v -208.549042 185.000000 197.787521
v -209.713379 180.000000 198.450272
v -208.549042 175.000000 197.787521
v -205.368011 171.339752 195.976868
v -201.022644 170.000000 193.503464
v -196.677261 171.339737 191.030075
v -193.496216 174.999985 189.219406
v -192.331879 179.999985 188.556656
v -192.669281 185.000000 190.471924
v -195.580856 188.660248 192.690048
v -199.558167 190.000000 195.720078
v -203.535461 188.660263 198.750107
v -206.447052 185.000000 200.968231
v -207.512772 180.000015 201.780136
v -206.447067 175.000000 200.968246
v -203.535477 171.339752 198.750107
v -199.558167 170.000000 195.720078
v -195.580872 171.339737 192.690063
v -192.669281 174.999985 190.471924
v -191.603561 179.999985 189.660019
v -191.644501 185.000000 191.644531
v -194.232712 188.660248 194.232697
v -197.768280 190.000000 197.768204
v -201.303833 188.660263 201.303711
v -203.892044 185.000000 203.891876
v -204.839401 180.000000 204.839218
v -203.892059 175.000000 203.891891
v -201.303848 171.339752 201.303711
v -197.768280 170.000000 197.768204
v -194.232727 171.339737 194.232697
v -191.644516 174.999985 191.644531
v -190.697159 179.999985 190.697189
v -190.471939 185.000000 192.669296
v -192.690109 188.660248 195.580856
v -195.720184 190.000000 199.558121
v -198.750259 188.660263 203.535385
v -200.968430 185.000000 206.446945
v -201.780350 180.000000 207.512650
v -200.968445 175.000000 206.446945
v -198.750275 171.339752 203.535385
v -195.720184 170.000000 199.558136
v -192.690109 171.339737 195.580872
v -190.471939 174.999985 192.669296
v -189.660019 179.999985 191.603592
v -189.219498 185.000000 193.496216
v -191.030167 188.660248 196.677231
v -193.503601 190.000000 201.022598
v -195.977036 188.660263 205.367950
v -197.787704 185.000000 208.548981
v -198.450455 180.000015 209.713318
v -197.787704 175.000000 208.548981
v -195.977036 171.339752 205.367966
v -193.503601 170.000000 201.022614
v -191.030182 171.339737 196.677246
v -189.219498 174.999985 193.496216
v -188.556747 179.999985 192.331879
v -187.894119 185.000000 194.137604
v -189.271149 188.660248 197.528946
v -191.152206 190.000000 202.161621
v -193.033264 188.660263 206.794281
v -194.410294 185.000000 210.185638
v -194.914322 180.000015 211.426956
v -194.410294 175.000000 210.185654
v -193.033264 171.339752 206.794296
v -191.152206 170.000000 202.161636
v -189.271149 171.339737 197.528961
v -187.894119 174.999985 194.137604
v -187.390091 179.999985 192.896286
v -186.508255 185.000000 194.596802
v -187.434479 188.660248 198.137939
v -188.699722 190.000000 202.975204
v -189.964966 188.660263 207.812469
v -190.891190 185.000000 211.353592
v -191.230209 180.000000 212.649734
v -190.891190 175.000000 211.353607
v -189.964966 171.339752 207.812485
v -188.699722 170.000000 202.975220
v -187.434479 171.339737 198.137939
v -186.508255 174.999985 194.596817
v -186.169235 179.999985 193.300674
v -185.078735 185.000000 194.873383
v -185.544113 188.660248 198.503922
v -186.179825 190.000000 203.463348
v -186.815536 188.660263 208.422760
v -187.280914 185.000000 212.053314
v -187.451248 180.000000 213.382187
v -187.280914 175.000000 212.053329
v -186.815536 171.339752 208.422775
v -186.179825 170.000000 203.463364
v -185.544113 171.339737 198.503937
v -185.078735 174.999985 194.873383
v -184.908401 179.999985 193.544510
v -183.626266 185.000000 194.965790
v -183.626251 188.660248 198.626053
v -183.626236 190.000000 203.626053
v -183.626221 188.660263 208.626053
v -183.626205 185.000000 212.286301
v -183.626205 180.000000 213.626053
v -183.626205 175.000000 212.286316
v -183.626221 171.339752 208.626068
v -183.626236 170.000000 203.626068
v -183.626251 171.339737 198.626068
v -183.626266 174.999985 194.965805
v -183.626266 179.999985 193.626053
v -182.173782 185.000000 194.873367
v -181.708389 188.660248 198.503906
v -181.072647 190.000000 203.463333
v -180.436905 188.660263 208.422745
v -179.971512 185.000000 212.053299
v -179.801163 180.000015 213.382172
v -179.971512 175.000000 212.053299
v -180.436905 171.339752 208.422760
v -181.072647 170.000000 203.463348
v -181.708389 171.339737 198.503922
v -182.173782 174.999985 194.873367
v -182.344131 179.999985 193.544495
v -180.744263 185.000000 194.596786
v -179.818024 188.660248 198.137909
v -178.552750 190.000000 202.975174
v -177.287491 188.660263 207.812424
v -176.361237 185.000000 211.353561
v -176.022217 180.000000 212.649704
v -176.361237 175.000000 211.353561
v -177.287476 171.339752 207.812439
v -178.552750 170.000000 202.975189
v -179.818008 171.339737 198.137924
v -180.744263 174.999985 194.596802
v -181.083282 179.999985 193.300644
v -179.358337 185.000000 194.137558
v -177.981308 188.660248 197.528900
v -176.100250 190.000000 202.161575
v -174.219193 188.660263 206.794235
v -172.842163 185.000000 210.185593
v -172.338135 180.000015 211.426910
v -172.842163 175.000000 210.185593
v -174.219193 171.339752 206.794250
v -176.100250 170.000000 202.161591
v -177.981308 171.339737 197.528915
v -179.358337 174.999985 194.137558
v -179.862366 179.999985 192.896240
v -178.032898 185.000000 193.496140
v -176.222244 188.660248 196.677170
v -173.748840 190.000000 201.022552
v -171.275436 188.660263 205.367920
v -169.464783 185.000000 208.548965
v -168.802032 180.000015 209.713303
v -169.464783 175.000000 208.548965
v -171.275436 171.339752 205.367935
v -173.748840 170.000000 201.022568
v -176.222244 171.339737 196.677185
v -178.032898 174.999985 193.496140
v -178.695648 179.999985 192.331802
v -176.780396 185.000000 192.669205
v -174.562256 188.660248 195.580780
v -171.532227 190.000000 199.558090
v -168.502197 188.660263 203.535385
v -166.284073 185.000000 206.446976
v -165.472168 180.000015 207.512695
v -166.284058 175.000015 206.446976
v -168.502197 171.339752 203.535400
v -171.532227 170.000000 199.558105
v -174.562241 171.339737 195.580795
v -176.780380 174.999985 192.669205
v -177.592285 179.999985 191.603485
v -175.182907 185.000000 191.247192
v -172.774307 188.660248 194.003296
v -169.484100 190.000000 197.768204
v -166.193893 188.660263 201.533112
v -163.785294 185.000000 204.289215
v -162.903687 180.000015 205.298019
v -163.785294 175.000000 204.289215
v -166.193878 171.339752 201.533112
v -169.484100 170.000000 197.768204
v -172.774307 171.339737 194.003296
v -175.182907 174.999985 191.247192
v -176.064514 179.999985 190.238388
v -183.044876 185.000000 -197.733215
v -183.290558 188.660248 -201.385223
v -183.626160 190.000000 -206.373947
v -183.961761 188.660263 -211.362671
v -184.207443 185.000000 -215.014664
v -184.297379 180.000000 -216.351395
v -184.207443 175.000000 -215.014679
v -183.961761 171.339752 -211.362686
v -183.626160 170.000000 -206.373962
v -183.290558 171.339737 -201.385239
v -183.044876 174.999985 -197.733231
v -182.954941 179.999985 -196.396500
v -185.179916 185.000000 -197.609177
v -185.670227 188.660248 -201.236435
v -186.340027 190.000000 -206.191376
v -187.009827 188.660263 -211.146301
v -187.500137 185.000000 -214.773575
v -187.679611 180.000000 -216.101242
v -187.500137 175.000000 -214.773575
v -187.009827 171.339752 -211.146317
v -186.340027 170.000000 -206.191391
v -185.670227 171.339737 -201.236450
v -185.179916 174.999985 -197.609177
v -185.000443 179.999985 -196.281509
v -186.650253 185.000000 -197.308258
v -187.619247 188.660248 -200.837921
v -188.942932 190.000000 -205.659531
v -190.266617 188.660263 -210.481125
v -191.235611 185.000000 -214.010788
v -191.590286 180.000000 -215.302734
v -191.235611 175.000000 -214.010803
v -190.266617 171.339752 -210.481140
v -188.942932 170.000000 -205.659546
v -187.619247 171.339737 -200.837936
v -186.650253 174.999985 -197.308273
v -186.295578 179.999985 -196.016327
v -188.041000 185.000000 -196.824600
v -189.465347 188.660248 -200.196350
v -191.411041 190.000000 -204.802246
v -193.356735 188.660263 -209.408142
v -194.781067 185.000000 -212.779892
v -195.302414 180.000000 -214.014038
v -194.781082 175.000000 -212.779892
v -193.356735 171.339752 -209.408157
v -191.411041 170.000000 -204.802261
v -189.465347 171.339737 -200.196350
v -188.041016 174.999985 -196.824600
v -187.519669 179.999985 -195.590454
v -189.345718 185.000000 -196.169327
v -191.194733 188.660248 -199.328217
v -193.720520 190.000000 -203.643356
v -196.246307 188.660263 -207.958481
v -198.095306 185.000000 -211.117386
v -198.772095 180.000000 -212.273621
v -198.095322 175.000000 -211.117401
v -196.246307 171.339752 -207.958496
v -193.720520 170.000000 -203.643372
v -191.194733 171.339737 -199.328232
v -189.345734 174.999985 -196.169327
v -188.668945 179.999985 -195.013077
v -190.552155 185.000000 -195.354050
v -192.790253 188.660248 -198.250320
v -195.847549 190.000000 -202.206696
v -198.904846 188.660263 -206.163071
v -201.142944 185.000000 -209.059341
v -201.962143 180.000000 -210.119446
v -201.142944 175.000000 -209.059341
v -198.904861 171.339752 -206.163086
v -195.847549 170.000000 -202.206696
v -192.790253 171.339737 -198.250320
v -190.552155 174.999985 -195.354050
v -189.732956 179.999985 -194.293945
v -191.644562 185.000000 -194.392349
v -194.232742 188.660248 -196.980545
v -197.768280 190.000000 -200.516083
v -201.303802 188.660263 -204.051620
v -203.891998 185.000000 -206.639801
v -204.839340 180.000000 -207.587158
v -203.891998 175.000000 -206.639816
v -201.303818 171.339752 -204.051620
v -197.768280 170.000000 -200.516083
v -194.232758 171.339737 -196.980560
v -191.644562 174.999985 -194.392365
v -190.697220 179.999985 -193.445007
v -192.606262 185.000000 -193.299942
v -195.502518 188.660248 -195.538040
v -199.458893 190.000000 -198.595352
v -203.415268 188.660263 -201.652664
v -206.311523 185.000000 -203.890762
v -207.371628 180.000000 -204.709961
v -206.311539 175.000000 -203.890762
v -203.415268 171.339752 -201.652664
v -199.458893 170.000000 -198.595352
v -195.502533 171.339737 -195.538055
v -192.606262 174.999985 -193.299942
v -191.546158 179.999985 -192.480728
v -193.421524 185.000000 -192.093521
v -196.580414 188.660248 -193.942535
v -200.895554 190.000000 -196.468338
v -205.210678 188.660263 -198.994125
v -208.369583 185.000000 -200.843140
v -209.525818 180.000000 -201.519928
v -208.369583 175.000000 -200.843155
v -205.210693 171.339752 -198.994141
v -200.895554 170.000000 -196.468338
v -196.580429 171.339737 -193.942551
v -193.421539 174.999985 -192.093536
v -192.265289 179.999985 -191.416748
v -194.076797 185.000000 -190.788818
v -197.448547 188.660248 -192.213165
v -202.054443 190.000000 -194.158859
v -206.660339 188.660263 -196.104553
v -210.032089 185.000000 -197.528900
v -211.266235 180.000000 -198.050247
v -210.032089 175.000000 -197.528900
v -206.660355 171.339752 -196.104553
v -202.054459 170.000000 -194.158859
v -197.448547 171.339737 -192.213165
v -194.076797 175.000000 -190.788818
v -192.842651 179.999985 -190.267471
v -194.560455 185.000000 -189.398071
v -198.090118 188.660248 -190.367065
v -202.911728 190.000000 -191.690750
v -207.733322 188.660263 -193.014420
v -211.262985 185.000000 -193.983429
v -212.554932 180.000000 -194.338104
v -211.263000 175.000000 -193.983429
v -207.733337 171.339752 -193.014435
v -202.911743 170.000000 -191.690750
v -198.090134 171.339737 -190.367081
v -194.560471 174.999985 -189.398071
v -193.268524 179.999985 -189.043396
v -194.861374 185.000000 -187.927689
v -198.488632 188.660248 -188.418030
v -203.443573 190.000000 -189.087830
v -208.398499 188.660263 -189.757629
v -212.025772 185.000000 -190.247971
v -213.353439 180.000000 -190.427444
v -212.025772 175.000000 -190.247971
v -208.398514 171.339752 -189.757645
v -203.443588 170.000000 -189.087830
v -198.488647 171.339737 -188.418030
v -194.861374 174.999985 -187.927689
v -193.533707 179.999985 -187.748215
v -194.985443 185.000000 -185.792603
v -198.637436 188.660248 -186.038315
v -203.626160 190.000000 -186.373947
v -208.614883 188.660263 -186.709579
v -212.266876 185.000000 -186.955292
v -213.603607 180.000000 -187.045227
v -212.266891 175.000000 -186.955292
v -208.614883 171.339752 -186.709579
v -203.626175 170.000000 -186.373947
v -198.637451 171.339737 -186.038315
v -194.985443 175.000000 -185.792603
v -193.648712 179.999985 -185.702667
v 197.733109 185.000000 -185.792633
v 201.385117 188.660248 -186.038315
v 206.373840 190.000000 -186.373917
v 211.362564 188.660263 -186.709518
v 215.014557 185.000000 -186.955200
v 216.351288 180.000015 -187.045135
v 215.014572 175.000015 -186.955200
v 211.362579 171.339752 -186.709518
v 206.373856 170.000000 -186.373917
v 201.385132 171.339737 -186.038315
v 197.733124 174.999985 -185.792633
v 196.396393 179.999985 -185.702698
v 197.609070 185.000000 -187.927689
v 201.236328 188.660248 -188.418015
v 206.191269 190.000000 -189.087799
v 211.146194 188.660263 -189.757584
v 214.773468 185.000000 -190.247910
v 216.101135 180.000015 -190.427383
v 214.773468 175.000000 -190.247910
v 211.146210 171.339752 -189.757584
v 206.191284 170.000000 -189.087799
v 201.236343 171.339737 -188.418015
v 197.609070 174.999985 -187.927689
v 196.281403 179.999985 -187.748215
v 197.308151 185.000000 -189.398041
v 200.837814 188.660248 -190.367035
v 205.659424 190.000000 -191.690720
v 210.481018 188.660263 -193.014404
v 214.010681 185.000000 -193.983398
v 215.302643 180.000015 -194.338074
v 214.010696 175.000000 -193.983398
v 210.481033 171.339752 -193.014404
v 205.659439 170.000000 -191.690720
v 200.837830 171.339737 -190.367050
v 197.308167 174.999985 -189.398041
v 196.016205 179.999985 -189.043365
v 196.824493 185.000000 -190.788788
v 200.196243 188.660248 -192.213135
v 204.802139 190.000000 -194.158829
v 209.408035 188.660263 -196.104523
v 212.779785 185.000000 -197.528870
v 214.013931 180.000015 -198.050217
v 212.779785 175.000000 -197.528870
v 209.408051 171.339752 -196.104523
v 204.802155 170.000000 -194.158829
v 200.196243 171.339737 -192.213135
v 196.824493 174.999985 -190.788788
v 195.590347 179.999985 -190.267441
v 196.169220 185.000000 -192.093506
v 199.328110 188.660248 -193.942505
v 203.643250 190.000000 -196.468307
v 207.958374 188.660263 -198.994095
v 211.117279 185.000000 -200.843109
v 212.273514 180.000015 -201.519897
v 211.117279 175.000000 -200.843124
v 207.958389 171.339752 -198.994110
v 203.643265 170.000000 -196.468307
v 199.328125 171.339737 -193.942520
v 196.169235 174.999985 -192.093506
v 195.012985 179.999985 -191.416718
v 195.353958 185.000000 -193.299911
v 198.250214 188.660248 -195.538010
v 202.206589 190.000000 -198.595322
v 206.162949 188.660263 -201.652618
v 209.059219 185.000000 -203.890732
v 210.119339 180.000015 -204.709930
v 209.059235 175.000000 -203.890732
v 206.162964 171.339752 -201.652634
v 202.206604 170.000000 -198.595322
v 198.250229 171.339737 -195.538025
v 195.353958 174.999985 -193.299911
v 194.293839 179.999985 -192.480713
v 194.392258 185.000000 -194.392334
v 196.980438 188.660248 -196.980515
v 200.515976 190.000000 -200.516052
v 204.051498 188.660263 -204.051590
v 206.639694 185.000000 -206.639771
v 207.587051 180.000015 -207.587112
v 206.639709 175.000015 -206.639786
v 204.051514 171.339752 -204.051590
v 200.515976 170.000000 -200.516052
v 196.980453 171.339737 -196.980530
v 194.392258 174.999985 -194.392334
v 193.444901 179.999985 -193.444992
v 193.299835 185.000000 -195.354034
v 195.537933 188.660248 -198.250290
v 198.595245 190.000000 -202.206665
v 201.652542 188.660263 -206.163040
v 203.890656 185.000000 -209.059296
v 204.709854 180.000015 -210.119400
v 203.890656 175.000015 -209.059311
v 201.652557 171.339752 -206.163040
v 198.595245 170.000000 -202.206680
v 195.537949 171.339737 -198.250305
v 193.299835 174.999985 -195.354034
v 192.480637 179.999985 -194.293930
v 192.093430 185.000000 -196.169296
v 193.942429 188.660248 -199.328186
v 196.468231 190.000000 -203.643326
v 198.994019 188.660263 -207.958450
v 200.843033 185.000000 -211.117355
v 201.519821 180.000015 -212.273590
v 200.843048 175.000000 -211.117355
v 198.994034 171.339752 -207.958466
v 196.468231 170.000000 -203.643341
v 193.942444 171.339737 -199.328201
v 192.093430 174.999985 -196.169296
v 191.416641 179.999985 -195.013062
v 190.788712 185.000000 -196.824570
v 192.213058 188.660248 -200.196320
v 194.158752 190.000000 -204.802216
v 196.104446 188.660263 -209.408112
v 197.528778 185.000000 -212.779861
v 198.050140 180.000015 -214.014008
v 197.528793 175.000000 -212.779861
v 196.104446 171.339752 -209.408127
v 194.158752 170.000000 -204.802231
v 192.213074 171.339737 -200.196320
v 190.788727 174.999985 -196.824570
v 190.267365 179.999985 -195.590424
v 189.397964 185.000000 -197.308243
v 190.366959 188.660248 -200.837891
v 191.690643 190.000000 -205.659500
v 193.014328 188.660263 -210.481094
v 193.983322 185.000000 -214.010757
v 194.337997 180.000000 -215.302704
v 193.983322 175.000000 -214.010773
v 193.014328 171.339752 -210.481110
v 191.690643 170.000000 -205.659515
v 190.366974 171.339737 -200.837906
v 189.397964 174.999985 -197.308243
v 189.043289 179.999985 -196.016296
v 187.927628 185.000000 -197.609146
v 188.417938 188.660248 -201.236404
v 189.087738 190.000000 -206.191345
v 189.757523 188.660263 -211.146271
v 190.247849 185.000000 -214.773544
v 190.427322 180.000015 -216.101212
v 190.247849 175.000000 -214.773544
v 189.757538 171.339752 -211.146286
v 189.087738 170.000000 -206.191360
v 188.417953 171.339737 -201.236420
v 187.927628 174.999985 -197.609146
v 187.748154 179.999985 -196.281479
v 185.792557 185.000000 -197.733185
v 186.038239 188.660248 -201.385193
v 186.373840 190.000000 -206.373917
v 186.709442 188.660263 -211.362640
v 186.955124 185.000000 -215.014633
v 187.045044 180.000015 -216.351364
v 186.955124 175.000015 -215.014648
v 186.709442 171.339752 -211.362656
v 186.373840 170.000000 -206.373932
v 186.038239 171.339737 -201.385208
v 185.792557 174.999985 -197.733200
v 185.702637 179.999985 -196.396469
v 185.792526 185.000000 194.985413
v 186.038208 188.660248 198.637421
v 186.373810 190.000000 203.626144
v 186.709412 188.660263 208.614868
v 186.955093 185.000000 212.266861
v 187.045029 180.000000 213.603592
v 186.955093 175.000000 212.266876
v 186.709412 171.339752 208.614883
v 186.373810 170.000000 203.626160
v 186.038208 171.339737 198.637436
v 185.792526 174.999985 194.985428
v 185.702591 179.999985 193.648697
v 187.927567 185.000000 194.861374
v 188.417877 188.660248 198.488632
v 189.087677 190.000000 203.443573
v 189.757477 188.660263 208.398499
v 190.247787 185.000000 212.025772
v 190.427261 180.000000 213.353439
v 190.247787 175.000000 212.025772
v 189.757477 171.339752 208.398514
v 189.087677 170.000000 203.443588
v 188.417877 171.339737 198.488647
v 187.927567 174.999985 194.861374
v 187.748093 179.999985 193.533707
v 189.397903 185.000000 194.560455
v 190.366898 188.660248 198.090118
v 191.690582 190.000000 202.911728
v 193.014267 188.660263 207.733322
v 193.983261 185.000000 211.262985
v 194.337936 180.000000 212.554932
v 193.983261 175.000000 211.263000
v 193.014267 171.339752 207.733337
v 191.690582 170.000000 202.911743
v 190.366898 171.339737 198.090134
v 189.397903 174.999985 194.560471
v 189.043228 179.999985 193.268524
v 190.788651 185.000000 194.076797
v 192.212997 188.660248 197.448547
v 194.158691 190.000000 202.054443
v 196.104385 188.660263 206.660339
v 197.528717 185.000000 210.032089
v 198.050064 180.000000 211.266235
v 197.528732 175.000000 210.032089
v 196.104385 171.339752 206.660355
v 194.158691 170.000000 202.054459
v 192.212997 171.339737 197.448547
v 190.788666 174.999985 194.076797
v 190.267319 179.999985 192.842651
v 192.093369 185.000000 193.421524
v 193.942383 188.660248 196.580414
v 196.468170 190.000000 200.895554
v 198.993958 188.660263 205.210678
v 200.842957 185.000000 208.369583
v 201.519745 180.000000 209.525833
v 200.842972 175.000000 208.369598
v 198.993958 171.339752 205.210693
v 196.468170 170.000000 200.895569
v 193.942383 171.339737 196.580429
v 192.093384 174.999985 193.421524
v 191.416595 179.999985 192.265289
v 193.299805 185.000000 192.606247
v 195.537903 188.660248 195.502518
v 198.595200 190.000000 199.458893
v 201.652496 188.660263 203.415268
v 203.890594 185.000000 206.311539
v 204.709793 180.000000 207.371643
v 203.890594 175.000000 206.311539
v 201.652512 171.339752 203.415283
v 198.595200 170.000000 199.458893
v 195.537903 171.339737 195.502518
v 193.299805 174.999985 192.606247
v 192.480606 179.999985 191.546143
v 194.392212 185.000000 191.644547
v 196.980392 188.660248 194.232742
v 200.515930 190.000000 197.768280
v 204.051453 188.660263 201.303818
v 206.639648 185.000000 203.891998
v 207.586990 180.000000 204.839355
v 206.639648 175.000000 203.892014
v 204.051468 171.339752 201.303818
v 200.515930 170.000000 197.768280
v 196.980408 171.339737 194.232758
v 194.392212 174.999985 191.644562
v 193.444870 179.999985 190.697205
v 195.353912 185.000000 190.552139
v 198.250168 188.660248 192.790237
v 202.206543 190.000000 195.847549
v 206.162918 188.660263 198.904861
v 209.059174 185.000000 201.142960
v 210.119278 180.000000 201.962173
v 209.059189 175.000000 201.142960
v 206.162918 171.339752 198.904861
v 202.206543 170.000000 195.847549
v 198.250183 171.339737 192.790253
v 195.353912 174.999985 190.552139
v 194.293808 179.999985 189.732941
v 196.169174 185.000000 189.345718
v 199.328064 188.660248 191.194733
v 203.643204 190.000000 193.720535
v 207.958328 188.660263 196.246323
v 211.117218 185.000000 198.095337
v 212.273468 180.000000 198.772125
v 211.117233 175.000000 198.095352
v 207.958344 171.339752 196.246338
v 203.643204 170.000000 193.720535
v 199.328079 171.339737 191.194748
v 196.169189 175.000000 189.345734
v 195.012939 179.999985 188.668945
v 196.824448 185.000000 188.041016
v 200.196198 188.660248 189.465363
v 204.802094 190.000000 191.411057
v 209.407990 188.660263 193.356750
v 212.779739 185.000000 194.781097
v 214.013885 180.000000 195.302444
v 212.779739 175.000000 194.781097
v 209.408005 171.339752 193.356750
v 204.802109 170.000000 191.411057
v 200.196198 171.339737 189.465363
v 196.824448 175.000000 188.041016
v 195.590302 179.999985 187.519669
v 197.308121 185.000000 186.650269
v 200.837769 188.660248 187.619263
v 205.659378 190.000000 188.942947
v 210.480972 188.660263 190.266632
v 214.010635 185.000000 191.235626
v 215.302582 180.000000 191.590317
v 214.010651 175.000000 191.235626
v 210.480988 171.339752 190.266632
v 205.659393 170.000000 188.942947
v 200.837784 171.339737 187.619263
v 197.308121 174.999985 186.650269
v 196.016174 179.999985 186.295578
v 197.609024 185.000000 185.179901
v 201.236282 188.660248 185.670227
v 206.191223 190.000000 186.340042
v 211.146149 188.660263 187.009842
v 214.773422 185.000000 187.500183
v 216.101089 180.000000 187.679657
v 214.773422 175.000000 187.500183
v 211.146164 171.339752 187.009857
v 206.191238 170.000000 186.340042
v 201.236298 171.339737 185.670242
v 197.609024 174.999985 185.179901
v 196.281357 179.999985 185.000427
v 197.733093 185.000000 183.044800
v 201.385086 188.660248 183.290512
v 206.373810 190.000000 183.626144
v 211.362534 188.660263 183.961777
v 215.014526 185.000000 184.207474
v 216.351257 180.000000 184.297409
v 215.014542 175.000000 184.207489
v 211.362534 171.339752 183.961777
v 206.373825 170.000000 183.626144
v 201.385101 171.339737 183.290512
v 197.733093 174.999985 183.044815
v 196.396362 179.999985 182.954880
vt 0.000000 1.000000
vt 0.052632 1.000000
vt 0.052632 0.916667
vt 0.000000 0.916667
vt 0.000000 0.083333
vt 0.052632 0.083333
vt 0.052632 0.000000
vt 0.000000 0.000000
vt 0.000000 0.166667
vt 0.052632 0.166667
vt 0.000000 0.250000
vt 0.052632 0.250000
vt 0.000000 0.333333
vt 0.052632 0.333333
vt 0.000000 0.416667
vt 0.052632 0.416667
vt 0.000000 0.500000
vt 0.052632 0.500000
vt 0.000000 0.583333
vt 0.052632 0.583333
vt 0.000000 0.666667
vt 0.052632 0.666667
vt 0.000000 0.750000
vt 0.052632 0.750000
vt 0.000000 0.833333
vt 0.052632 0.833333
vt 0.105263 1.000000
vt 0.105263 0.916667
vt 0.105263 0.083333
vt 0.105263 0.000000
vt 0.105263 0.166667
vt 0.105263 0.250000
vt 0.105263 0.333333
vt 0.105263 0.416667
vt 0.105263 0.500000
vt 0.105263 0.583333
vt 0.105263 0.666667
vt 0.105263 0.750000
vt 0.105263 0.833333
vt 0.157895 1.000000
vt 0.157895 0.916667
vt 0.157895 0.083333
vt 0.157895 0.000000
vt 0.157895 0.166667
vt 0.157895 0.250000
vt 0.157895 0.333333
vt 0.157895 0.416667
vt 0.157895 0.500000
vt 0.157895 0.583333
vt 0.157895 0.666667
vt 0.157895 0.750000
vt 0.157895 0.833333
vt 0.210526 1.000000
vt 0.210526 0.916667
vt 0.210526 0.083333
vt 0.210526 0.000000
vt 0.210526 0.166667
vt 0.210526 0.250000
vt 0.210526 0.333333
vt 0.210526 0.416667
vt 0.210526 0.500000
vt 0.210526 0.583333
vt 0.210526 0.666667
vt 0.210526 0.750000
vt 0.210526 0.833333
vt 0.263158 1.000000
vt 0.263158 0.916667
vt 0.263158 0.083333
vt 0.263158 0.000000
vt 0.263158 0.166667
vt 0.263158 0.250000
vt 0.263158 0.333333
vt 0.263158 0.416667
vt 0.263158 0.500000
vt 0.263158 0.583333
vt 0.263158 0.666667
vt 0.263158 0.750000
vt 0.263158 0.833333
vt 0.315789 1.000000
vt 0.315789 0.916667
vt 0.315789 0.083333
vt 0.315789 0.000000
vt 0.315789 0.166667
vt 0.315789 0.250000
vt 0.315789 0.333333
vt 0.315789 0.416667
vt 0.315789 0.500000
vt 0.315789 0.583333
vt 0.315789 0.666667
vt 0.315789 0.750000
vt 0.315789 0.833333
vt 0.368421 1.000000
vt 0.368421 0.916667
vt 0.368421 0.083333
vt 0.368421 0.000000
vt 0.368421 0.166667
vt 0.368421 0.250000
vt 0.368421 0.333333
vt 0.368421 0.416667
vt 0.368421 0.500000
vt 0.368421 0.583333
vt 0.368421 0.666667
vt 0.368421 0.750000
vt 0.368421 0.833333
vt 0.421053 1.000000
vt 0.421053 0.916667
vt 0.421053 0.083333
vt 0.421053 0.000000
vt 0.421053 0.166667
vt 0.421053 0.250000
vt 0.421053 0.333333
vt 0.421053 0.416667
vt 0.421053 0.500000
vt 0.421053 0.583333
vt 0.421053 0.666667
vt 0.421053 0.750000
vt 0.421053 0.833333
vt 0.473684 1.000000
vt 0.473684 0.916667
vt 0.473684 0.083333
vt 0.473684 0.000000
vt 0.473684 0.166667
vt 0.473684 0.250000
vt 0.473684 0.333333
vt 0.473684 0.416667
vt 0.473684 0.500000
vt 0.473684 0.583333
vt 0.473684 0.666667
vt 0.473684 0.750000
vt 0.473684 0.833333
vt 0.526316 1.000000
vt 0.526316 0.916667
vt 0.526316 0.083333
vt 0.526316 0.000000
vt 0.526316 0.166667
vt 0.526316 0.250000
vt 0.526316 0.333333
vt 0.526316 0.416667
vt 0.526316 0.500000
vt 0.526316 0.583333
vt 0.526316 0.666667
vt 0.526316 0.750000
vt 0.526316 0.833333
vt 0.578947 1.000000
vt 0.578947 0.916667
vt 0.578947 0.083333
vt 0.578947 0.000000
vt 0.578947 0.166667
vt 0.578947 0.250000
vt 0.578947 0.333333
vt 0.578947 0.416667
vt 0.578947 0.500000
vt 0.578947 0.583333
vt 0.578947 0.666667
vt 0.578947 0.750000
vt 0.578947 0.833333
vt 0.631579 1.000000
vt 0.631579 0.916667
vt 0.631579 0.083333
vt 0.631579 0.000000
vt 0.631579 0.166667
vt 0.631579 0.250000
vt 0.631579 0.333333
vt 0.631579 0.416667
vt 0.631579 0.500000
vt 0.631579 0.583333
vt 0.631579 0.666667
vt 0.631579 0.750000
vt 0.631579 0.833333
vt 0.684211 1.000000
vt 0.684211 0.916667
vt 0.684211 0.083333
vt 0.684211 0.000000
vt 0.684211 0.166667
vt 0.684211 0.250000
vt 0.684211 0.333333
vt 0.684211 0.416667
vt 0.684211 0.500000
vt 0.684211 0.583333
vt 0.684211 0.666667
vt 0.684211 0.750000
vt 0.684211 0.833333
vt 0.736842 1.000000
vt 0.736842 0.916667
vt 0.736842 0.083333
vt 0.736842 0.000000
vt 0.736842 0.166667
vt 0.736842 0.250000
vt 0.736842 0.333333
vt 0.736842 0.416667
vt 0.736842 0.500000
vt 0.736842 0.583333
vt 0.736842 0.666667
vt 0.736842 0.750000
vt 0.736842 0.833333
vt 0.789474 1.000000
vt 0.789474 0.916667
vt 0.789474 0.083333
vt 0.789474 0.000000
vt 0.789474 0.166667
vt 0.789474 0.250000
vt 0.789474 0.333333
vt 0.789474 0.416667
vt 0.789474 0.500000
vt 0.789474 0.583333
vt 0.789474 0.666667
vt 0.789474 0.750000
vt 0.789474 0.833333
vt 0.842105 1.000000
vt 0.842105 0.916667
vt 0.842105 0.083333
vt 0.842105 0.000000
vt 0.842105 0.166667
vt 0.842105 0.250000
vt 0.842105 0.333333
vt 0.842105 0.416667
vt 0.842105 0.500000
vt 0.842105 0.583333
vt 0.842105 0.666667
vt 0.842105 0.750000
vt 0.842105 0.833333
vt 0.894737 1.000000
vt 0.894737 0.916667
vt 0.894737 0.083333
vt 0.894737 0.000000
vt 0.894737 0.166667
vt 0.894737 0.250000
vt 0.894737 0.333333
vt 0.894737 0.416667
vt 0.894737 0.500000
vt 0.894737 0.583333
vt 0.894737 0.666667
vt 0.894737 0.750000
vt 0.894737 0.833333
vt 0.947368 1.000000
vt 0.947368 0.916667
vt 0.947368 0.083333
vt 0.947368 0.000000
vt 0.947368 0.166667
vt 0.947368 0.250000
vt 0.947368 0.333333
vt 0.947368 0.416667
vt 0.947368 0.500000
vt 0.947368 0.583333
vt 0.947368 0.666667
vt 0.947368 0.750000
vt 0.947368 0.833333
vt 1.000000 1.000000
vt 1.000000 0.916667
vt 1.000000 0.083333
vt 1.000000 0.000000
vt 1.000000 0.166667
vt 1.000000 0.250000
vt 1.000000 0.333333
vt 1.000000 0.416667
vt 1.000000 0.500000
vt 1.000000 0.583333
vt 1.000000 0.666667
vt 1.000000 0.750000
vt 1.000000 0.833333
vt 0.000000 1.000000
vt 1.000000 1.000000
vt 1.000000 0.916667
vt 0.000000 0.916667
vt 0.000000 0.083333
vt 1.000000 0.083333
vt 1.000000 0.000000
vt 0.000000 0.000000
vt 0.000000 0.166667
vt 1.000000 0.166667
vt 0.000000 0.250000
vt 1.000000 0.250000
vt 0.000000 0.333333
vt 1.000000 0.333333
vt 0.000000 0.416667
vt 1.000000 0.416667
vt 0.000000 0.500000
vt 1.000000 0.500000
vt 0.000000 0.583333
vt 1.000000 0.583333
vt 0.000000 0.666667
vt 1.000000 0.666667
vt 0.000000 0.750000
vt 1.000000 0.750000
vt 0.000000 0.833333
vt 1.000000 0.833333
vt 0.000000 1.000000
vt 1.000000 1.000000
vt 1.000000 0.916667
vt 0.000000 0.916667
vt 0.000000 0.083333
vt 1.000000 0.083333
vt 1.000000 0.000000
vt 0.000000 0.000000
vt 0.000000 0.166667
vt 1.000000 0.166667
vt 0.000000 0.250000
vt 1.000000 0.250000
vt 0.000000 0.333333
vt 1.000000 0.333333
vt 0.000000 0.416667
vt 1.000000 0.416667
vt 0.000000 0.500000
vt 1.000000 0.500000
vt 0.000000 0.583333
vt 1.000000 0.583333
vt 0.000000 0.666667
vt 1.000000 0.666667
vt 0.000000 0.750000
vt 1.000000 0.750000
vt 0.000000 0.833333
vt 1.000000 0.833333
vt 0.000000 1.000000
vt 1.000000 1.000000
vt 1.000000 0.916667
vt 0.000000 0.916667
vt 0.000000 0.083333
vt 1.000000 0.083333
vt 1.000000 0.000000
vt 0.000000 0.000000
vt 0.000000 0.166667
vt 1.000000 0.166667
vt 0.000000 0.250000
vt 1.000000 0.250000
vt 0.000000 0.333333
vt 1.000000 0.333333
vt 0.000000 0.416667
vt 1.000000 0.416667
vt 0.000000 0.500000
vt 1.000000 0.500000
vt 0.000000 0.583333
vt 1.000000 0.583333
vt 0.000000 0.666667
vt 1.000000 0.666667
vt 0.000000 0.750000
vt 1.000000 0.750000
vt 0.000000 0.833333
vt 1.000000 0.833333
vt 0.000000 1.000000
vt 1.000000 1.000000
vt 1.000000 0.916667
vt 0.000000 0.916667
vt 0.000000 0.083333
vt 1.000000 0.083333
vt 1.000000 0.000000
vt 0.000000 0.000000
vt 0.000000 0.166667
vt 1.000000 0.166667
vt 0.000000 0.250000
vt 1.000000 0.250000
vt 0.000000 0.333333
vt 1.000000 0.333333
vt 0.000000 0.416667
vt 1.000000 0.416667
vt 0.000000 0.500000
vt 1.000000 0.500000
vt 0.000000 0.583333
vt 1.000000 0.583333
vt 0.000000 0.666667
vt 1.000000 0.666667
vt 0.000000 0.750000
vt 1.000000 0.750000
vt 0.000000 0.833333
vt 1.000000 0.833333
vt 0.000000 1.000000
vt 1.000000 1.000000
vt 1.000000 0.916667
vt 0.000000 0.916667
vt 0.000000 0.083333
vt 1.000000 0.083333
vt 1.000000 0.000000
vt 0.000000 0.000000
vt 0.000000 0.166667
vt 1.000000 0.166667
vt 0.000000 0.250000
vt 1.000000 0.250000
vt 0.000000 0.333333
vt 1.000000 0.333333
vt 0.000000 0.416667
vt 1.000000 0.416667
vt 0.000000 0.500000
vt 1.000000 0.500000
vt 0.000000 0.583333
vt 1.000000 0.583333
vt 0.000000 0.666667
vt 1.000000 0.666667
vt 0.000000 0.750000
vt 1.000000 0.750000
vt 0.000000 0.833333
vt 1.000000 0.833333
vt 0.000000 1.000000
vt 0.055556 1.000000
vt 0.055556 0.916667
vt 0.000000 0.916667
vt 0.000000 0.083333
vt 0.055556 0.083333
vt 0.055556 0.000000
vt 0.000000 0.000000
vt 0.000000 0.166667
vt 0.055556 0.166667
vt 0.000000 0.250000
vt 0.055556 0.250000
vt 0.000000 0.333333
vt 0.055556 0.333333
vt 0.000000 0.416667
vt 0.055556 0.416667
vt 0.000000 0.500000
vt 0.055556 0.500000
vt 0.000000 0.583333
vt 0.055556 0.583333
vt 0.000000 0.666667
vt 0.055556 0.666667
vt 0.000000 0.750000
vt 0.055556 0.750000
vt 0.000000 0.833333
vt 0.055556 0.833333
vt 0.111111 1.000000
vt 0.111111 0.916667
vt 0.111111 0.083333
vt 0.111111 0.000000
vt 0.111111 0.166667
vt 0.111111 0.250000
vt 0.111111 0.333333
vt 0.111111 0.416667
vt 0.111111 0.500000
vt 0.111111 0.583333
vt 0.111111 0.666667
vt 0.111111 0.750000
vt 0.111111 0.833333
vt 0.166667 1.000000
vt 0.166667 0.916667
vt 0.166667 0.083333
vt 0.166667 0.000000
vt 0.166667 0.166667
vt 0.166667 0.250000
vt 0.166667 0.333333
vt 0.166667 0.416667
vt 0.166667 0.500000
vt 0.166667 0.583333
vt 0.166667 0.666667
vt 0.166667 0.750000
vt 0.166667 0.833333
vt 0.222222 1.000000
vt 0.222222 0.916667
vt 0.222222 0.083333
vt 0.222222 0.000000
vt 0.222222 0.166667
vt 0.222222 0.250000
vt 0.222222 0.333333
vt 0.222222 0.416667
vt 0.222222 0.500000
vt 0.222222 0.583333
vt 0.222222 0.666667
vt 0.222222 0.750000
vt 0.222222 0.833333
vt 0.277778 1.000000
vt 0.277778 0.916667
vt 0.277778 0.083333
vt 0.277778 0.000000
vt 0.277778 0.166667
vt 0.277778 0.250000
vt 0.277778 0.333333
vt 0.277778 0.416667
vt 0.277778 0.500000
vt 0.277778 0.583333
vt 0.277778 0.666667
vt 0.277778 0.750000
vt 0.277778 0.833333
vt 0.333333 1.000000
vt 0.333333 0.916667
vt 0.333333 0.083333
vt 0.333333 0.000000
vt 0.333333 0.166667
vt 0.333333 0.250000
vt 0.333333 0.333333
vt 0.333333 0.416667
vt 0.333333 0.500000
vt 0.333333 0.583333
vt 0.333333 0.666667
vt 0.333333 0.750000
vt 0.333333 0.833333
vt 0.388889 1.000000
vt 0.388889 0.916667
vt 0.388889 0.083333
vt 0.388889 0.000000
vt 0.388889 0.166667
vt 0.388889 0.250000
vt 0.388889 0.333333
vt 0.388889 0.416667
vt 0.388889 0.500000
vt 0.388889 0.583333
vt 0.388889 0.666667
vt 0.388889 0.750000
vt 0.388889 0.833333
vt 0.444444 1.000000
vt 0.444444 0.916667
vt 0.444444 0.083333
vt 0.444444 0.000000
vt 0.444444 0.166667
vt 0.444444 0.250000
vt 0.444444 0.333333
vt 0.444444 0.416667
vt 0.444444 0.500000
vt 0.444444 0.583333
vt 0.444444 0.666667
vt 0.444444 0.750000
vt 0.444444 0.833333
vt 0.500000 1.000000
vt 0.500000 0.916667
vt 0.500000 0.083333
vt 0.500000 0.000000
vt 0.500000 0.166667
vt 0.500000 0.250000
vt 0.500000 0.333333
vt 0.500000 0.416667
vt 0.500000 0.500000
vt 0.500000 0.583333
vt 0.500000 0.666667
vt 0.500000 0.750000
vt 0.500000 0.833333
vt 0.555556 1.000000
vt 0.555556 0.916667
vt 0.555556 0.083333
vt 0.555556 0.000000
vt 0.555556 0.166667
vt 0.555556 0.250000
vt 0.555556 0.333333
vt 0.555556 0.416667
vt 0.555556 0.500000
vt 0.555556 0.583333
vt 0.555556 0.666667
vt 0.555556 0.750000
vt 0.555556 0.833333
vt 0.611111 1.000000
vt 0.611111 0.916667
vt 0.611111 0.083333
vt 0.611111 0.000000
vt 0.611111 0.166667
vt 0.611111 0.250000
vt 0.611111 0.333333
vt 0.611111 0.416667
vt 0.611111 0.500000
vt 0.611111 0.583333
vt 0.611111 0.666667
vt 0.611111 0.750000
vt 0.611111 0.833333
vt 0.666667 1.000000
vt 0.666667 0.916667
vt 0.666667 0.083333
vt 0.666667 0.000000
vt 0.666667 0.166667
vt 0.666667 0.250000
vt 0.666667 0.333333
vt 0.666667 0.416667
vt 0.666667 0.500000
vt 0.666667 0.583333
vt 0.666667 0.666667
vt 0.666667 0.750000
vt 0.666667 0.833333
vt 0.722222 1.000000
vt 0.722222 0.916667
vt 0.722222 0.083333
vt 0.722222 0.000000
vt 0.722222 0.166667
vt 0.722222 0.250000
vt 0.722222 0.333333
vt 0.722222 0.416667
vt 0.722222 0.500000
vt 0.722222 0.583333
vt 0.722222 0.666667
vt 0.722222 0.750000
vt 0.722222 0.833333
vt 0.777778 1.000000
vt 0.777778 0.916667
vt 0.777778 0.083333
vt 0.777778 0.000000
vt 0.777778 0.166667
vt 0.777778 0.250000
vt 0.777778 0.333333
vt 0.777778 0.416667
vt 0.777778 0.500000
vt 0.777778 0.583333
vt 0.777778 0.666667
vt 0.777778 0.750000
vt 0.777778 0.833333
vt 0.833333 1.000000
vt 0.833333 0.916667
vt 0.833333 0.083333
vt 0.833333 0.000000
vt 0.833333 0.166667
vt 0.833333 0.250000
vt 0.833333 0.333333
vt 0.833333 0.416667
vt 0.833333 0.500000
vt 0.833333 0.583333
vt 0.833333 0.666667
vt 0.833333 0.750000
vt 0.833333 0.833333
vt 0.888889 1.000000
vt 0.888889 0.916667
vt 0.888889 0.083333
vt 0.888889 0.000000
vt 0.888889 0.166667
vt 0.888889 0.250000
vt 0.888889 0.333333
vt 0.888889 0.416667
vt 0.888889 0.500000
vt 0.888889 0.583333
vt 0.888889 0.666667
vt 0.888889 0.750000
vt 0.888889 0.833333
vt 0.944444 1.000000
vt 0.944444 0.916667
vt 0.944444 0.083333
vt 0.944444 0.000000
vt 0.944444 0.166667
vt 0.944444 0.250000
vt 0.944444 0.333333
vt 0.944444 0.416667
vt 0.944444 0.500000
vt 0.944444 0.583333
vt 0.944444 0.666667
vt 0.944444 0.750000
vt 0.944444 0.833333
vt 1.000000 1.000000
vt 1.000000 0.916667
vt 1.000000 0.083333
vt 1.000000 0.000000
vt 1.000000 0.166667
vt 1.000000 0.250000
vt 1.000000 0.333333
vt 1.000000 0.416667
vt 1.000000 0.500000
vt 1.000000 0.583333
vt 1.000000 0.666667
vt 1.000000 0.750000
vt 1.000000 0.833333
vt 0.000000 1.000000
vt 0.083333 1.000000
vt 0.083333 0.916667
vt 0.000000 0.916667
vt 0.000000 0.083333
vt 0.083333 0.083333
vt 0.083333 0.000000
vt 0.000000 0.000000
vt 0.000000 0.166667
vt 0.083333 0.166667
vt 0.000000 0.250000
vt 0.083333 0.250000
vt 0.000000 0.333333
vt 0.083333 0.333333
vt 0.000000 0.416667
vt 0.083333 0.416667
vt 0.000000 0.500000
vt 0.083333 0.500000
vt 0.000000 0.583333
vt 0.083333 0.583333
vt 0.000000 0.666667
vt 0.083333 0.666667
vt 0.000000 0.750000
vt 0.083333 0.750000
vt 0.000000 0.833333
vt 0.083333 0.833333
vt 0.166667 1.000000
vt 0.166667 0.916667
vt 0.166667 0.083333
vt 0.166667 0.000000
vt 0.166667 0.166667
vt 0.166667 0.250000
vt 0.166667 0.333333
vt 0.166667 0.416667
vt 0.166667 0.500000
vt 0.166667 0.583333
vt 0.166667 0.666667
vt 0.166667 0.750000
vt 0.166667 0.833333
vt 0.250000 1.000000
vt 0.250000 0.916667
vt 0.250000 0.083333
vt 0.250000 0.000000
vt 0.250000 0.166667
vt 0.250000 0.250000
vt 0.250000 0.333333
vt 0.250000 0.416667
vt 0.250000 0.500000
vt 0.250000 0.583333
vt 0.250000 0.666667
vt 0.250000 0.750000
vt 0.250000 0.833333
vt 0.333333 1.000000
vt 0.333333 0.916667
vt 0.333333 0.083333
vt 0.333333 0.000000
vt 0.333333 0.166667
vt 0.333333 0.250000
vt 0.333333 0.333333
vt 0.333333 0.416667
vt 0.333333 0.500000
vt 0.333333 0.583333
vt 0.333333 0.666667
vt 0.333333 0.750000
vt 0.333333 0.833333
vt 0.416667 1.000000
vt 0.416667 0.916667
vt 0.416667 0.083333
vt 0.416667 0.000000
vt 0.416667 0.166667
vt 0.416667 0.250000
vt 0.416667 0.333333
vt 0.416667 0.416667
vt 0.416667 0.500000
vt 0.416667 0.583333
vt 0.416667 0.666667
vt 0.416667 0.750000
vt 0.416667 0.833333
vt 0.500000 1.000000
vt 0.500000 0.916667
vt 0.500000 0.083333
vt 0.500000 0.000000
vt 0.500000 0.166667
vt 0.500000 0.250000
vt 0.500000 0.333333
vt 0.500000 0.416667
vt 0.500000 0.500000
vt 0.500000 0.583333
vt 0.500000 0.666667
vt 0.500000 0.750000
vt 0.500000 0.833333
vt 0.583333 1.000000
vt 0.583333 0.916667
vt 0.583333 0.083333
vt 0.583333 0.000000
vt 0.583333 0.166667
vt 0.583333 0.250000
vt 0.583333 0.333333
vt 0.583333 0.416667
vt 0.583333 0.500000
vt 0.583333 0.583333
vt 0.583333 0.666667
vt 0.583333 0.750000
vt 0.583333 0.833333
vt 0.666667 1.000000
vt 0.666667 0.916667
vt 0.666667 0.083333
vt 0.666667 0.000000
vt 0.666667 0.166667
vt 0.666667 0.250000
vt 0.666667 0.333333
vt 0.666667 0.416667
vt 0.666667 0.500000
vt 0.666667 0.583333
vt 0.666667 0.666667
vt 0.666667 0.750000
vt 0.666667 0.833333
vt 0.750000 1.000000
vt 0.750000 0.916667
vt 0.750000 0.083333
vt 0.750000 0.000000
vt 0.750000 0.166667
vt 0.750000 0.250000
vt 0.750000 0.333333
vt 0.750000 0.416667
vt 0.750000 0.500000
vt 0.750000 0.583333
vt 0.750000 0.666667
vt 0.750000 0.750000
vt 0.750000 0.833333
vt 0.833333 1.000000
vt 0.833333 0.916667
vt 0.833333 0.083333
vt 0.833333 0.000000
vt 0.833333 0.166667
vt 0.833333 0.250000
vt 0.833333 0.333333
vt 0.833333 0.416667
vt 0.833333 0.500000
vt 0.833333 0.583333
vt 0.833333 0.666667
vt 0.833333 0.750000
vt 0.833333 0.833333
vt 0.916667 1.000000
vt 0.916667 0.916667
vt 0.916667 0.083333
vt 0.916667 0.000000
vt 0.916667 0.166667
vt 0.916667 0.250000
vt 0.916667 0.333333
vt 0.916667 0.416667
vt 0.916667 0.500000
vt 0.916667 0.583333
vt 0.916667 0.666667
vt 0.916667 0.750000
vt 0.916667 0.833333
vt 1.000000 1.000000
vt 1.000000 0.916667
vt 1.000000 0.083333
vt 1.000000 0.000000
vt 1.000000 0.166667
vt 1.000000 0.250000
vt 1.000000 0.333333
vt 1.000000 0.416667
vt 1.000000 0.500000
vt 1.000000 0.583333
vt 1.000000 0.666667
vt 1.000000 0.750000
vt 1.000000 0.833333
vt 0.000000 1.000000
vt 0.083333 1.000000
vt 0.083333 0.916667
vt 0.000000 0.916667
vt 0.000000 0.083333
vt 0.083333 0.083333
vt 0.083333 0.000000
vt 0.000000 0.000000
vt 0.000000 0.166667
vt 0.083333 0.166667
vt 0.000000 0.250000
vt 0.083333 0.250000
vt 0.000000 0.333333
vt 0.083333 0.333333
vt 0.000000 0.416667
vt 0.083333 0.416667
vt 0.000000 0.500000
vt 0.083333 0.500000
vt 0.000000 0.583333
vt 0.083333 0.583333
vt 0.000000 0.666667
vt 0.083333 0.666667
vt 0.000000 0.750000
vt 0.083333 0.750000
vt 0.000000 0.833333
vt 0.083333 0.833333
vt 0.166667 1.000000
vt 0.166667 0.916667
vt 0.166667 0.083333
vt 0.166667 0.000000
vt 0.166667 0.166667
vt 0.166667 0.250000
vt 0.166667 0.333333
vt 0.166667 0.416667
vt 0.166667 0.500000
vt 0.166667 0.583333
vt 0.166667 0.666667
vt 0.166667 0.750000
vt 0.166667 0.833333
vt 0.250000 1.000000
vt 0.250000 0.916667
vt 0.250000 0.083333
vt 0.250000 0.000000
vt 0.250000 0.166667
vt 0.250000 0.250000
vt 0.250000 0.333333
vt 0.250000 0.416667
vt 0.250000 0.500000
vt 0.250000 0.583333
vt 0.250000 0.666667
vt 0.250000 0.750000
vt 0.250000 0.833333
vt 0.333333 1.000000
vt 0.333333 0.916667
vt 0.333333 0.083333
vt 0.333333 0.000000
vt 0.333333 0.166667
vt 0.333333 0.250000
vt 0.333333 0.333333
vt 0.333333 0.416667
vt 0.333333 0.500000
vt 0.333333 0.583333
vt 0.333333 0.666667
vt 0.333333 0.750000
vt 0.333333 0.833333
vt 0.416667 1.000000
vt 0.416667 0.916667
vt 0.416667 0.083333
vt 0.416667 0.000000
vt 0.416667 0.166667
vt 0.416667 0.250000
vt 0.416667 0.333333
vt 0.416667 0.416667
vt 0.416667 0.500000
vt 0.416667 0.583333
vt 0.416667 0.666667
vt 0.416667 0.750000
vt 0.416667 0.833333
vt 0.500000 1.000000
vt 0.500000 0.916667
vt 0.500000 0.083333
vt 0.500000 0.000000
vt 0.500000 0.166667
vt 0.500000 0.250000
vt 0.500000 0.333333
vt 0.500000 0.416667
vt 0.500000 0.500000
vt 0.500000 0.583333
vt 0.500000 0.666667
vt 0.500000 0.750000
vt 0.500000 0.833333
vt 0.583333 1.000000
vt 0.583333 0.916667
vt 0.583333 0.083333
vt 0.583333 0.000000
vt 0.583333 0.166667
vt 0.583333 0.250000
vt 0.583333 0.333333
vt 0.583333 0.416667
vt 0.583333 0.500000
vt 0.583333 0.583333
vt 0.583333 0.666667
vt 0.583333 0.750000
vt 0.583333 0.833333
vt 0.666667 1.000000
vt 0.666667 0.916667
vt 0.666667 0.083333
vt 0.666667 0.000000
vt 0.666667 0.166667
vt 0.666667 0.250000
vt 0.666667 0.333333
vt 0.666667 0.416667
vt 0.666667 0.500000
vt 0.666667 0.583333
vt 0.666667 0.666667
vt 0.666667 0.750000
vt 0.666667 0.833333
vt 0.750000 1.000000
vt 0.750000 0.916667
vt 0.750000 0.083333
vt 0.750000 0.000000
vt 0.750000 0.166667
vt 0.750000 0.250000
vt 0.750000 0.333333
vt 0.750000 0.416667
vt 0.750000 0.500000
vt 0.750000 0.583333
vt 0.750000 0.666667
vt 0.750000 0.750000
vt 0.750000 0.833333
vt 0.833333 1.000000
vt 0.833333 0.916667
vt 0.833333 0.083333
vt 0.833333 0.000000
vt 0.833333 0.166667
vt 0.833333 0.250000
vt 0.833333 0.333333
vt 0.833333 0.416667
vt 0.833333 0.500000
vt 0.833333 0.583333
vt 0.833333 0.666667
vt 0.833333 0.750000
vt 0.833333 0.833333
vt 0.916667 1.000000
vt 0.916667 0.916667
vt 0.916667 0.083333
vt 0.916667 0.000000
vt 0.916667 0.166667
vt 0.916667 0.250000
vt 0.916667 0.333333
vt 0.916667 0.416667
vt 0.916667 0.500000
vt 0.916667 0.583333
vt 0.916667 0.666667
vt 0.916667 0.750000
vt 0.916667 0.833333
vt 1.000000 1.000000
vt 1.000000 0.916667
vt 1.000000 0.083333
vt 1.000000 0.000000
vt 1.000000 0.166667
vt 1.000000 0.250000
vt 1.000000 0.333333
vt 1.000000 0.416667
vt 1.000000 0.500000
vt 1.000000 0.583333
vt 1.000000 0.666667
vt 1.000000 0.750000
vt 1.000000 0.833333
vt 0.000000 1.000000
vt 0.083333 1.000000
vt 0.083333 0.916667
vt 0.000000 0.916667
vt 0.000000 0.083333
vt 0.083333 0.083333
vt 0.083333 0.000000
vt 0.000000 0.000000
vt 0.000000 0.166667
vt 0.083333 0.166667
vt 0.000000 0.250000
vt 0.083333 0.250000
vt 0.000000 0.333333
vt 0.083333 0.333333
vt 0.000000 0.416667
vt 0.083333 0.416667
vt 0.000000 0.500000
vt 0.083333 0.500000
vt 0.000000 0.583333
vt 0.083333 0.583333
vt 0.000000 0.666667
vt 0.083333 0.666667
vt 0.000000 0.750000
vt 0.083333 0.750000
vt 0.000000 0.833333
vt 0.083333 0.833333
vt 0.166667 1.000000
vt 0.166667 0.916667
vt 0.166667 0.083333
vt 0.166667 0.000000
vt 0.166667 0.166667
vt 0.166667 0.250000
vt 0.166667 0.333333
vt 0.166667 0.416667
vt 0.166667 0.500000
vt 0.166667 0.583333
vt 0.166667 0.666667
vt 0.166667 0.750000
vt 0.166667 0.833333
vt 0.250000 1.000000
vt 0.250000 0.916667
vt 0.250000 0.083333
vt 0.250000 0.000000
vt 0.250000 0.166667
vt 0.250000 0.250000
vt 0.250000 0.333333
vt 0.250000 0.416667
vt 0.250000 0.500000
vt 0.250000 0.583333
vt 0.250000 0.666667
vt 0.250000 0.750000
vt 0.250000 0.833333
vt 0.333333 1.000000
vt 0.333333 0.916667
vt 0.333333 0.083333
vt 0.333333 0.000000
vt 0.333333 0.166667
vt 0.333333 0.250000
vt 0.333333 0.333333
vt 0.333333 0.416667
vt 0.333333 0.500000
vt 0.333333 0.583333
vt 0.333333 0.666667
vt 0.333333 0.750000
vt 0.333333 0.833333
vt 0.416667 1.000000
vt 0.416667 0.916667
vt 0.416667 0.083333
vt 0.416667 0.000000
vt 0.416667 0.166667
vt 0.416667 0.250000
vt 0.416667 0.333333
vt 0.416667 0.416667
vt 0.416667 0.500000
vt 0.416667 0.583333
vt 0.416667 0.666667
vt 0.416667 0.750000
vt 0.416667 0.833333
vt 0.500000 1.000000
vt 0.500000 0.916667
vt 0.500000 0.083333
vt 0.500000 0.000000
vt 0.500000 0.166667
vt 0.500000 0.250000
vt 0.500000 0.333333
vt 0.500000 0.416667
vt 0.500000 0.500000
vt 0.500000 0.583333
vt 0.500000 0.666667
vt 0.500000 0.750000
vt 0.500000 0.833333
vt 0.583333 1.000000
vt 0.583333 0.916667
vt 0.583333 0.083333
vt 0.583333 0.000000
vt 0.583333 0.166667
vt 0.583333 0.250000
vt 0.583333 0.333333
vt 0.583333 0.416667
vt 0.583333 0.500000
vt 0.583333 0.583333
vt 0.583333 0.666667
vt 0.583333 0.750000
vt 0.583333 0.833333
vt 0.666667 1.000000
vt 0.666667 0.916667
vt 0.666667 0.083333
vt 0.666667 0.000000
vt 0.666667 0.166667
vt 0.666667 0.250000
vt 0.666667 0.333333
vt 0.666667 0.416667
vt 0.666667 0.500000
vt 0.666667 0.583333
vt 0.666667 0.666667
vt 0.666667 0.750000
vt 0.666667 0.833333
vt 0.750000 1.000000
vt 0.750000 0.916667
vt 0.750000 0.083333
vt 0.750000 0.000000
vt 0.750000 0.166667
vt 0.750000 0.250000
vt 0.750000 0.333333
vt 0.750000 0.416667
vt 0.750000 0.500000
vt 0.750000 0.583333
vt 0.750000 0.666667
vt 0.750000 0.750000
vt 0.750000 0.833333
vt 0.833333 1.000000
vt 0.833333 0.916667
vt 0.833333 0.083333
vt 0.833333 0.000000
vt 0.833333 0.166667
vt 0.833333 0.250000
vt 0.833333 0.333333
vt 0.833333 0.416667
vt 0.833333 0.500000
vt 0.833333 0.583333
vt 0.833333 0.666667
vt 0.833333 0.750000
vt 0.833333 0.833333
vt 0.916667 1.000000
vt 0.916667 0.916667
vt 0.916667 0.083333
vt 0.916667 0.000000
vt 0.916667 0.166667
vt 0.916667 0.250000
vt 0.916667 0.333333
vt 0.916667 0.416667
vt 0.916667 0.500000
vt 0.916667 0.583333
vt 0.916667 0.666667
vt 0.916667 0.750000
vt 0.916667 0.833333
vt 1.000000 1.000000
vt 1.000000 0.916667
vt 1.000000 0.083333
vt 1.000000 0.000000
vt 1.000000 0.166667
vt 1.000000 0.250000
vt 1.000000 0.333333
vt 1.000000 0.416667
vt 1.000000 0.500000
vt 1.000000 0.583333
vt 1.000000 0.666667
vt 1.000000 0.750000
vt 1.000000 0.833333
vn -0.0673 0.2586 0.9636
vn -0.0483 0.7068 0.7058
vn -0.0170 0.9659 0.2585
vn 0.0159 0.9659 -0.2586
vn 0.0404 0.7067 -0.7064
vn 0.0521 0.2585 -0.9646
vn 0.0521 -0.2585 -0.9646
vn 0.0404 -0.7067 -0.7064
vn 0.0159 -0.9659 -0.2586
vn -0.0170 -0.9659 0.2585
vn -0.0483 -0.7068 0.7058
vn -0.0673 -0.2586 0.9636
vn -0.1838 0.2583 0.9484
vn -0.1347 0.7064 0.6949
vn -0.0493 0.9658 0.2546
vn 0.0493 0.9658 -0.2546
vn 0.1345 0.7064 -0.6949
vn 0.1835 0.2583 -0.9485
vn 0.1835 -0.2583 -0.9485
vn 0.1345 -0.7064 -0.6949
vn 0.0493 -0.9658 -0.2546
vn -0.0493 -0.9658 0.2546
vn -0.1347 -0.7064 0.6949
vn -0.1838 -0.2583 0.9484
vn -0.3043 0.2583 0.9169
vn -0.2230 0.7064 0.6718
vn -0.0817 0.9658 0.2461
vn 0.0816 0.9658 -0.2461
vn 0.2227 0.7064 -0.6719
vn 0.3038 0.2583 -0.9170
vn 0.3038 -0.2583 -0.9170
vn 0.2227 -0.7064 -0.6719
vn 0.0816 -0.9658 -0.2461
vn -0.0817 -0.9658 0.2461
vn -0.2230 -0.7064 0.6718
vn -0.3043 -0.2583 0.9169
vn -0.4213 0.2583 0.8694
vn -0.3087 0.7063 0.6370
vn -0.1131 0.9658 0.2334
vn 0.1130 0.9658 -0.2334
vn 0.3084 0.7063 -0.6371
vn 0.4208 0.2583 -0.8696
vn 0.4208 -0.2583 -0.8696
vn 0.3084 -0.7063 -0.6372
vn 0.1130 -0.9658 -0.2334
vn -0.1131 -0.9658 0.2334
vn -0.3087 -0.7063 0.6370
vn -0.4213 -0.2583 0.8694
vn -0.5326 0.2583 0.8060
vn -0.3903 0.7063 0.5906
vn -0.1430 0.9658 0.2164
vn 0.1430 0.9658 -0.2164
vn 0.3901 0.7063 -0.5907
vn 0.5323 0.2583 -0.8062
vn 0.5323 -0.2583 -0.8062
vn 0.3901 -0.7063 -0.5907
vn 0.1430 -0.9658 -0.2164
vn -0.1430 -0.9658 0.2164
vn -0.3903 -0.7063 0.5906
vn -0.5326 -0.2583 0.8060
vn -0.6357 0.2583 0.7274
vn -0.4658 0.7063 0.5330
vn -0.1707 0.9658 0.1953
vn 0.1707 0.9658 -0.1953
vn 0.4658 0.7063 -0.5330
vn 0.6357 0.2583 -0.7274
vn 0.6357 -0.2583 -0.7274
vn 0.4658 -0.7063 -0.5330
vn 0.1707 -0.9658 -0.1953
vn -0.1707 -0.9658 0.1953
vn -0.4658 -0.7063 0.5330
vn -0.6357 -0.2583 0.7274
vn -0.7274 0.2583 0.6357
vn -0.5330 0.7063 0.4658
vn -0.1953 0.9658 0.1707
vn 0.1953 0.9658 -0.1707
vn 0.5330 0.7063 -0.4658
vn 0.7274 0.2583 -0.6357
vn 0.7274 -0.2583 -0.6357
vn 0.5330 -0.7063 -0.4658
vn 0.1953 -0.9658 -0.1707
vn -0.1953 -0.9658 0.1707
vn -0.5330 -0.7063 0.4658
vn -0.7274 -0.2583 0.6357
vn -0.8060 0.2583 0.5326
vn -0.5906 0.7063 0.3903
vn -0.2164 0.9658 0.1430
vn 0.2164 0.9658 -0.1430
vn 0.5907 0.7063 -0.3901
vn 0.8062 0.2583 -0.5322
vn 0.8062 -0.2583 -0.5322
vn 0.5907 -0.7063 -0.3901
vn 0.2164 -0.9658 -0.1430
vn -0.2164 -0.9658 0.1430
vn -0.5906 -0.7063 0.3903
vn -0.8060 -0.2583 0.5326
vn -0.8694 0.2583 0.4213
vn -0.6370 0.7063 0.3087
vn -0.2334 0.9658 0.1131
vn 0.2334 0.9658 -0.1130
vn 0.6371 0.7063 -0.3084
vn 0.8696 0.2583 -0.4208
vn 0.8696 -0.2583 -0.4208
vn 0.6371 -0.7063 -0.3084
vn 0.2334 -0.9658 -0.1130
vn -0.2334 -0.9658 0.1131
vn -0.6370 -0.7063 0.3087
vn -0.8694 -0.2583 0.4213
vn -0.9169 0.2583 0.3043
vn -0.6718 0.7064 0.2230
vn -0.2461 0.9658 0.0817
vn 0.2461 0.9658 -0.0816
vn 0.6719 0.7064 -0.2227
vn 0.9170 0.2583 -0.3038
vn 0.9170 -0.2583 -0.3038
vn 0.6719 -0.7064 -0.2227
vn 0.2461 -0.9658 -0.0816
vn -0.2461 -0.9658 0.0817
vn -0.6718 -0.7064 0.2230
vn -0.9169 -0.2583 0.3043
vn -0.9484 0.2583 0.1838
vn -0.6949 0.7064 0.1347
vn -0.2546 0.9658 0.0493
vn 0.2546 0.9658 -0.0493
vn 0.6949 0.7064 -0.1345
vn 0.9485 0.2583 -0.1835
vn 0.9485 -0.2583 -0.1835
vn 0.6949 -0.7064 -0.1345
vn 0.2546 -0.9658 -0.0493
vn -0.2546 -0.9658 0.0493
vn -0.6949 -0.7064 0.1347
vn -0.9484 -0.2583 0.1838
vn -0.9641 0.2583 0.0615
vn -0.7064 0.7064 0.0450
vn -0.2588 0.9658 0.0165
vn 0.2588 0.9658 -0.0165
vn 0.7064 0.7064 -0.0450
vn 0.9641 0.2583 -0.0614
vn 0.9641 -0.2583 -0.0614
vn 0.7064 -0.7064 -0.0450
vn 0.2588 -0.9658 -0.0165
vn -0.2588 -0.9658 0.0165
vn -0.7064 -0.7064 0.0450
vn -0.9641 -0.2583 0.0615
vn -0.9641 0.2583 -0.0615
vn -0.7064 0.7064 -0.0450
vn -0.2588 0.9658 -0.0165
vn 0.2588 0.9658 0.0165
vn 0.7064 0.7064 0.0450
vn 0.9641 0.2583 0.0614
vn 0.9641 -0.2583 0.0614
vn 0.7064 -0.7064 0.0450
vn 0.2588 -0.9658 0.0165
vn -0.2588 -0.9658 -0.0165
vn -0.7064 -0.7064 -0.0450
vn -0.9641 -0.2583 -0.0615
vn -0.9484 0.2583 -0.1838
vn -0.6949 0.7064 -0.1347
vn -0.2546 0.9658 -0.0493
vn 0.2546 0.9658 0.0493
vn 0.6949 0.7064 0.1345
vn 0.9485 0.2583 0.1835
vn 0.9485 -0.2583 0.1835
vn 0.6949 -0.7064 0.1345
vn 0.2546 -0.9658 0.0493
vn -0.2546 -0.9658 -0.0493
vn -0.6949 -0.7064 -0.1347
vn -0.9484 -0.2583 -0.1838
vn -0.9169 0.2583 -0.3043
vn -0.6718 0.7064 -0.2230
vn -0.2461 0.9658 -0.0817
vn 0.2461 0.9658 0.0816
vn 0.6719 0.7064 0.2227
vn 0.9170 0.2583 0.3038
vn 0.9170 -0.2583 0.3038
vn 0.6719 -0.7064 0.2227
vn 0.2461 -0.9658 0.0816
vn -0.2461 -0.9658 -0.0817
vn -0.6718 -0.7064 -0.2230
vn -0.9169 -0.2583 -0.3043
vn -0.8694 0.2583 -0.4213
vn -0.6370 0.7063 -0.3087
vn -0.2334 0.9658 -0.1131
vn 0.2334 0.9658 0.1130
vn 0.6371 0.7063 0.3084
vn 0.8696 0.2583 0.4208
vn 0.8696 -0.2583 0.4208
vn 0.6371 -0.7063 0.3084
vn 0.2334 -0.9658 0.1130
vn -0.2334 -0.9658 -0.1131
vn -0.6370 -0.7063 -0.3087
vn -0.8694 -0.2583 -0.4213
vn -0.8060 0.2583 -0.5326
vn -0.5906 0.7063 -0.3903
vn -0.2164 0.9658 -0.1430
vn 0.2164 0.9658 0.1430
vn 0.5907 0.7063 0.3901
vn 0.8062 0.2583 0.5323
vn 0.8062 -0.2583 0.5323
vn 0.5907 -0.7063 0.3901
vn 0.2164 -0.9658 0.1430
vn -0.2164 -0.9658 -0.1430
vn -0.5906 -0.7063 -0.3903
vn -0.8060 -0.2583 -0.5326
vn -0.7301 0.2585 -0.6325
vn -0.5344 0.7066 -0.4638
vn -0.1954 0.9658 -0.1703
vn 0.1949 0.9658 0.1709
vn 0.5302 0.7066 0.4687
vn 0.7218 0.2584 0.6421
vn 0.7217 -0.2584 0.6421
vn 0.5302 -0.7066 0.4687
vn 0.1949 -0.9658 0.1709
vn -0.1954 -0.9658 -0.1703
vn -0.5344 -0.7066 -0.4638
vn -0.7301 -0.2585 -0.6325
vn -0.6831 0.2588 -0.6830
vn -0.5001 0.7070 -0.5000
vn -0.1831 0.9659 -0.1831
vn 0.1831 0.9659 0.1831
vn 0.5000 0.7070 0.5001
vn 0.6830 0.2588 0.6831
vn 0.6830 -0.2587 0.6831
vn 0.5000 -0.7070 0.5001
vn 0.1831 -0.9659 0.1831
vn -0.1831 -0.9659 -0.1831
vn -0.5001 -0.7070 -0.5000
vn -0.6831 -0.2588 -0.6830
vn 0.0105 0.2586 0.9659
vn 0.0286 0.7065 0.7071
vn 0.0391 0.9651 0.2588
vn 0.0391 0.9651 -0.2588
vn 0.0286 0.7065 -0.7071
vn 0.0105 0.2586 -0.9659
vn -0.0105 -0.2586 -0.9659
vn -0.0286 -0.7065 -0.7071
vn -0.0391 -0.9651 -0.2588
vn -0.0391 -0.9651 0.2588
vn -0.0286 -0.7065 0.7071
vn -0.0105 -0.2586 0.9659
vn 0.9659 0.2588 0.0000
vn 0.7071 0.7071 0.0000
vn 0.2588 0.9659 0.0000
vn -0.2588 0.9659 -0.0000
vn -0.7071 0.7071 -0.0000
vn -0.9659 0.2588 -0.0000
vn -0.9659 -0.2588 -0.0000
vn -0.7071 -0.7071 -0.0000
vn -0.2588 -0.9659 -0.0000
vn 0.2588 -0.9659 0.0000
vn 0.7071 -0.7071 0.0000
vn 0.9659 -0.2588 0.0000
vn 0.6830 0.2588 0.6830
vn 0.5000 0.7071 0.5000
vn 0.1830 0.9659 0.1830
vn -0.1830 0.9659 -0.1830
vn -0.5000 0.7071 -0.5000
vn -0.6830 0.2588 -0.6830
vn -0.6830 -0.2588 -0.6830
vn -0.5000 -0.7071 -0.5000
vn -0.1830 -0.9659 -0.1830
vn 0.1830 -0.9659 0.1830
vn 0.5000 -0.7071 0.5000
vn 0.6830 -0.2588 0.6830
vn -0.0000 0.2588 0.9659
vn -0.0000 0.7071 0.7071
vn -0.0000 0.9659 0.2588
vn 0.0000 0.9659 -0.2588
vn 0.0000 0.7071 -0.7071
vn 0.0000 0.2588 -0.9659
vn 0.0000 -0.2588 -0.9659
vn 0.0000 -0.7071 -0.7071
vn 0.0000 -0.9659 -0.2588
vn -0.0000 -0.9659 0.2588
vn -0.0000 -0.7071 0.7071
vn -0.0000 -0.2588 0.9659
vn 0.9646 0.2585 -0.0521
vn 0.7064 0.7067 -0.0404
vn 0.2586 0.9659 -0.0159
vn -0.2585 0.9659 0.0170
vn -0.7058 0.7068 0.0483
vn -0.9636 0.2586 0.0672
vn -0.9636 -0.2586 0.0672
vn -0.7058 -0.7068 0.0483
vn -0.2585 -0.9659 0.0170
vn 0.2586 -0.9659 -0.0159
vn 0.7064 -0.7067 -0.0404
vn 0.9646 -0.2585 -0.0521
vn 0.3084 -0.7063 -0.6371
vn 0.0613 0.2583 -0.9641
vn 0.0450 0.7064 -0.7064
vn 0.0165 0.9658 -0.2588
vn -0.0165 0.9658 0.2588
vn -0.0450 0.7064 0.7064
vn -0.0615 0.2583 0.9641
vn -0.0615 -0.2583 0.9641
vn -0.0450 -0.7064 0.7064
vn -0.0165 -0.9658 0.2588
vn 0.0165 -0.9658 -0.2588
vn 0.0450 -0.7064 -0.7064
vn 0.0613 -0.2583 -0.9641
vn -0.0613 0.2583 -0.9641
vn -0.0450 0.7064 -0.7064
vn -0.0165 0.9658 -0.2588
vn 0.0165 0.9658 0.2588
vn 0.0450 0.7064 0.7064
vn 0.0615 0.2583 0.9641
vn 0.0615 -0.2583 0.9641
vn 0.0450 -0.7064 0.7064
vn 0.0165 -0.9658 0.2588
vn -0.0165 -0.9658 -0.2588
vn -0.0450 -0.7064 -0.7064
vn -0.0613 -0.2583 -0.9641
vn -0.1835 0.2583 -0.9485
vn -0.1345 0.7064 -0.6949
vn -0.0493 0.9658 -0.2546
vn 0.0493 0.9658 0.2546
vn 0.1347 0.7064 0.6949
vn 0.1838 0.2583 0.9484
vn 0.1838 -0.2583 0.9484
vn 0.1347 -0.7064 0.6949
vn 0.0493 -0.9658 0.2546
vn -0.0493 -0.9658 -0.2546
vn -0.1345 -0.7064 -0.6949
vn -0.1835 -0.2583 -0.9485
vn -0.3038 0.2583 -0.9170
vn -0.2227 0.7064 -0.6719
vn -0.0816 0.9658 -0.2461
vn 0.0817 0.9658 0.2461
vn 0.2230 0.7064 0.6718
vn 0.3043 0.2583 0.9169
vn 0.3043 -0.2583 0.9169
vn 0.2230 -0.7064 0.6718
vn 0.0817 -0.9658 0.2461
vn -0.0816 -0.9658 -0.2461
vn -0.2227 -0.7064 -0.6719
vn -0.3038 -0.2583 -0.9170
vn -0.4208 0.2583 -0.8696
vn -0.3084 0.7063 -0.6371
vn -0.1130 0.9658 -0.2334
vn 0.1131 0.9658 0.2334
vn 0.3087 0.7063 0.6370
vn 0.4213 0.2583 0.8694
vn 0.4213 -0.2583 0.8694
vn 0.3087 -0.7063 0.6370
vn 0.1131 -0.9658 0.2334
vn -0.1130 -0.9658 -0.2334
vn -0.3084 -0.7063 -0.6371
vn -0.4208 -0.2583 -0.8696
vn -0.5322 0.2583 -0.8062
vn -0.3901 0.7063 -0.5907
vn -0.1430 0.9658 -0.2164
vn 0.1430 0.9658 0.2164
vn 0.3903 0.7063 0.5906
vn 0.5326 0.2583 0.8060
vn 0.5326 -0.2583 0.8060
vn 0.3903 -0.7063 0.5906
vn 0.1430 -0.9658 0.2164
vn -0.1430 -0.9658 -0.2164
vn -0.3901 -0.7063 -0.5907
vn -0.5322 -0.2583 -0.8062
vn -0.6430 0.2585 -0.7210
vn -0.4692 0.7066 -0.5296
vn -0.1709 0.9658 -0.1947
vn 0.1701 0.9659 0.1954
vn 0.4629 0.7068 0.5350
vn 0.6311 0.2586 0.7314
vn 0.6311 -0.2586 0.7314
vn 0.4629 -0.7068 0.5349
vn 0.1701 -0.9659 0.1954
vn -0.1709 -0.9658 -0.1947
vn -0.4692 -0.7066 -0.5296
vn -0.6430 -0.2585 -0.7210
vn 0.0551 0.2585 0.9644
vn 0.0427 0.7066 0.7063
vn 0.0168 0.9658 0.2586
vn -0.0179 0.9659 -0.2585
vn -0.0509 0.7068 -0.7056
vn -0.0709 0.2586 -0.9634
vn -0.0709 -0.2586 -0.9634
vn -0.0509 -0.7068 -0.7056
vn -0.0179 -0.9659 -0.2585
vn 0.0168 -0.9658 0.2586
vn 0.0427 -0.7066 0.7063
vn 0.0552 -0.2585 0.9644
vn 0.1937 0.2583 0.9464
vn 0.1419 0.7063 0.6935
vn 0.0519 0.9658 0.2541
vn -0.0519 0.9658 -0.2541
vn -0.1416 0.7063 -0.6936
vn -0.1933 0.2583 -0.9465
vn -0.1933 -0.2583 -0.9465
vn -0.1416 -0.7063 -0.6936
vn -0.0519 -0.9658 -0.2541
vn 0.0519 -0.9658 0.2541
vn 0.1419 -0.7063 0.6935
vn 0.1937 -0.2583 0.9464
vn 0.3174 0.2583 0.9124
vn 0.2324 0.7063 0.6686
vn 0.0851 0.9658 0.2450
vn -0.0851 0.9658 -0.2450
vn -0.2322 0.7063 -0.6687
vn -0.3168 0.2583 -0.9126
vn -0.3168 -0.2583 -0.9126
vn -0.2322 -0.7063 -0.6687
vn -0.0851 -0.9658 -0.2450
vn 0.0851 -0.9658 0.2450
vn 0.2325 -0.7063 0.6686
vn 0.3174 -0.2583 0.9124
vn 0.4336 0.2583 0.8633
vn 0.3176 0.7064 0.6326
vn 0.1163 0.9658 0.2318
vn -0.1163 0.9658 -0.2318
vn -0.3174 0.7064 -0.6327
vn -0.4332 0.2583 -0.8635
vn -0.4332 -0.2583 -0.8635
vn -0.3174 -0.7064 -0.6327
vn -0.1163 -0.9658 -0.2318
vn 0.1163 -0.9658 0.2318
vn 0.3176 -0.7064 0.6326
vn 0.4336 -0.2583 0.8633
vn 0.5409 0.2583 0.8004
vn 0.3963 0.7064 0.5865
vn 0.1452 0.9658 0.2149
vn -0.1451 0.9658 -0.2149
vn -0.3961 0.7064 -0.5866
vn -0.5406 0.2583 -0.8006
vn -0.5406 -0.2583 -0.8006
vn -0.3961 -0.7064 -0.5866
vn -0.1451 -0.9658 -0.2149
vn 0.1452 -0.9658 0.2149
vn 0.3963 -0.7064 0.5865
vn 0.5409 -0.2583 0.8004
vn 0.6384 0.2583 0.7251
vn 0.4677 0.7064 0.5313
vn 0.1713 0.9658 0.1947
vn -0.1713 0.9658 -0.1947
vn -0.4677 0.7064 -0.5313
vn -0.6383 0.2583 -0.7252
vn -0.6383 -0.2583 -0.7252
vn -0.4677 -0.7064 -0.5313
vn -0.1713 -0.9658 -0.1947
vn 0.1713 -0.9658 0.1946
vn 0.4677 -0.7064 0.5313
vn 0.6384 -0.2583 0.7251
vn 0.7251 0.2583 0.6384
vn 0.5313 0.7064 0.4677
vn 0.1946 0.9658 0.1713
vn -0.1947 0.9658 -0.1713
vn -0.5313 0.7064 -0.4677
vn -0.7252 0.2583 -0.6383
vn -0.7252 -0.2583 -0.6383
vn -0.5313 -0.7064 -0.4676
vn -0.1947 -0.9658 -0.1713
vn 0.1946 -0.9658 0.1713
vn 0.5313 -0.7064 0.4677
vn 0.7251 -0.2583 0.6383
vn 0.8004 0.2583 0.5409
vn 0.5865 0.7064 0.3963
vn 0.2149 0.9658 0.1451
vn -0.2149 0.9658 -0.1451
vn -0.5866 0.7064 -0.3961
vn -0.8006 0.2583 -0.5406
vn -0.8006 -0.2583 -0.5406
vn -0.5866 -0.7064 -0.3961
vn -0.2149 -0.9658 -0.1451
vn 0.2149 -0.9658 0.1452
vn 0.5865 -0.7064 0.3963
vn 0.8004 -0.2583 0.5409
vn 0.8633 0.2583 0.4336
vn 0.6326 0.7064 0.3176
vn 0.2318 0.9658 0.1163
vn -0.2318 0.9658 -0.1163
vn -0.6327 0.7064 -0.3174
vn -0.8635 0.2583 -0.4332
vn -0.8635 -0.2583 -0.4332
vn -0.6327 -0.7064 -0.3174
vn -0.2318 -0.9658 -0.1163
vn 0.2318 -0.9658 0.1163
vn 0.6326 -0.7064 0.3176
vn 0.8633 -0.2583 0.4336
vn 0.9124 0.2583 0.3174
vn 0.6686 0.7063 0.2324
vn 0.2450 0.9658 0.0851
vn -0.2450 0.9658 -0.0851
vn -0.6687 0.7063 -0.2322
vn -0.9126 0.2583 -0.3168
vn -0.9126 -0.2583 -0.3168
vn -0.6687 -0.7063 -0.2322
vn -0.2450 -0.9658 -0.0851
vn 0.2450 -0.9658 0.0851
vn 0.6686 -0.7063 0.2324
vn 0.9124 -0.2583 0.3174
vn 0.9464 0.2583 0.1937
vn 0.6935 0.7063 0.1419
vn 0.2541 0.9658 0.0519
vn -0.2541 0.9658 -0.0519
vn -0.6936 0.7063 -0.1416
vn -0.9465 0.2583 -0.1933
vn -0.9465 -0.2583 -0.1933
vn -0.6936 -0.7063 -0.1416
vn -0.2541 -0.9658 -0.0519
vn 0.2541 -0.9658 0.0519
vn 0.6935 -0.7063 0.1419
vn 0.9464 -0.2583 0.1937
vn 0.9644 0.2584 0.0552
vn 0.7063 0.7066 0.0427
vn 0.2586 0.9658 0.0168
vn -0.2585 0.9659 -0.0179
vn -0.7056 0.7068 -0.0509
vn -0.9634 0.2586 -0.0709
vn -0.9634 -0.2586 -0.0709
vn -0.7056 -0.7068 -0.0509
vn -0.2585 -0.9659 -0.0179
vn 0.2586 -0.9658 0.0168
vn 0.7063 -0.7066 0.0427
vn 0.9644 -0.2584 0.0552
vn -0.9644 0.2584 0.0551
vn -0.7063 0.7066 0.0427
vn -0.2586 0.9658 0.0168
vn 0.2585 0.9659 -0.0179
vn 0.7056 0.7068 -0.0509
vn 0.9634 0.2586 -0.0709
vn 0.9634 -0.2586 -0.0709
vn 0.7056 -0.7068 -0.0509
vn 0.2585 -0.9659 -0.0179
vn -0.2586 -0.9658 0.0168
vn -0.7063 -0.7066 0.0427
vn -0.9644 -0.2585 0.0551
vn -0.9464 0.2583 0.1937
vn -0.6935 0.7063 0.1419
vn -0.2541 0.9658 0.0519
vn 0.2541 0.9658 -0.0519
vn 0.6936 0.7063 -0.1416
vn 0.9465 0.2583 -0.1933
vn 0.9465 -0.2583 -0.1933
vn 0.6936 -0.7063 -0.1416
vn 0.2541 -0.9658 -0.0519
vn -0.2541 -0.9658 0.0519
vn -0.6935 -0.7063 0.1419
vn -0.9464 -0.2583 0.1937
vn -0.9124 0.2583 0.3174
vn -0.6686 0.7063 0.2324
vn -0.2450 0.9658 0.0851
vn 0.2450 0.9658 -0.0851
vn 0.6687 0.7063 -0.2322
vn 0.9126 0.2583 -0.3168
vn 0.9126 -0.2583 -0.3168
vn 0.6687 -0.7063 -0.2322
vn 0.2450 -0.9658 -0.0851
vn -0.2450 -0.9658 0.0851
vn -0.6686 -0.7063 0.2324
vn -0.9124 -0.2583 0.3174
vn -0.8633 0.2583 0.4336
vn -0.6326 0.7064 0.3176
vn -0.2318 0.9658 0.1163
vn 0.2318 0.9658 -0.1163
vn 0.6327 0.7064 -0.3174
vn 0.8635 0.2583 -0.4332
vn 0.8635 -0.2583 -0.4332
vn 0.6327 -0.7064 -0.3174
vn 0.2318 -0.9658 -0.1163
vn -0.2318 -0.9658 0.1163
vn -0.6326 -0.7064 0.3176
vn -0.8633 -0.2583 0.4336
vn -0.8004 0.2583 0.5409
vn -0.5865 0.7064 0.3963
vn -0.2149 0.9658 0.1452
vn 0.2149 0.9658 -0.1451
vn 0.5866 0.7064 -0.3961
vn 0.8006 0.2583 -0.5406
vn 0.8006 -0.2583 -0.5406
vn 0.5866 -0.7064 -0.3961
vn 0.2149 -0.9658 -0.1451
vn -0.2149 -0.9658 0.1452
vn -0.5865 -0.7064 0.3963
vn -0.8004 -0.2583 0.5409
vn -0.7251 0.2583 0.6384
vn -0.5313 0.7064 0.4677
vn -0.1946 0.9658 0.1713
vn 0.1947 0.9658 -0.1713
vn 0.5313 0.7064 -0.4677
vn 0.7252 0.2583 -0.6383
vn 0.7252 -0.2583 -0.6383
vn 0.5313 -0.7064 -0.4677
vn 0.1947 -0.9658 -0.1713
vn -0.1946 -0.9658 0.1713
vn -0.5313 -0.7064 0.4677
vn -0.7251 -0.2583 0.6383
vn -0.6383 0.2583 0.7251
vn -0.4677 0.7064 0.5313
vn -0.1713 0.9658 0.1946
vn 0.1713 0.9658 -0.1947
vn 0.4677 0.7064 -0.5313
vn 0.6383 0.2583 -0.7252
vn 0.6383 -0.2583 -0.7252
vn 0.4677 -0.7064 -0.5313
vn 0.1713 -0.9658 -0.1947
vn -0.1713 -0.9658 0.1946
vn -0.4677 -0.7064 0.5313
vn -0.6383 -0.2583 0.7251
vn -0.5409 0.2583 0.8004
vn -0.3963 0.7064 0.5865
vn -0.1452 0.9658 0.2149
vn 0.1451 0.9658 -0.2149
vn 0.3961 0.7064 -0.5866
vn 0.5406 0.2583 -0.8006
vn 0.5406 -0.2583 -0.8006
vn 0.3961 -0.7064 -0.5866
vn 0.1451 -0.9658 -0.2149
vn -0.1452 -0.9658 0.2149
vn -0.3963 -0.7064 0.5865
vn -0.5409 -0.2583 0.8004
vn -0.4336 0.2583 0.8633
vn -0.3176 0.7064 0.6326
vn -0.1163 0.9658 0.2318
vn 0.1163 0.9658 -0.2318
vn 0.3174 0.7064 -0.6327
vn 0.4332 0.2583 -0.8635
vn 0.4331 -0.2583 -0.8635
vn 0.3174 -0.7064 -0.6327
vn 0.1163 -0.9658 -0.2318
vn -0.1163 -0.9658 0.2318
vn -0.3176 -0.7064 0.6326
vn -0.4336 -0.2583 0.8633
vn -0.3174 0.2583 0.9124
vn -0.2324 0.7063 0.6686
vn -0.0851 0.9658 0.2450
vn 0.0851 0.9658 -0.2450
vn 0.2322 0.7063 -0.6687
vn 0.3168 0.2583 -0.9126
vn 0.3168 -0.2583 -0.9126
vn 0.2322 -0.7063 -0.6687
vn 0.0851 -0.9658 -0.2450
vn -0.0851 -0.9658 0.2450
vn -0.2324 -0.7063 0.6686
vn -0.3174 -0.2583 0.9124
vn -0.1937 0.2583 0.9464
vn -0.1419 0.7063 0.6935
vn -0.0519 0.9658 0.2541
vn 0.0519 0.9658 -0.2541
vn 0.1416 0.7063 -0.6936
vn 0.1933 0.2583 -0.9465
vn 0.1933 -0.2583 -0.9465
vn 0.1416 -0.7063 -0.6936
vn 0.0519 -0.9658 -0.2541
vn -0.0519 -0.9658 0.2541
vn -0.1419 -0.7063 0.6935
vn -0.1937 -0.2583 0.9464
vn -0.0551 0.2585 0.9644
vn -0.0427 0.7066 0.7063
vn -0.0168 0.9658 0.2586
vn 0.0179 0.9659 -0.2585
vn 0.0509 0.7068 -0.7056
vn 0.0709 0.2586 -0.9634
vn 0.0709 -0.2586 -0.9634
vn 0.0509 -0.7068 -0.7056
vn 0.0179 -0.9659 -0.2585
vn -0.0168 -0.9658 0.2586
vn -0.0427 -0.7066 0.7063
vn -0.0551 -0.2585 0.9644
vn -0.0551 0.2585 -0.9644
vn -0.0427 0.7066 -0.7063
vn -0.0168 0.9658 -0.2586
vn 0.0179 0.9659 0.2585
vn 0.0509 0.7068 0.7056
vn 0.0709 0.2586 0.9634
vn 0.0709 -0.2586 0.9634
vn 0.0509 -0.7068 0.7056
vn 0.0179 -0.9659 0.2585
vn -0.0168 -0.9658 -0.2586
vn -0.0427 -0.7066 -0.7063
vn -0.0552 -0.2585 -0.9644
vn -0.1937 0.2583 -0.9464
vn -0.1419 0.7063 -0.6935
vn 0.1416 0.7063 0.6936
vn 0.1933 0.2583 0.9465
vn 0.1933 -0.2583 0.9465
vn 0.1416 -0.7063 0.6936
vn -0.1419 -0.7063 -0.6935
vn -0.1937 -0.2583 -0.9464
vn -0.3174 0.2583 -0.9124
vn -0.2324 0.7063 -0.6686
vn 0.2322 0.7063 0.6687
vn 0.3168 0.2583 0.9126
vn 0.3168 -0.2583 0.9126
vn 0.2322 -0.7063 0.6687
vn -0.2324 -0.7063 -0.6686
vn -0.3174 -0.2583 -0.9124
vn -0.4336 0.2583 -0.8633
vn -0.3176 0.7064 -0.6326
vn 0.3174 0.7064 0.6327
vn 0.4332 0.2583 0.8635
vn 0.4331 -0.2583 0.8635
vn 0.3174 -0.7064 0.6327
vn -0.3176 -0.7064 -0.6326
vn -0.4336 -0.2583 -0.8633
vn -0.5409 0.2583 -0.8004
vn -0.3963 0.7064 -0.5865
vn -0.1452 0.9658 -0.2149
vn 0.1451 0.9658 0.2149
vn 0.3961 0.7064 0.5866
vn 0.5406 0.2583 0.8006
vn 0.5406 -0.2583 0.8006
vn 0.3961 -0.7064 0.5866
vn 0.1451 -0.9658 0.2149
vn -0.1452 -0.9658 -0.2149
vn -0.3963 -0.7064 -0.5865
vn -0.5409 -0.2583 -0.8004
vn -0.6384 0.2583 -0.7251
vn 0.6383 0.2583 0.7252
vn 0.6383 -0.2583 0.7252
vn 0.1713 -0.9658 0.1947
vn -0.1713 -0.9658 -0.1946
vn -0.6384 -0.2583 -0.7251
vn -0.7251 0.2583 -0.6384
vn -0.1946 0.9658 -0.1713
vn 0.1947 0.9658 0.1713
vn 0.7252 0.2583 0.6383
vn 0.7252 -0.2583 0.6383
vn 0.1947 -0.9658 0.1713
vn -0.1946 -0.9658 -0.1713
vn -0.5313 -0.7064 -0.4677
vn -0.7251 -0.2583 -0.6384
vn -0.8004 0.2583 -0.5409
vn -0.5865 0.7064 -0.3963
vn -0.2149 0.9658 -0.1452
vn 0.5866 0.7064 0.3961
vn 0.8006 0.2583 0.5406
vn 0.8006 -0.2583 0.5406
vn 0.5866 -0.7064 0.3961
vn 0.2149 -0.9658 0.1451
vn -0.2149 -0.9658 -0.1452
vn -0.5865 -0.7064 -0.3963
vn -0.8004 -0.2583 -0.5409
vn -0.8633 0.2583 -0.4336
vn -0.6326 0.7064 -0.3176
vn 0.6327 0.7064 0.3174
vn 0.8635 0.2583 0.4332
vn 0.8635 -0.2583 0.4332
vn 0.6327 -0.7064 0.3174
vn -0.6326 -0.7064 -0.3176
vn -0.8633 -0.2583 -0.4336
vn -0.9124 0.2583 -0.3174
vn -0.6686 0.7063 -0.2324
vn 0.6687 0.7063 0.2322
vn 0.9126 0.2583 0.3168
vn 0.9126 -0.2583 0.3168
vn 0.6687 -0.7063 0.2322
vn -0.6686 -0.7063 -0.2324
vn -0.9124 -0.2583 -0.3174
vn -0.9464 0.2583 -0.1937
vn -0.6935 0.7063 -0.1419
vn 0.6936 0.7063 0.1416
vn 0.9465 0.2583 0.1933
vn 0.9465 -0.2583 0.1933
vn 0.6936 -0.7063 0.1416
vn -0.6935 -0.7063 -0.1419
vn -0.9464 -0.2583 -0.1937
vn -0.9644 0.2584 -0.0552
vn -0.7063 0.7066 -0.0427
vn -0.2586 0.9658 -0.0168
vn 0.2585 0.9659 0.0179
vn 0.7056 0.7068 0.0509
vn 0.9634 0.2586 0.0709
vn 0.9634 -0.2586 0.0709
vn 0.7056 -0.7068 0.0509
vn 0.2585 -0.9659 0.0179
vn -0.2586 -0.9658 -0.0168
vn -0.7063 -0.7066 -0.0427
vn -0.9644 -0.2585 -0.0552
vn 0.7071 -0.0000 -0.7071
usemtl マテリアル.001
s off
f 2113/2289/1544 2125/2290/1544 2136/2291/1544 2124/2292/1544
f 2114/2293/1545 2126/2294/1545 2125/2295/1545 2113/2296/1545
f 2115/2297/1546 2127/2298/1546 2126/2294/1546 2114/2293/1546
f 2116/2299/1547 2128/2300/1547 2127/2298/1547 2115/2297/1547
f 2117/2301/1548 2129/2302/1548 2128/2300/1548 2116/2299/1548
f 2118/2303/1549 2130/2304/1549 2129/2302/1549 2117/2301/1549
f 2119/2305/1550 2131/2306/1550 2130/2304/1550 2118/2303/1550
f 2120/2307/1551 2132/2308/1551 2131/2306/1551 2119/2305/1551
f 2121/2309/1552 2133/2310/1552 2132/2308/1552 2120/2307/1552
f 2122/2311/1553 2134/2312/1553 2133/2310/1553 2121/2309/1553
f 2123/2313/1554 2135/2314/1554 2134/2312/1554 2122/2311/1554
f 2124/2292/1555 2136/2291/1555 2135/2314/1555 2123/2313/1555
f 2125/2290/1556 2137/2315/1556 2148/2316/1556 2136/2291/1556
f 2126/2294/1557 2138/2317/1557 2137/2318/1557 2125/2295/1557
f 2127/2298/1558 2139/2319/1558 2138/2317/1558 2126/2294/1558
f 2128/2300/1559 2140/2320/1559 2139/2319/1559 2127/2298/1559
f 2129/2302/1560 2141/2321/1560 2140/2320/1560 2128/2300/1560
f 2130/2304/1561 2142/2322/1561 2141/2321/1561 2129/2302/1561
f 2131/2306/1562 2143/2323/1562 2142/2322/1562 2130/2304/1562
f 2132/2308/1563 2144/2324/1563 2143/2323/1563 2131/2306/1563
f 2133/2310/1564 2145/2325/1564 2144/2324/1564 2132/2308/1564
f 2134/2312/1565 2146/2326/1565 2145/2325/1565 2133/2310/1565
f 2135/2314/1566 2147/2327/1566 2146/2326/1566 2134/2312/1566
f 2136/2291/1567 2148/2316/1567 2147/2327/1567 2135/2314/1567
f 2137/2315/1568 2149/2328/1568 2160/2329/1568 2148/2316/1568
f 2138/2317/1569 2150/2330/1569 2149/2331/1569 2137/2318/1569
f 2139/2319/1570 2151/2332/1570 2150/2330/1570 2138/2317/1570
f 2140/2320/1571 2152/2333/1571 2151/2332/1571 2139/2319/1571
f 2141/2321/1572 2153/2334/1572 2152/2333/1572 2140/2320/1572
f 2142/2322/1573 2154/2335/1573 2153/2334/1573 2141/2321/1573
f 2143/2323/1574 2155/2336/1574 2154/2335/1574 2142/2322/1574
f 2144/2324/1575 2156/2337/1575 2155/2336/1575 2143/2323/1575
f 2145/2325/1576 2157/2338/1576 2156/2337/1576 2144/2324/1576
f 2146/2326/1577 2158/2339/1577 2157/2338/1577 2145/2325/1577
f 2147/2327/1578 2159/2340/1578 2158/2339/1578 2146/2326/1578
f 2148/2316/1579 2160/2329/1579 2159/2340/1579 2147/2327/1579
f 2149/2328/1580 2161/2341/1580 2172/2342/1580 2160/2329/1580
f 2150/2330/1581 2162/2343/1581 2161/2344/1581 2149/2331/1581
f 2151/2332/1582 2163/2345/1582 2162/2343/1582 2150/2330/1582
f 2152/2333/1583 2164/2346/1583 2163/2345/1583 2151/2332/1583
f 2153/2334/1584 2165/2347/1584 2164/2346/1584 2152/2333/1584
f 2154/2335/1585 2166/2348/1585 2165/2347/1585 2153/2334/1585
f 2155/2336/1586 2167/2349/1586 2166/2348/1586 2154/2335/1586
f 2156/2337/1587 2168/2350/1587 2167/2349/1587 2155/2336/1587
f 2157/2338/1588 2169/2351/1588 2168/2350/1588 2156/2337/1588
f 2158/2339/1589 2170/2352/1589 2169/2351/1589 2157/2338/1589
f 2159/2340/1590 2171/2353/1590 2170/2352/1590 2158/2339/1590
f 2160/2329/1591 2172/2342/1591 2171/2353/1591 2159/2340/1591
f 2161/2341/1592 2173/2354/1592 2184/2355/1592 2172/2342/1592
f 2162/2343/1593 2174/2356/1593 2173/2357/1593 2161/2344/1593
f 2163/2345/1594 2175/2358/1594 2174/2356/1594 2162/2343/1594
f 2164/2346/1595 2176/2359/1595 2175/2358/1595 2163/2345/1595
f 2165/2347/1596 2177/2360/1596 2176/2359/1596 2164/2346/1596
f 2166/2348/1597 2178/2361/1597 2177/2360/1597 2165/2347/1597
f 2167/2349/1598 2179/2362/1598 2178/2361/1598 2166/2348/1598
f 2168/2350/1599 2180/2363/1599 2179/2362/1599 2167/2349/1599
f 2169/2351/1600 2181/2364/1600 2180/2363/1600 2168/2350/1600
f 2170/2352/1601 2182/2365/1601 2181/2364/1601 2169/2351/1601
f 2171/2353/1602 2183/2366/1602 2182/2365/1602 2170/2352/1602
f 2172/2342/1603 2184/2355/1603 2183/2366/1603 2171/2353/1603
f 2173/2354/1604 2185/2367/1604 2196/2368/1604 2184/2355/1604
f 2174/2356/1605 2186/2369/1605 2185/2370/1605 2173/2357/1605
f 2175/2358/1606 2187/2371/1606 2186/2369/1606 2174/2356/1606
f 2176/2359/1607 2188/2372/1607 2187/2371/1607 2175/2358/1607
f 2177/2360/1608 2189/2373/1608 2188/2372/1608 2176/2359/1608
f 2178/2361/1609 2190/2374/1609 2189/2373/1609 2177/2360/1609
f 2179/2362/1610 2191/2375/1610 2190/2374/1610 2178/2361/1610
f 2180/2363/1611 2192/2376/1611 2191/2375/1611 2179/2362/1611
f 2181/2364/1612 2193/2377/1612 2192/2376/1612 2180/2363/1612
f 2182/2365/1613 2194/2378/1613 2193/2377/1613 2181/2364/1613
f 2183/2366/1614 2195/2379/1614 2194/2378/1614 2182/2365/1614
f 2184/2355/1615 2196/2368/1615 2195/2379/1615 2183/2366/1615
f 2185/2367/1616 2197/2380/1616 2208/2381/1616 2196/2368/1616
f 2186/2369/1617 2198/2382/1617 2197/2383/1617 2185/2370/1617
f 2187/2371/1618 2199/2384/1618 2198/2382/1618 2186/2369/1618
f 2188/2372/1619 2200/2385/1619 2199/2384/1619 2187/2371/1619
f 2189/2373/1620 2201/2386/1620 2200/2385/1620 2188/2372/1620
f 2190/2374/1621 2202/2387/1621 2201/2386/1621 2189/2373/1621
f 2191/2375/1622 2203/2388/1622 2202/2387/1622 2190/2374/1622
f 2192/2376/1623 2204/2389/1623 2203/2388/1623 2191/2375/1623
f 2193/2377/1624 2205/2390/1624 2204/2389/1624 2192/2376/1624
f 2194/2378/1625 2206/2391/1625 2205/2390/1625 2193/2377/1625
f 2195/2379/1626 2207/2392/1626 2206/2391/1626 2194/2378/1626
f 2196/2368/1627 2208/2381/1627 2207/2392/1627 2195/2379/1627
f 2197/2380/1628 2209/2393/1628 2220/2394/1628 2208/2381/1628
f 2198/2382/1629 2210/2395/1629 2209/2396/1629 2197/2383/1629
f 2199/2384/1630 2211/2397/1630 2210/2395/1630 2198/2382/1630
f 2200/2385/1631 2212/2398/1631 2211/2397/1631 2199/2384/1631
f 2201/2386/1632 2213/2399/1632 2212/2398/1632 2200/2385/1632
f 2202/2387/1633 2214/2400/1633 2213/2399/1633 2201/2386/1633
f 2203/2388/1634 2215/2401/1634 2214/2400/1634 2202/2387/1634
f 2204/2389/1635 2216/2402/1635 2215/2401/1635 2203/2388/1635
f 2205/2390/1636 2217/2403/1636 2216/2402/1636 2204/2389/1636
f 2206/2391/1637 2218/2404/1637 2217/2403/1637 2205/2390/1637
f 2207/2392/1638 2219/2405/1638 2218/2404/1638 2206/2391/1638
f 2208/2381/1639 2220/2394/1639 2219/2405/1639 2207/2392/1639
f 2209/2393/1640 2221/2406/1640 2232/2407/1640 2220/2394/1640
f 2210/2395/1641 2222/2408/1641 2221/2409/1641 2209/2396/1641
f 2211/2397/1642 2223/2410/1642 2222/2408/1642 2210/2395/1642
f 2212/2398/1643 2224/2411/1643 2223/2410/1643 2211/2397/1643
f 2213/2399/1644 2225/2412/1644 2224/2411/1644 2212/2398/1644
f 2214/2400/1645 2226/2413/1645 2225/2412/1645 2213/2399/1645
f 2215/2401/1646 2227/2414/1646 2226/2413/1646 2214/2400/1646
f 2216/2402/1647 2228/2415/1647 2227/2414/1647 2215/2401/1647
f 2217/2403/1648 2229/2416/1648 2228/2415/1648 2216/2402/1648
f 2218/2404/1649 2230/2417/1649 2229/2416/1649 2217/2403/1649
f 2219/2405/1650 2231/2418/1650 2230/2417/1650 2218/2404/1650
f 2220/2394/1651 2232/2407/1651 2231/2418/1651 2219/2405/1651
f 2221/2406/1652 2233/2419/1652 2244/2420/1652 2232/2407/1652
f 2222/2408/1653 2234/2421/1653 2233/2422/1653 2221/2409/1653
f 2223/2410/1654 2235/2423/1654 2234/2421/1654 2222/2408/1654
f 2224/2411/1655 2236/2424/1655 2235/2423/1655 2223/2410/1655
f 2225/2412/1656 2237/2425/1656 2236/2424/1656 2224/2411/1656
f 2226/2413/1657 2238/2426/1657 2237/2425/1657 2225/2412/1657
f 2227/2414/1658 2239/2427/1658 2238/2426/1658 2226/2413/1658
f 2228/2415/1659 2240/2428/1659 2239/2427/1659 2227/2414/1659
f 2229/2416/1660 2241/2429/1660 2240/2428/1660 2228/2415/1660
f 2230/2417/1661 2242/2430/1661 2241/2429/1661 2229/2416/1661
f 2231/2418/1662 2243/2431/1662 2242/2430/1662 2230/2417/1662
f 2232/2407/1663 2244/2420/1663 2243/2431/1663 2231/2418/1663
f 2233/2419/1664 2245/2432/1664 2256/2433/1664 2244/2420/1664
f 2234/2421/1665 2246/2434/1665 2245/2435/1665 2233/2422/1665
f 2235/2423/1666 2247/2436/1666 2246/2434/1666 2234/2421/1666
f 2236/2424/1667 2248/2437/1667 2247/2436/1667 2235/2423/1667
f 2237/2425/1668 2249/2438/1668 2248/2437/1668 2236/2424/1668
f 2238/2426/1669 2250/2439/1669 2249/2438/1669 2237/2425/1669
f 2239/2427/1670 2251/2440/1670 2250/2439/1670 2238/2426/1670
f 2240/2428/1671 2252/2441/1671 2251/2440/1671 2239/2427/1671
f 2241/2429/1672 2253/2442/1672 2252/2441/1672 2240/2428/1672
f 2242/2430/1673 2254/2443/1673 2253/2442/1673 2241/2429/1673
f 2243/2431/1674 2255/2444/1674 2254/2443/1674 2242/2430/1674
f 2244/2420/1675 2256/2433/1675 2255/2444/1675 2243/2431/1675
f 2245/2432/1676 2257/2445/1676 2268/2446/1676 2256/2433/1676
f 2246/2434/1677 2258/2447/1677 2257/2448/1677 2245/2435/1677
f 2247/2436/1678 2259/2449/1678 2258/2447/1678 2246/2434/1678
f 2248/2437/1679 2260/2450/1679 2259/2449/1679 2247/2436/1679
f 2249/2438/1680 2261/2451/1680 2260/2450/1680 2248/2437/1680
f 2250/2439/1681 2262/2452/1681 2261/2451/1681 2249/2438/1681
f 2251/2440/1682 2263/2453/1682 2262/2452/1682 2250/2439/1682
f 2252/2441/1683 2264/2454/1683 2263/2453/1683 2251/2440/1683
f 2253/2442/1684 2265/2455/1684 2264/2454/1684 2252/2441/1684
f 2254/2443/1685 2266/2456/1685 2265/2455/1685 2253/2442/1685
f 2255/2444/1686 2267/2457/1686 2266/2456/1686 2254/2443/1686
f 2256/2433/1687 2268/2446/1687 2267/2457/1687 2255/2444/1687
f 2257/2445/1688 2269/2458/1688 2280/2459/1688 2268/2446/1688
f 2258/2447/1689 2270/2460/1689 2269/2461/1689 2257/2448/1689
f 2259/2449/1690 2271/2462/1690 2270/2460/1690 2258/2447/1690
f 2260/2450/1691 2272/2463/1691 2271/2462/1691 2259/2449/1691
f 2261/2451/1692 2273/2464/1692 2272/2463/1692 2260/2450/1692
f 2262/2452/1693 2274/2465/1693 2273/2464/1693 2261/2451/1693
f 2263/2453/1694 2275/2466/1694 2274/2465/1694 2262/2452/1694
f 2264/2454/1695 2276/2467/1695 2275/2466/1695 2263/2453/1695
f 2265/2455/1696 2277/2468/1696 2276/2467/1696 2264/2454/1696
f 2266/2456/1697 2278/2469/1697 2277/2468/1697 2265/2455/1697
f 2267/2457/1698 2279/2470/1698 2278/2469/1698 2266/2456/1698
f 2268/2446/1699 2280/2459/1699 2279/2470/1699 2267/2457/1699
f 2269/2458/1700 2281/2471/1700 2292/2472/1700 2280/2459/1700
f 2270/2460/1701 2282/2473/1701 2281/2474/1701 2269/2461/1701
f 2271/2462/1702 2283/2475/1702 2282/2473/1702 2270/2460/1702
f 2272/2463/1703 2284/2476/1703 2283/2475/1703 2271/2462/1703
f 2273/2464/1704 2285/2477/1704 2284/2476/1704 2272/2463/1704
f 2274/2465/1705 2286/2478/1705 2285/2477/1705 2273/2464/1705
f 2275/2466/1706 2287/2479/1706 2286/2478/1706 2274/2465/1706
f 2276/2467/1707 2288/2480/1707 2287/2479/1707 2275/2466/1707
f 2277/2468/1708 2289/2481/1708 2288/2480/1708 2276/2467/1708
f 2278/2469/1709 2290/2482/1709 2289/2481/1709 2277/2468/1709
f 2279/2470/1710 2291/2483/1710 2290/2482/1710 2278/2469/1710
f 2280/2459/1711 2292/2472/1711 2291/2483/1711 2279/2470/1711
f 2281/2471/1712 2293/2484/1712 2304/2485/1712 2292/2472/1712
f 2282/2473/1713 2294/2486/1713 2293/2487/1713 2281/2474/1713
f 2283/2475/1714 2295/2488/1714 2294/2486/1714 2282/2473/1714
f 2284/2476/1715 2296/2489/1715 2295/2488/1715 2283/2475/1715
f 2285/2477/1716 2297/2490/1716 2296/2489/1716 2284/2476/1716
f 2286/2478/1717 2298/2491/1717 2297/2490/1717 2285/2477/1717
f 2287/2479/1718 2299/2492/1718 2298/2491/1718 2286/2478/1718
f 2288/2480/1719 2300/2493/1719 2299/2492/1719 2287/2479/1719
f 2289/2481/1720 2301/2494/1720 2300/2493/1720 2288/2480/1720
f 2290/2482/1721 2302/2495/1721 2301/2494/1721 2289/2481/1721
f 2291/2483/1722 2303/2496/1722 2302/2495/1722 2290/2482/1722
f 2292/2472/1723 2304/2485/1723 2303/2496/1723 2291/2483/1723
f 2293/2484/1724 2305/2497/1724 2316/2498/1724 2304/2485/1724
f 2294/2486/1725 2306/2499/1725 2305/2500/1725 2293/2487/1725
f 2295/2488/1726 2307/2501/1726 2306/2499/1726 2294/2486/1726
f 2296/2489/1727 2308/2502/1727 2307/2501/1727 2295/2488/1727
f 2297/2490/1728 2309/2503/1728 2308/2502/1728 2296/2489/1728
f 2298/2491/1729 2310/2504/1729 2309/2503/1729 2297/2490/1729
f 2299/2492/1730 2311/2505/1730 2310/2504/1730 2298/2491/1730
f 2300/2493/1731 2312/2506/1731 2311/2505/1731 2299/2492/1731
f 2301/2494/1732 2313/2507/1732 2312/2506/1732 2300/2493/1732
f 2302/2495/1733 2314/2508/1733 2313/2507/1733 2301/2494/1733
f 2303/2496/1734 2315/2509/1734 2314/2508/1734 2302/2495/1734
f 2304/2485/1735 2316/2498/1735 2315/2509/1735 2303/2496/1735
f 2305/2497/1736 2317/2510/1736 2328/2511/1736 2316/2498/1736
f 2306/2499/1737 2318/2512/1737 2317/2513/1737 2305/2500/1737
f 2307/2501/1738 2319/2514/1738 2318/2512/1738 2306/2499/1738
f 2308/2502/1739 2320/2515/1739 2319/2514/1739 2307/2501/1739
f 2309/2503/1740 2321/2516/1740 2320/2515/1740 2308/2502/1740
f 2310/2504/1741 2322/2517/1741 2321/2516/1741 2309/2503/1741
f 2311/2505/1742 2323/2518/1742 2322/2517/1742 2310/2504/1742
f 2312/2506/1743 2324/2519/1743 2323/2518/1743 2311/2505/1743
f 2313/2507/1744 2325/2520/1744 2324/2519/1744 2312/2506/1744
f 2314/2508/1745 2326/2521/1745 2325/2520/1745 2313/2507/1745
f 2315/2509/1746 2327/2522/1746 2326/2521/1746 2314/2508/1746
f 2316/2498/1747 2328/2511/1747 2327/2522/1747 2315/2509/1747
f 2317/2510/1748 2329/2523/1748 2340/2524/1748 2328/2511/1748
f 2318/2512/1749 2330/2525/1749 2329/2526/1749 2317/2513/1749
f 2319/2514/1750 2331/2527/1750 2330/2525/1750 2318/2512/1750
f 2320/2515/1751 2332/2528/1751 2331/2527/1751 2319/2514/1751
f 2321/2516/1752 2333/2529/1752 2332/2528/1752 2320/2515/1752
f 2322/2517/1753 2334/2530/1753 2333/2529/1753 2321/2516/1753
f 2323/2518/1754 2335/2531/1754 2334/2530/1754 2322/2517/1754
f 2324/2519/1755 2336/2532/1755 2335/2531/1755 2323/2518/1755
f 2325/2520/1756 2337/2533/1756 2336/2532/1756 2324/2519/1756
f 2326/2521/1757 2338/2534/1757 2337/2533/1757 2325/2520/1757
f 2327/2522/1758 2339/2535/1758 2338/2534/1758 2326/2521/1758
f 2328/2511/1759 2340/2524/1759 2339/2535/1759 2327/2522/1759
f 2329/2523/1760 2341/2536/1760 2352/2537/1760 2340/2524/1760
f 2330/2525/1761 2342/2538/1761 2341/2539/1761 2329/2526/1761
f 2331/2527/1762 2343/2540/1762 2342/2538/1762 2330/2525/1762
f 2332/2528/1763 2344/2541/1763 2343/2540/1763 2331/2527/1763
f 2333/2529/1764 2345/2542/1764 2344/2541/1764 2332/2528/1764
f 2334/2530/1765 2346/2543/1765 2345/2542/1765 2333/2529/1765
f 2335/2531/1766 2347/2544/1766 2346/2543/1766 2334/2530/1766
f 2336/2532/1767 2348/2545/1767 2347/2544/1767 2335/2531/1767
f 2337/2533/1768 2349/2546/1768 2348/2545/1768 2336/2532/1768
f 2338/2534/1769 2350/2547/1769 2349/2546/1769 2337/2533/1769
f 2339/2535/1770 2351/2548/1770 2350/2547/1770 2338/2534/1770
f 2340/2524/1771 2352/2537/1771 2351/2548/1771 2339/2535/1771
f 2353/2549/1772 2365/2550/1772 2376/2551/1772 2364/2552/1772
f 2354/2553/1773 2366/2554/1773 2365/2555/1773 2353/2556/1773
f 2355/2557/1774 2367/2558/1774 2366/2554/1774 2354/2553/1774
f 2356/2559/1775 2368/2560/1775 2367/2558/1775 2355/2557/1775
f 2357/2561/1776 2369/2562/1776 2368/2560/1776 2356/2559/1776
f 2358/2563/1777 2370/2564/1777 2369/2562/1777 2357/2561/1777
f 2359/2565/1778 2371/2566/1778 2370/2564/1778 2358/2563/1778
f 2360/2567/1779 2372/2568/1779 2371/2566/1779 2359/2565/1779
f 2361/2569/1780 2373/2570/1780 2372/2568/1780 2360/2567/1780
f 2362/2571/1781 2374/2572/1781 2373/2570/1781 2361/2569/1781
f 2363/2573/1782 2375/2574/1782 2374/2572/1782 2362/2571/1782
f 2364/2552/1783 2376/2551/1783 2375/2574/1783 2363/2573/1783
f 2377/2575/1784 2389/2576/1784 2400/2577/1784 2388/2578/1784
f 2378/2579/1785 2390/2580/1785 2389/2581/1785 2377/2582/1785
f 2379/2583/1786 2391/2584/1786 2390/2580/1786 2378/2579/1786
f 2380/2585/1787 2392/2586/1787 2391/2584/1787 2379/2583/1787
f 2381/2587/1788 2393/2588/1788 2392/2586/1788 2380/2585/1788
f 2382/2589/1789 2394/2590/1789 2393/2588/1789 2381/2587/1789
f 2383/2591/1790 2395/2592/1790 2394/2590/1790 2382/2589/1790
f 2384/2593/1791 2396/2594/1791 2395/2592/1791 2383/2591/1791
f 2385/2595/1792 2397/2596/1792 2396/2594/1792 2384/2593/1792
f 2386/2597/1793 2398/2598/1793 2397/2596/1793 2385/2595/1793
f 2387/2599/1794 2399/2600/1794 2398/2598/1794 2386/2597/1794
f 2388/2578/1795 2400/2577/1795 2399/2600/1795 2387/2599/1795
f 2401/2601/1796 2413/2602/1796 2424/2603/1796 2412/2604/1796
f 2402/2605/1797 2414/2606/1797 2413/2607/1797 2401/2608/1797
f 2403/2609/1798 2415/2610/1798 2414/2606/1798 2402/2605/1798
f 2404/2611/1799 2416/2612/1799 2415/2610/1799 2403/2609/1799
f 2405/2613/1800 2417/2614/1800 2416/2612/1800 2404/2611/1800
f 2406/2615/1801 2418/2616/1801 2417/2614/1801 2405/2613/1801
f 2407/2617/1802 2419/2618/1802 2418/2616/1802 2406/2615/1802
f 2408/2619/1803 2420/2620/1803 2419/2618/1803 2407/2617/1803
f 2409/2621/1804 2421/2622/1804 2420/2620/1804 2408/2619/1804
f 2410/2623/1805 2422/2624/1805 2421/2622/1805 2409/2621/1805
f 2411/2625/1806 2423/2626/1806 2422/2624/1806 2410/2623/1806
f 2412/2604/1807 2424/2603/1807 2423/2626/1807 2411/2625/1807
f 2425/2627/1784 2437/2628/1784 2448/2629/1784 2436/2630/1784
f 2426/2631/1785 2438/2632/1785 2437/2633/1785 2425/2634/1785
f 2427/2635/1786 2439/2636/1786 2438/2632/1786 2426/2631/1786
f 2428/2637/1787 2440/2638/1787 2439/2636/1787 2427/2635/1787
f 2429/2639/1788 2441/2640/1788 2440/2638/1788 2428/2637/1788
f 2430/2641/1789 2442/2642/1789 2441/2640/1789 2429/2639/1789
f 2431/2643/1790 2443/2644/1790 2442/2642/1790 2430/2641/1790
f 2432/2645/1791 2444/2646/1791 2443/2644/1791 2431/2643/1791
f 2433/2647/1792 2445/2648/1792 2444/2646/1792 2432/2645/1792
f 2434/2649/1793 2446/2650/1793 2445/2648/1793 2433/2647/1793
f 2435/2651/1794 2447/2652/1794 2446/2650/1794 2434/2649/1794
f 2436/2630/1795 2448/2629/1795 2447/2652/1795 2435/2651/1795
f 2449/2653/1808 2461/2654/1808 2472/2655/1808 2460/2656/1808
f 2450/2657/1809 2462/2658/1809 2461/2659/1809 2449/2660/1809
f 2451/2661/1810 2463/2662/1810 2462/2658/1810 2450/2657/1810
f 2452/2663/1811 2464/2664/1811 2463/2662/1811 2451/2661/1811
f 2453/2665/1812 2465/2666/1812 2464/2664/1812 2452/2663/1812
f 2454/2667/1813 2466/2668/1813 2465/2666/1813 2453/2665/1813
f 2455/2669/1814 2467/2670/1814 2466/2668/1814 2454/2667/1814
f 2456/2671/1815 2468/2672/1815 2467/2670/1815 2455/2669/1815
f 2457/2673/1816 2469/2674/1816 2468/2672/1816 2456/2671/1816
f 2458/2675/1817 2470/2676/1817 2469/2674/1817 2457/2673/1817
f 2459/2677/1818 2471/2678/1818 2470/2676/1818 2458/2675/1818
f 2460/2656/1819 2472/2655/1819 2471/2678/1819 2459/2677/1819
f 2473/2679/1820 2485/2680/1820 2496/2681/1820 2484/2682/1820
f 2474/2683/1821 2486/2684/1821 2485/2685/1821 2473/2686/1821
f 2475/2687/1822 2487/2688/1822 2486/2684/1822 2474/2683/1822
f 2476/2689/1823 2488/2690/1823 2487/2688/1823 2475/2687/1823
f 2477/2691/1824 2489/2692/1824 2488/2690/1824 2476/2689/1824
f 2478/2693/1825 2490/2694/1825 2489/2692/1825 2477/2691/1825
f 2479/2695/1826 2491/2696/1826 2490/2694/1826 2478/2693/1826
f 2480/2697/1827 2492/2698/1827 2491/2696/1827 2479/2695/1827
f 2481/2699/1828 2493/2700/1828 2492/2698/1828 2480/2697/1828
f 2482/2701/1829 2494/2702/1829 2493/2700/1829 2481/2699/1829
f 2483/2703/1830 2495/2704/1830 2494/2702/1830 2482/2701/1830
f 2484/2682/1831 2496/2681/1831 2495/2704/1831 2483/2703/1831
f 2485/2680/1669 2497/2705/1669 2508/2706/1669 2496/2681/1669
f 2486/2684/1668 2498/2707/1668 2497/2708/1668 2485/2685/1668
f 2487/2688/1667 2499/2709/1667 2498/2707/1667 2486/2684/1667
f 2488/2690/1666 2500/2710/1666 2499/2709/1666 2487/2688/1666
f 2489/2692/1665 2501/2711/1665 2500/2710/1665 2488/2690/1665
f 2490/2694/1664 2502/2712/1664 2501/2711/1664 2489/2692/1664
f 2491/2696/1675 2503/2713/1675 2502/2712/1675 2490/2694/1675
f 2492/2698/1674 2504/2714/1674 2503/2713/1674 2491/2696/1674
f 2493/2700/1673 2505/2715/1673 2504/2714/1673 2492/2698/1673
f 2494/2702/1672 2506/2716/1672 2505/2715/1672 2493/2700/1672
f 2495/2704/1671 2507/2717/1671 2506/2716/1671 2494/2702/1671
f 2496/2681/1670 2508/2706/1670 2507/2717/1670 2495/2704/1670
f 2497/2705/1657 2509/2718/1657 2520/2719/1657 2508/2706/1657
f 2498/2707/1656 2510/2720/1656 2509/2721/1656 2497/2708/1656
f 2499/2709/1655 2511/2722/1655 2510/2720/1655 2498/2707/1655
f 2500/2710/1654 2512/2723/1654 2511/2722/1654 2499/2709/1654
f 2501/2711/1653 2513/2724/1653 2512/2723/1653 2500/2710/1653
f 2502/2712/1652 2514/2725/1652 2513/2724/1652 2501/2711/1652
f 2503/2713/1663 2515/2726/1663 2514/2725/1663 2502/2712/1663
f 2504/2714/1662 2516/2727/1662 2515/2726/1662 2503/2713/1662
f 2505/2715/1661 2517/2728/1661 2516/2727/1661 2504/2714/1661
f 2506/2716/1660 2518/2729/1660 2517/2728/1660 2505/2715/1660
f 2507/2717/1659 2519/2730/1659 2518/2729/1659 2506/2716/1659
f 2508/2706/1658 2520/2719/1658 2519/2730/1658 2507/2717/1658
f 2509/2718/1645 2521/2731/1645 2532/2732/1645 2520/2719/1645
f 2510/2720/1644 2522/2733/1644 2521/2734/1644 2509/2721/1644
f 2511/2722/1643 2523/2735/1643 2522/2733/1643 2510/2720/1643
f 2512/2723/1642 2524/2736/1642 2523/2735/1642 2511/2722/1642
f 2513/2724/1641 2525/2737/1641 2524/2736/1641 2512/2723/1641
f 2514/2725/1640 2526/2738/1640 2525/2737/1640 2513/2724/1640
f 2515/2726/1651 2527/2739/1651 2526/2738/1651 2514/2725/1651
f 2516/2727/1650 2528/2740/1650 2527/2739/1650 2515/2726/1650
f 2517/2728/1649 2529/2741/1649 2528/2740/1649 2516/2727/1649
f 2518/2729/1648 2530/2742/1648 2529/2741/1648 2517/2728/1648
f 2519/2730/1647 2531/2743/1647 2530/2742/1647 2518/2729/1647
f 2520/2719/1646 2532/2732/1646 2531/2743/1646 2519/2730/1646
f 2521/2731/1633 2533/2744/1633 2544/2745/1633 2532/2732/1633
f 2522/2733/1632 2534/2746/1632 2533/2747/1632 2521/2734/1632
f 2523/2735/1631 2535/2748/1631 2534/2746/1631 2522/2733/1631
f 2524/2736/1630 2536/2749/1630 2535/2748/1630 2523/2735/1630
f 2525/2737/1629 2537/2750/1629 2536/2749/1629 2524/2736/1629
f 2526/2738/1628 2538/2751/1628 2537/2750/1628 2525/2737/1628
f 2527/2739/1639 2539/2752/1639 2538/2751/1639 2526/2738/1639
f 2528/2740/1638 2540/2753/1638 2539/2752/1638 2527/2739/1638
f 2529/2741/1637 2541/2754/1637 2540/2753/1637 2528/2740/1637
f 2530/2742/1636 2542/2755/1636 2541/2754/1636 2529/2741/1636
f 2531/2743/1635 2543/2756/1635 2542/2755/1635 2530/2742/1635
f 2532/2732/1634 2544/2745/1634 2543/2756/1634 2531/2743/1634
f 2533/2744/1621 2545/2757/1621 2556/2758/1621 2544/2745/1621
f 2534/2746/1620 2546/2759/1620 2545/2760/1620 2533/2747/1620
f 2535/2748/1619 2547/2761/1619 2546/2759/1619 2534/2746/1619
f 2536/2749/1618 2548/2762/1618 2547/2761/1618 2535/2748/1618
f 2537/2750/1617 2549/2763/1617 2548/2762/1617 2536/2749/1617
f 2538/2751/1616 2550/2764/1616 2549/2763/1616 2537/2750/1616
f 2539/2752/1627 2551/2765/1627 2550/2764/1627 2538/2751/1627
f 2540/2753/1626 2552/2766/1626 2551/2765/1626 2539/2752/1626
f 2541/2754/1625 2553/2767/1625 2552/2766/1625 2540/2753/1625
f 2542/2755/1624 2554/2768/1624 2553/2767/1624 2541/2754/1624
f 2543/2756/1623 2555/2769/1623 2554/2768/1623 2542/2755/1623
f 2544/2745/1622 2556/2758/1622 2555/2769/1622 2543/2756/1622
f 2545/2757/1609 2557/2770/1609 2568/2771/1609 2556/2758/1609
f 2546/2759/1608 2558/2772/1608 2557/2773/1608 2545/2760/1608
f 2547/2761/1607 2559/2774/1607 2558/2772/1607 2546/2759/1607
f 2548/2762/1606 2560/2775/1606 2559/2774/1606 2547/2761/1606
f 2549/2763/1605 2561/2776/1605 2560/2775/1605 2548/2762/1605
f 2550/2764/1604 2562/2777/1604 2561/2776/1604 2549/2763/1604
f 2551/2765/1615 2563/2778/1615 2562/2777/1615 2550/2764/1615
f 2552/2766/1614 2564/2779/1614 2563/2778/1614 2551/2765/1614
f 2553/2767/1613 2565/2780/1613 2564/2779/1613 2552/2766/1613
f 2554/2768/1612 2566/2781/1612 2565/2780/1612 2553/2767/1612
f 2555/2769/1611 2567/2782/1611 2566/2781/1611 2554/2768/1611
f 2556/2758/1610 2568/2771/1610 2567/2782/1610 2555/2769/1610
f 2557/2770/1597 2569/2783/1597 2580/2784/1597 2568/2771/1597
f 2558/2772/1596 2570/2785/1596 2569/2786/1596 2557/2773/1596
f 2559/2774/1595 2571/2787/1595 2570/2785/1595 2558/2772/1595
f 2560/2775/1594 2572/2788/1594 2571/2787/1594 2559/2774/1594
f 2561/2776/1593 2573/2789/1593 2572/2788/1593 2560/2775/1593
f 2562/2777/1592 2574/2790/1592 2573/2789/1592 2561/2776/1592
f 2563/2778/1603 2575/2791/1603 2574/2790/1603 2562/2777/1603
f 2564/2779/1602 2576/2792/1602 2575/2791/1602 2563/2778/1602
f 2565/2780/1601 2577/2793/1601 2576/2792/1601 2564/2779/1601
f 2566/2781/1600 2578/2794/1600 2577/2793/1600 2565/2780/1600
f 2567/2782/1599 2579/2795/1599 2578/2794/1599 2566/2781/1599
f 2568/2771/1598 2580/2784/1598 2579/2795/1598 2567/2782/1598
f 2569/2783/1585 2581/2796/1585 2592/2797/1585 2580/2784/1585
f 2570/2785/1584 2582/2798/1584 2581/2799/1584 2569/2786/1584
f 2571/2787/1583 2583/2800/1583 2582/2798/1583 2570/2785/1583
f 2572/2788/1582 2584/2801/1582 2583/2800/1582 2571/2787/1582
f 2573/2789/1581 2585/2802/1581 2584/2801/1581 2572/2788/1581
f 2574/2790/1580 2586/2803/1580 2585/2802/1580 2573/2789/1580
f 2575/2791/1591 2587/2804/1591 2586/2803/1591 2574/2790/1591
f 2576/2792/1590 2588/2805/1590 2587/2804/1590 2575/2791/1590
f 2577/2793/1589 2589/2806/1589 2588/2805/1589 2576/2792/1589
f 2578/2794/1588 2590/2807/1588 2589/2806/1588 2577/2793/1588
f 2579/2795/1832 2591/2808/1832 2590/2807/1832 2578/2794/1832
f 2580/2784/1586 2592/2797/1586 2591/2808/1586 2579/2795/1586
f 2581/2796/1573 2593/2809/1573 2604/2810/1573 2592/2797/1573
f 2582/2798/1572 2594/2811/1572 2593/2812/1572 2581/2799/1572
f 2583/2800/1571 2595/2813/1571 2594/2811/1571 2582/2798/1571
f 2584/2801/1570 2596/2814/1570 2595/2813/1570 2583/2800/1570
f 2585/2802/1569 2597/2815/1569 2596/2814/1569 2584/2801/1569
f 2586/2803/1568 2598/2816/1568 2597/2815/1568 2585/2802/1568
f 2587/2804/1579 2599/2817/1579 2598/2816/1579 2586/2803/1579
f 2588/2805/1578 2600/2818/1578 2599/2817/1578 2587/2804/1578
f 2589/2806/1577 2601/2819/1577 2600/2818/1577 2588/2805/1577
f 2590/2807/1576 2602/2820/1576 2601/2819/1576 2589/2806/1576
f 2591/2808/1575 2603/2821/1575 2602/2820/1575 2590/2807/1575
f 2592/2797/1574 2604/2810/1574 2603/2821/1574 2591/2808/1574
f 2593/2809/1561 2605/2822/1561 2616/2823/1561 2604/2810/1561
f 2594/2811/1560 2606/2824/1560 2605/2825/1560 2593/2812/1560
f 2595/2813/1559 2607/2826/1559 2606/2824/1559 2594/2811/1559
f 2596/2814/1558 2608/2827/1558 2607/2826/1558 2595/2813/1558
f 2597/2815/1557 2609/2828/1557 2608/2827/1557 2596/2814/1557
f 2598/2816/1556 2610/2829/1556 2609/2828/1556 2597/2815/1556
f 2599/2817/1567 2611/2830/1567 2610/2829/1567 2598/2816/1567
f 2600/2818/1566 2612/2831/1566 2611/2830/1566 2599/2817/1566
f 2601/2819/1565 2613/2832/1565 2612/2831/1565 2600/2818/1565
f 2602/2820/1564 2614/2833/1564 2613/2832/1564 2601/2819/1564
f 2603/2821/1563 2615/2834/1563 2614/2833/1563 2602/2820/1563
f 2604/2810/1562 2616/2823/1562 2615/2834/1562 2603/2821/1562
f 2605/2822/1833 2617/2835/1833 2628/2836/1833 2616/2823/1833
f 2606/2824/1834 2618/2837/1834 2617/2838/1834 2605/2825/1834
f 2607/2826/1835 2619/2839/1835 2618/2837/1835 2606/2824/1835
f 2608/2827/1836 2620/2840/1836 2619/2839/1836 2607/2826/1836
f 2609/2828/1837 2621/2841/1837 2620/2840/1837 2608/2827/1837
f 2610/2829/1838 2622/2842/1838 2621/2841/1838 2609/2828/1838
f 2611/2830/1839 2623/2843/1839 2622/2842/1839 2610/2829/1839
f 2612/2831/1840 2624/2844/1840 2623/2843/1840 2611/2830/1840
f 2613/2832/1841 2625/2845/1841 2624/2844/1841 2612/2831/1841
f 2614/2833/1842 2626/2846/1842 2625/2845/1842 2613/2832/1842
f 2615/2834/1843 2627/2847/1843 2626/2846/1843 2614/2833/1843
f 2616/2823/1844 2628/2836/1844 2627/2847/1844 2615/2834/1844
f 2617/2835/1845 2629/2848/1845 2640/2849/1845 2628/2836/1845
f 2618/2837/1846 2630/2850/1846 2629/2851/1846 2617/2838/1846
f 2619/2839/1847 2631/2852/1847 2630/2850/1847 2618/2837/1847
f 2620/2840/1848 2632/2853/1848 2631/2852/1848 2619/2839/1848
f 2621/2841/1849 2633/2854/1849 2632/2853/1849 2620/2840/1849
f 2622/2842/1850 2634/2855/1850 2633/2854/1850 2621/2841/1850
f 2623/2843/1851 2635/2856/1851 2634/2855/1851 2622/2842/1851
f 2624/2844/1852 2636/2857/1852 2635/2856/1852 2623/2843/1852
f 2625/2845/1853 2637/2858/1853 2636/2857/1853 2624/2844/1853
f 2626/2846/1854 2638/2859/1854 2637/2858/1854 2625/2845/1854
f 2627/2847/1855 2639/2860/1855 2638/2859/1855 2626/2846/1855
f 2628/2836/1856 2640/2849/1856 2639/2860/1856 2627/2847/1856
f 2629/2848/1857 2641/2861/1857 2652/2862/1857 2640/2849/1857
f 2630/2850/1858 2642/2863/1858 2641/2864/1858 2629/2851/1858
f 2631/2852/1859 2643/2865/1859 2642/2863/1859 2630/2850/1859
f 2632/2853/1860 2644/2866/1860 2643/2865/1860 2631/2852/1860
f 2633/2854/1861 2645/2867/1861 2644/2866/1861 2632/2853/1861
f 2634/2855/1862 2646/2868/1862 2645/2867/1862 2633/2854/1862
f 2635/2856/1863 2647/2869/1863 2646/2868/1863 2634/2855/1863
f 2636/2857/1864 2648/2870/1864 2647/2869/1864 2635/2856/1864
f 2637/2858/1865 2649/2871/1865 2648/2870/1865 2636/2857/1865
f 2638/2859/1866 2650/2872/1866 2649/2871/1866 2637/2858/1866
f 2639/2860/1867 2651/2873/1867 2650/2872/1867 2638/2859/1867
f 2640/2849/1868 2652/2862/1868 2651/2873/1868 2639/2860/1868
f 2641/2861/1869 2653/2874/1869 2664/2875/1869 2652/2862/1869
f 2642/2863/1870 2654/2876/1870 2653/2877/1870 2641/2864/1870
f 2643/2865/1871 2655/2878/1871 2654/2876/1871 2642/2863/1871
f 2644/2866/1872 2656/2879/1872 2655/2878/1872 2643/2865/1872
f 2645/2867/1873 2657/2880/1873 2656/2879/1873 2644/2866/1873
f 2646/2868/1874 2658/2881/1874 2657/2880/1874 2645/2867/1874
f 2647/2869/1875 2659/2882/1875 2658/2881/1875 2646/2868/1875
f 2648/2870/1876 2660/2883/1876 2659/2882/1876 2647/2869/1876
f 2649/2871/1877 2661/2884/1877 2660/2883/1877 2648/2870/1877
f 2650/2872/1878 2662/2885/1878 2661/2884/1878 2649/2871/1878
f 2651/2873/1879 2663/2886/1879 2662/2885/1879 2650/2872/1879
f 2652/2862/1880 2664/2875/1880 2663/2886/1880 2651/2873/1880
f 2653/2874/1881 2665/2887/1881 2676/2888/1881 2664/2875/1881
f 2654/2876/1882 2666/2889/1882 2665/2890/1882 2653/2877/1882
f 2655/2878/1883 2667/2891/1883 2666/2889/1883 2654/2876/1883
f 2656/2879/1884 2668/2892/1884 2667/2891/1884 2655/2878/1884
f 2657/2880/1885 2669/2893/1885 2668/2892/1885 2656/2879/1885
f 2658/2881/1886 2670/2894/1886 2669/2893/1886 2657/2880/1886
f 2659/2882/1887 2671/2895/1887 2670/2894/1887 2658/2881/1887
f 2660/2883/1888 2672/2896/1888 2671/2895/1888 2659/2882/1888
f 2661/2884/1889 2673/2897/1889 2672/2896/1889 2660/2883/1889
f 2662/2885/1890 2674/2898/1890 2673/2897/1890 2661/2884/1890
f 2663/2886/1891 2675/2899/1891 2674/2898/1891 2662/2885/1891
f 2664/2875/1892 2676/2888/1892 2675/2899/1892 2663/2886/1892
f 2665/2887/1893 2677/2900/1893 2688/2901/1893 2676/2888/1893
f 2666/2889/1894 2678/2902/1894 2677/2903/1894 2665/2890/1894
f 2667/2891/1895 2679/2904/1895 2678/2902/1895 2666/2889/1895
f 2668/2892/1896 2680/2905/1896 2679/2904/1896 2667/2891/1896
f 2669/2893/1897 2681/2906/1897 2680/2905/1897 2668/2892/1897
f 2670/2894/1898 2682/2907/1898 2681/2906/1898 2669/2893/1898
f 2671/2895/1899 2683/2908/1899 2682/2907/1899 2670/2894/1899
f 2672/2896/1900 2684/2909/1900 2683/2908/1900 2671/2895/1900
f 2673/2897/1901 2685/2910/1901 2684/2909/1901 2672/2896/1901
f 2674/2898/1902 2686/2911/1902 2685/2910/1902 2673/2897/1902
f 2675/2899/1903 2687/2912/1903 2686/2911/1903 2674/2898/1903
f 2676/2888/1904 2688/2901/1904 2687/2912/1904 2675/2899/1904
f 2677/2900/1905 2689/2913/1905 2700/2914/1905 2688/2901/1905
f 2678/2902/1906 2690/2915/1906 2689/2916/1906 2677/2903/1906
f 2679/2904/1907 2691/2917/1907 2690/2915/1907 2678/2902/1907
f 2680/2905/1908 2692/2918/1908 2691/2917/1908 2679/2904/1908
f 2681/2906/1909 2693/2919/1909 2692/2918/1909 2680/2905/1909
f 2682/2907/1910 2694/2920/1910 2693/2919/1910 2681/2906/1910
f 2683/2908/1911 2695/2921/1911 2694/2920/1911 2682/2907/1911
f 2684/2909/1912 2696/2922/1912 2695/2921/1912 2683/2908/1912
f 2685/2910/1913 2697/2923/1913 2696/2922/1913 2684/2909/1913
f 2686/2911/1914 2698/2924/1914 2697/2923/1914 2685/2910/1914
f 2687/2912/1915 2699/2925/1915 2698/2924/1915 2686/2911/1915
f 2688/2901/1916 2700/2914/1916 2699/2925/1916 2687/2912/1916
f 2701/2926/1917 2713/2927/1917 2724/2928/1917 2712/2929/1917
f 2702/2930/1918 2714/2931/1918 2713/2932/1918 2701/2933/1918
f 2703/2934/1919 2715/2935/1919 2714/2931/1919 2702/2930/1919
f 2704/2936/1920 2716/2937/1920 2715/2935/1920 2703/2934/1920
f 2705/2938/1921 2717/2939/1921 2716/2937/1921 2704/2936/1921
f 2706/2940/1922 2718/2941/1922 2717/2939/1922 2705/2938/1922
f 2707/2942/1923 2719/2943/1923 2718/2941/1923 2706/2940/1923
f 2708/2944/1924 2720/2945/1924 2719/2943/1924 2707/2942/1924
f 2709/2946/1925 2721/2947/1925 2720/2945/1925 2708/2944/1925
f 2710/2948/1926 2722/2949/1926 2721/2947/1926 2709/2946/1926
f 2711/2950/1927 2723/2951/1927 2722/2949/1927 2710/2948/1927
f 2712/2929/1928 2724/2928/1928 2723/2951/1928 2711/2950/1928
f 2713/2927/1929 2725/2952/1929 2736/2953/1929 2724/2928/1929
f 2714/2931/1930 2726/2954/1930 2725/2955/1930 2713/2932/1930
f 2715/2935/1931 2727/2956/1931 2726/2954/1931 2714/2931/1931
f 2716/2937/1932 2728/2957/1932 2727/2956/1932 2715/2935/1932
f 2717/2939/1933 2729/2958/1933 2728/2957/1933 2716/2937/1933
f 2718/2941/1934 2730/2959/1934 2729/2958/1934 2717/2939/1934
f 2719/2943/1935 2731/2960/1935 2730/2959/1935 2718/2941/1935
f 2720/2945/1936 2732/2961/1936 2731/2960/1936 2719/2943/1936
f 2721/2947/1937 2733/2962/1937 2732/2961/1937 2720/2945/1937
f 2722/2949/1938 2734/2963/1938 2733/2962/1938 2721/2947/1938
f 2723/2951/1939 2735/2964/1939 2734/2963/1939 2722/2949/1939
f 2724/2928/1940 2736/2953/1940 2735/2964/1940 2723/2951/1940
f 2725/2952/1941 2737/2965/1941 2748/2966/1941 2736/2953/1941
f 2726/2954/1942 2738/2967/1942 2737/2968/1942 2725/2955/1942
f 2727/2956/1943 2739/2969/1943 2738/2967/1943 2726/2954/1943
f 2728/2957/1944 2740/2970/1944 2739/2969/1944 2727/2956/1944
f 2729/2958/1945 2741/2971/1945 2740/2970/1945 2728/2957/1945
f 2730/2959/1946 2742/2972/1946 2741/2971/1946 2729/2958/1946
f 2731/2960/1947 2743/2973/1947 2742/2972/1947 2730/2959/1947
f 2732/2961/1948 2744/2974/1948 2743/2973/1948 2731/2960/1948
f 2733/2962/1949 2745/2975/1949 2744/2974/1949 2732/2961/1949
f 2734/2963/1950 2746/2976/1950 2745/2975/1950 2733/2962/1950
f 2735/2964/1951 2747/2977/1951 2746/2976/1951 2734/2963/1951
f 2736/2953/1952 2748/2966/1952 2747/2977/1952 2735/2964/1952
f 2737/2965/1953 2749/2978/1953 2760/2979/1953 2748/2966/1953
f 2738/2967/1954 2750/2980/1954 2749/2981/1954 2737/2968/1954
f 2739/2969/1955 2751/2982/1955 2750/2980/1955 2738/2967/1955
f 2740/2970/1956 2752/2983/1956 2751/2982/1956 2739/2969/1956
f 2741/2971/1957 2753/2984/1957 2752/2983/1957 2740/2970/1957
f 2742/2972/1958 2754/2985/1958 2753/2984/1958 2741/2971/1958
f 2743/2973/1959 2755/2986/1959 2754/2985/1959 2742/2972/1959
f 2744/2974/1960 2756/2987/1960 2755/2986/1960 2743/2973/1960
f 2745/2975/1961 2757/2988/1961 2756/2987/1961 2744/2974/1961
f 2746/2976/1962 2758/2989/1962 2757/2988/1962 2745/2975/1962
f 2747/2977/1963 2759/2990/1963 2758/2989/1963 2746/2976/1963
f 2748/2966/1964 2760/2979/1964 2759/2990/1964 2747/2977/1964
f 2749/2978/1965 2761/2991/1965 2772/2992/1965 2760/2979/1965
f 2750/2980/1966 2762/2993/1966 2761/2994/1966 2749/2981/1966
f 2751/2982/1967 2763/2995/1967 2762/2993/1967 2750/2980/1967
f 2752/2983/1968 2764/2996/1968 2763/2995/1968 2751/2982/1968
f 2753/2984/1969 2765/2997/1969 2764/2996/1969 2752/2983/1969
f 2754/2985/1970 2766/2998/1970 2765/2997/1970 2753/2984/1970
f 2755/2986/1971 2767/2999/1971 2766/2998/1971 2754/2985/1971
f 2756/2987/1972 2768/3000/1972 2767/2999/1972 2755/2986/1972
f 2757/2988/1973 2769/3001/1973 2768/3000/1973 2756/2987/1973
f 2758/2989/1974 2770/3002/1974 2769/3001/1974 2757/2988/1974
f 2759/2990/1975 2771/3003/1975 2770/3002/1975 2758/2989/1975
f 2760/2979/1976 2772/2992/1976 2771/3003/1976 2759/2990/1976
f 2761/2991/1977 2773/3004/1977 2784/3005/1977 2772/2992/1977
f 2762/2993/1978 2774/3006/1978 2773/3007/1978 2761/2994/1978
f 2763/2995/1979 2775/3008/1979 2774/3006/1979 2762/2993/1979
f 2764/2996/1980 2776/3009/1980 2775/3008/1980 2763/2995/1980
f 2765/2997/1981 2777/3010/1981 2776/3009/1981 2764/2996/1981
f 2766/2998/1982 2778/3011/1982 2777/3010/1982 2765/2997/1982
f 2767/2999/1983 2779/3012/1983 2778/3011/1983 2766/2998/1983
f 2768/3000/1984 2780/3013/1984 2779/3012/1984 2767/2999/1984
f 2769/3001/1985 2781/3014/1985 2780/3013/1985 2768/3000/1985
f 2770/3002/1986 2782/3015/1986 2781/3014/1986 2769/3001/1986
f 2771/3003/1987 2783/3016/1987 2782/3015/1987 2770/3002/1987
f 2772/2992/1988 2784/3005/1988 2783/3016/1988 2771/3003/1988
f 2773/3004/1989 2785/3017/1989 2796/3018/1989 2784/3005/1989
f 2774/3006/1990 2786/3019/1990 2785/3020/1990 2773/3007/1990
f 2775/3008/1991 2787/3021/1991 2786/3019/1991 2774/3006/1991
f 2776/3009/1992 2788/3022/1992 2787/3021/1992 2775/3008/1992
f 2777/3010/1993 2789/3023/1993 2788/3022/1993 2776/3009/1993
f 2778/3011/1994 2790/3024/1994 2789/3023/1994 2777/3010/1994
f 2779/3012/1995 2791/3025/1995 2790/3024/1995 2778/3011/1995
f 2780/3013/1996 2792/3026/1996 2791/3025/1996 2779/3012/1996
f 2781/3014/1997 2793/3027/1997 2792/3026/1997 2780/3013/1997
f 2782/3015/1998 2794/3028/1998 2793/3027/1998 2781/3014/1998
f 2783/3016/1999 2795/3029/1999 2794/3028/1999 2782/3015/1999
f 2784/3005/2000 2796/3018/2000 2795/3029/2000 2783/3016/2000
f 2785/3017/2001 2797/3030/2001 2808/3031/2001 2796/3018/2001
f 2786/3019/2002 2798/3032/2002 2797/3033/2002 2785/3020/2002
f 2787/3021/2003 2799/3034/2003 2798/3032/2003 2786/3019/2003
f 2788/3022/2004 2800/3035/2004 2799/3034/2004 2787/3021/2004
f 2789/3023/2005 2801/3036/2005 2800/3035/2005 2788/3022/2005
f 2790/3024/2006 2802/3037/2006 2801/3036/2006 2789/3023/2006
f 2791/3025/2007 2803/3038/2007 2802/3037/2007 2790/3024/2007
f 2792/3026/2008 2804/3039/2008 2803/3038/2008 2791/3025/2008
f 2793/3027/2009 2805/3040/2009 2804/3039/2009 2792/3026/2009
f 2794/3028/2010 2806/3041/2010 2805/3040/2010 2793/3027/2010
f 2795/3029/2011 2807/3042/2011 2806/3041/2011 2794/3028/2011
f 2796/3018/2012 2808/3031/2012 2807/3042/2012 2795/3029/2012
f 2797/3030/2013 2809/3043/2013 2820/3044/2013 2808/3031/2013
f 2798/3032/2014 2810/3045/2014 2809/3046/2014 2797/3033/2014
f 2799/3034/2015 2811/3047/2015 2810/3045/2015 2798/3032/2015
f 2800/3035/2016 2812/3048/2016 2811/3047/2016 2799/3034/2016
f 2801/3036/2017 2813/3049/2017 2812/3048/2017 2800/3035/2017
f 2802/3037/2018 2814/3050/2018 2813/3049/2018 2801/3036/2018
f 2803/3038/2019 2815/3051/2019 2814/3050/2019 2802/3037/2019
f 2804/3039/2020 2816/3052/2020 2815/3051/2020 2803/3038/2020
f 2805/3040/2021 2817/3053/2021 2816/3052/2021 2804/3039/2021
f 2806/3041/2022 2818/3054/2022 2817/3053/2022 2805/3040/2022
f 2807/3042/2023 2819/3055/2023 2818/3054/2023 2806/3041/2023
f 2808/3031/2024 2820/3044/2024 2819/3055/2024 2807/3042/2024
f 2809/3043/2025 2821/3056/2025 2832/3057/2025 2820/3044/2025
f 2810/3045/2026 2822/3058/2026 2821/3059/2026 2809/3046/2026
f 2811/3047/2027 2823/3060/2027 2822/3058/2027 2810/3045/2027
f 2812/3048/2028 2824/3061/2028 2823/3060/2028 2811/3047/2028
f 2813/3049/2029 2825/3062/2029 2824/3061/2029 2812/3048/2029
f 2814/3050/2030 2826/3063/2030 2825/3062/2030 2813/3049/2030
f 2815/3051/2031 2827/3064/2031 2826/3063/2031 2814/3050/2031
f 2816/3052/2032 2828/3065/2032 2827/3064/2032 2815/3051/2032
f 2817/3053/2033 2829/3066/2033 2828/3065/2033 2816/3052/2033
f 2818/3054/2034 2830/3067/2034 2829/3066/2034 2817/3053/2034
f 2819/3055/2035 2831/3068/2035 2830/3067/2035 2818/3054/2035
f 2820/3044/2036 2832/3057/2036 2831/3068/2036 2819/3055/2036
f 2821/3056/2037 2833/3069/2037 2844/3070/2037 2832/3057/2037
f 2822/3058/2038 2834/3071/2038 2833/3072/2038 2821/3059/2038
f 2823/3060/2039 2835/3073/2039 2834/3071/2039 2822/3058/2039
f 2824/3061/2040 2836/3074/2040 2835/3073/2040 2823/3060/2040
f 2825/3062/2041 2837/3075/2041 2836/3074/2041 2824/3061/2041
f 2826/3063/2042 2838/3076/2042 2837/3075/2042 2825/3062/2042
f 2827/3064/2043 2839/3077/2043 2838/3076/2043 2826/3063/2043
f 2828/3065/2044 2840/3078/2044 2839/3077/2044 2827/3064/2044
f 2829/3066/2045 2841/3079/2045 2840/3078/2045 2828/3065/2045
f 2830/3067/2046 2842/3080/2046 2841/3079/2046 2829/3066/2046
f 2831/3068/2047 2843/3081/2047 2842/3080/2047 2830/3067/2047
f 2832/3057/2048 2844/3070/2048 2843/3081/2048 2831/3068/2048
f 2833/3069/2049 2845/3082/2049 2856/3083/2049 2844/3070/2049
f 2834/3071/2050 2846/3084/2050 2845/3085/2050 2833/3072/2050
f 2835/3073/2051 2847/3086/2051 2846/3084/2051 2834/3071/2051
f 2836/3074/2052 2848/3087/2052 2847/3086/2052 2835/3073/2052
f 2837/3075/2053 2849/3088/2053 2848/3087/2053 2836/3074/2053
f 2838/3076/2054 2850/3089/2054 2849/3088/2054 2837/3075/2054
f 2839/3077/2055 2851/3090/2055 2850/3089/2055 2838/3076/2055
f 2840/3078/2056 2852/3091/2056 2851/3090/2056 2839/3077/2056
f 2841/3079/2057 2853/3092/2057 2852/3091/2057 2840/3078/2057
f 2842/3080/2058 2854/3093/2058 2853/3092/2058 2841/3079/2058
f 2843/3081/2059 2855/3094/2059 2854/3093/2059 2842/3080/2059
f 2844/3070/2060 2856/3083/2060 2855/3094/2060 2843/3081/2060
f 2857/3095/2061 2869/3096/2061 2880/3097/2061 2868/3098/2061
f 2858/3099/2062 2870/3100/2062 2869/3101/2062 2857/3102/2062
f 2859/3103/2063 2871/3104/2063 2870/3100/2063 2858/3099/2063
f 2860/3105/2064 2872/3106/2064 2871/3104/2064 2859/3103/2064
f 2861/3107/2065 2873/3108/2065 2872/3106/2065 2860/3105/2065
f 2862/3109/2066 2874/3110/2066 2873/3108/2066 2861/3107/2066
f 2863/3111/2067 2875/3112/2067 2874/3110/2067 2862/3109/2067
f 2864/3113/2068 2876/3114/2068 2875/3112/2068 2863/3111/2068
f 2865/3115/2069 2877/3116/2069 2876/3114/2069 2864/3113/2069
f 2866/3117/2070 2878/3118/2070 2877/3116/2070 2865/3115/2070
f 2867/3119/2071 2879/3120/2071 2878/3118/2071 2866/3117/2071
f 2868/3098/2072 2880/3097/2072 2879/3120/2072 2867/3119/2072
f 2869/3096/2073 2881/3121/2073 2892/3122/2073 2880/3097/2073
f 2870/3100/2074 2882/3123/2074 2881/3124/2074 2869/3101/2074
f 2871/3104/2075 2883/3125/2075 2882/3123/2075 2870/3100/2075
f 2872/3106/2076 2884/3126/2076 2883/3125/2076 2871/3104/2076
f 2873/3108/2077 2885/3127/2077 2884/3126/2077 2872/3106/2077
f 2874/3110/2078 2886/3128/2078 2885/3127/2078 2873/3108/2078
f 2875/3112/2079 2887/3129/2079 2886/3128/2079 2874/3110/2079
f 2876/3114/2080 2888/3130/2080 2887/3129/2080 2875/3112/2080
f 2877/3116/2081 2889/3131/2081 2888/3130/2081 2876/3114/2081
f 2878/3118/2082 2890/3132/2082 2889/3131/2082 2877/3116/2082
f 2879/3120/2083 2891/3133/2083 2890/3132/2083 2878/3118/2083
f 2880/3097/2084 2892/3122/2084 2891/3133/2084 2879/3120/2084
f 2881/3121/2085 2893/3134/2085 2904/3135/2085 2892/3122/2085
f 2882/3123/2086 2894/3136/2086 2893/3137/2086 2881/3124/2086
f 2883/3125/2087 2895/3138/2087 2894/3136/2087 2882/3123/2087
f 2884/3126/2088 2896/3139/2088 2895/3138/2088 2883/3125/2088
f 2885/3127/2089 2897/3140/2089 2896/3139/2089 2884/3126/2089
f 2886/3128/2090 2898/3141/2090 2897/3140/2090 2885/3127/2090
f 2887/3129/2091 2899/3142/2091 2898/3141/2091 2886/3128/2091
f 2888/3130/2092 2900/3143/2092 2899/3142/2092 2887/3129/2092
f 2889/3131/2093 2901/3144/2093 2900/3143/2093 2888/3130/2093
f 2890/3132/2094 2902/3145/2094 2901/3144/2094 2889/3131/2094
f 2891/3133/2095 2903/3146/2095 2902/3145/2095 2890/3132/2095
f 2892/3122/2096 2904/3135/2096 2903/3146/2096 2891/3133/2096
f 2893/3134/2097 2905/3147/2097 2916/3148/2097 2904/3135/2097
f 2894/3136/2098 2906/3149/2098 2905/3150/2098 2893/3137/2098
f 2895/3138/2099 2907/3151/2099 2906/3149/2099 2894/3136/2099
f 2896/3139/2100 2908/3152/2100 2907/3151/2100 2895/3138/2100
f 2897/3140/2101 2909/3153/2101 2908/3152/2101 2896/3139/2101
f 2898/3141/2102 2910/3154/2102 2909/3153/2102 2897/3140/2102
f 2899/3142/2103 2911/3155/2103 2910/3154/2103 2898/3141/2103
f 2900/3143/2104 2912/3156/2104 2911/3155/2104 2899/3142/2104
f 2901/3144/2105 2913/3157/2105 2912/3156/2105 2900/3143/2105
f 2902/3145/2106 2914/3158/2106 2913/3157/2106 2901/3144/2106
f 2903/3146/2107 2915/3159/2107 2914/3158/2107 2902/3145/2107
f 2904/3135/2108 2916/3148/2108 2915/3159/2108 2903/3146/2108
f 2905/3147/2109 2917/3160/2109 2928/3161/2109 2916/3148/2109
f 2906/3149/2110 2918/3162/2110 2917/3163/2110 2905/3150/2110
f 2907/3151/2111 2919/3164/2111 2918/3162/2111 2906/3149/2111
f 2908/3152/2112 2920/3165/2112 2919/3164/2112 2907/3151/2112
f 2909/3153/2113 2921/3166/2113 2920/3165/2113 2908/3152/2113
f 2910/3154/2114 2922/3167/2114 2921/3166/2114 2909/3153/2114
f 2911/3155/2115 2923/3168/2115 2922/3167/2115 2910/3154/2115
f 2912/3156/2116 2924/3169/2116 2923/3168/2116 2911/3155/2116
f 2913/3157/2117 2925/3170/2117 2924/3169/2117 2912/3156/2117
f 2914/3158/2118 2926/3171/2118 2925/3170/2118 2913/3157/2118
f 2915/3159/2119 2927/3172/2119 2926/3171/2119 2914/3158/2119
f 2916/3148/2120 2928/3161/2120 2927/3172/2120 2915/3159/2120
f 2917/3160/2121 2929/3173/2121 2940/3174/2121 2928/3161/2121
f 2918/3162/2122 2930/3175/2122 2929/3176/2122 2917/3163/2122
f 2919/3164/2123 2931/3177/2123 2930/3175/2123 2918/3162/2123
f 2920/3165/2124 2932/3178/2124 2931/3177/2124 2919/3164/2124
f 2921/3166/2125 2933/3179/2125 2932/3178/2125 2920/3165/2125
f 2922/3167/2126 2934/3180/2126 2933/3179/2126 2921/3166/2126
f 2923/3168/2127 2935/3181/2127 2934/3180/2127 2922/3167/2127
f 2924/3169/2128 2936/3182/2128 2935/3181/2128 2923/3168/2128
f 2925/3170/2129 2937/3183/2129 2936/3182/2129 2924/3169/2129
f 2926/3171/2130 2938/3184/2130 2937/3183/2130 2925/3170/2130
f 2927/3172/2131 2939/3185/2131 2938/3184/2131 2926/3171/2131
f 2928/3161/2132 2940/3174/2132 2939/3185/2132 2927/3172/2132
f 2929/3173/2133 2941/3186/2133 2952/3187/2133 2940/3174/2133
f 2930/3175/2134 2942/3188/2134 2941/3189/2134 2929/3176/2134
f 2931/3177/2135 2943/3190/2135 2942/3188/2135 2930/3175/2135
f 2932/3178/2136 2944/3191/2136 2943/3190/2136 2931/3177/2136
f 2933/3179/2137 2945/3192/2137 2944/3191/2137 2932/3178/2137
f 2934/3180/2138 2946/3193/2138 2945/3192/2138 2933/3179/2138
f 2935/3181/2139 2947/3194/2139 2946/3193/2139 2934/3180/2139
f 2936/3182/2140 2948/3195/2140 2947/3194/2140 2935/3181/2140
f 2937/3183/2141 2949/3196/2141 2948/3195/2141 2936/3182/2141
f 2938/3184/2142 2950/3197/2142 2949/3196/2142 2937/3183/2142
f 2939/3185/2143 2951/3198/2143 2950/3197/2143 2938/3184/2143
f 2940/3174/2144 2952/3187/2144 2951/3198/2144 2939/3185/2144
f 2941/3186/2145 2953/3199/2145 2964/3200/2145 2952/3187/2145
f 2942/3188/2146 2954/3201/2146 2953/3202/2146 2941/3189/2146
f 2943/3190/2147 2955/3203/2147 2954/3201/2147 2942/3188/2147
f 2944/3191/2148 2956/3204/2148 2955/3203/2148 2943/3190/2148
f 2945/3192/2149 2957/3205/2149 2956/3204/2149 2944/3191/2149
f 2946/3193/2150 2958/3206/2150 2957/3205/2150 2945/3192/2150
f 2947/3194/2151 2959/3207/2151 2958/3206/2151 2946/3193/2151
f 2948/3195/2152 2960/3208/2152 2959/3207/2152 2947/3194/2152
f 2949/3196/2153 2961/3209/2153 2960/3208/2153 2948/3195/2153
f 2950/3197/2154 2962/3210/2154 2961/3209/2154 2949/3196/2154
f 2951/3198/2155 2963/3211/2155 2962/3210/2155 2950/3197/2155
f 2952/3187/2156 2964/3200/2156 2963/3211/2156 2951/3198/2156
f 2953/3199/2157 2965/3212/2157 2976/3213/2157 2964/3200/2157
f 2954/3201/2158 2966/3214/2158 2965/3215/2158 2953/3202/2158
f 2955/3203/2159 2967/3216/2159 2966/3214/2159 2954/3201/2159
f 2956/3204/2160 2968/3217/2160 2967/3216/2160 2955/3203/2160
f 2957/3205/2161 2969/3218/2161 2968/3217/2161 2956/3204/2161
f 2958/3206/2162 2970/3219/2162 2969/3218/2162 2957/3205/2162
f 2959/3207/2163 2971/3220/2163 2970/3219/2163 2958/3206/2163
f 2960/3208/2164 2972/3221/2164 2971/3220/2164 2959/3207/2164
f 2961/3209/2165 2973/3222/2165 2972/3221/2165 2960/3208/2165
f 2962/3210/2166 2974/3223/2166 2973/3222/2166 2961/3209/2166
f 2963/3211/2167 2975/3224/2167 2974/3223/2167 2962/3210/2167
f 2964/3200/2168 2976/3213/2168 2975/3224/2168 2963/3211/2168
f 2965/3212/2169 2977/3225/2169 2988/3226/2169 2976/3213/2169
f 2966/3214/2170 2978/3227/2170 2977/3228/2170 2965/3215/2170
f 2967/3216/2171 2979/3229/2171 2978/3227/2171 2966/3214/2171
f 2968/3217/2172 2980/3230/2172 2979/3229/2172 2967/3216/2172
f 2969/3218/2173 2981/3231/2173 2980/3230/2173 2968/3217/2173
f 2970/3219/2174 2982/3232/2174 2981/3231/2174 2969/3218/2174
f 2971/3220/2175 2983/3233/2175 2982/3232/2175 2970/3219/2175
f 2972/3221/2176 2984/3234/2176 2983/3233/2176 2971/3220/2176
f 2973/3222/2177 2985/3235/2177 2984/3234/2177 2972/3221/2177
f 2974/3223/2178 2986/3236/2178 2985/3235/2178 2973/3222/2178
f 2975/3224/2179 2987/3237/2179 2986/3236/2179 2974/3223/2179
f 2976/3213/2180 2988/3226/2180 2987/3237/2180 2975/3224/2180
f 2977/3225/2181 2989/3238/2181 3000/3239/2181 2988/3226/2181
f 2978/3227/2182 2990/3240/2182 2989/3241/2182 2977/3228/2182
f 2979/3229/2183 2991/3242/2183 2990/3240/2183 2978/3227/2183
f 2980/3230/2184 2992/3243/2184 2991/3242/2184 2979/3229/2184
f 2981/3231/2185 2993/3244/2185 2992/3243/2185 2980/3230/2185
f 2982/3232/2186 2994/3245/2186 2993/3244/2186 2981/3231/2186
f 2983/3233/2187 2995/3246/2187 2994/3245/2187 2982/3232/2187
f 2984/3234/2188 2996/3247/2188 2995/3246/2188 2983/3233/2188
f 2985/3235/2189 2997/3248/2189 2996/3247/2189 2984/3234/2189
f 2986/3236/2190 2998/3249/2190 2997/3248/2190 2985/3235/2190
f 2987/3237/2191 2999/3250/2191 2998/3249/2191 2986/3236/2191
f 2988/3226/2192 3000/3239/2192 2999/3250/2192 2987/3237/2192
f 2989/3238/2193 3001/3251/2193 3012/3252/2193 3000/3239/2193
f 2990/3240/2194 3002/3253/2194 3001/3254/2194 2989/3241/2194
f 2991/3242/2195 3003/3255/2195 3002/3253/2195 2990/3240/2195
f 2992/3243/2196 3004/3256/2196 3003/3255/2196 2991/3242/2196
f 2993/3244/2197 3005/3257/2197 3004/3256/2197 2992/3243/2197
f 2994/3245/2198 3006/3258/2198 3005/3257/2198 2993/3244/2198
f 2995/3246/2199 3007/3259/2199 3006/3258/2199 2994/3245/2199
f 2996/3247/2200 3008/3260/2200 3007/3259/2200 2995/3246/2200
f 2997/3248/2201 3009/3261/2201 3008/3260/2201 2996/3247/2201
f 2998/3249/2202 3010/3262/2202 3009/3261/2202 2997/3248/2202
f 2999/3250/2203 3011/3263/2203 3010/3262/2203 2998/3249/2203
f 3000/3239/2204 3012/3252/2204 3011/3263/2204 2999/3250/2204
f 3013/3264/2205 3025/3265/2205 3036/3266/2205 3024/3267/2205
f 3014/3268/2206 3026/3269/2206 3025/3270/2206 3013/3271/2206
f 3015/3272/2207 3027/3273/2207 3026/3269/2207 3014/3268/2207
f 3016/3274/2208 3028/3275/2208 3027/3273/2208 3015/3272/2208
f 3017/3276/2209 3029/3277/2209 3028/3275/2209 3016/3274/2209
f 3018/3278/2210 3030/3279/2210 3029/3277/2210 3017/3276/2210
f 3019/3280/2211 3031/3281/2211 3030/3279/2211 3018/3278/2211
f 3020/3282/2212 3032/3283/2212 3031/3281/2212 3019/3280/2212
f 3021/3284/2213 3033/3285/2213 3032/3283/2213 3020/3282/2213
f 3022/3286/2214 3034/3287/2214 3033/3285/2214 3021/3284/2214
f 3023/3288/2215 3035/3289/2215 3034/3287/2215 3022/3286/2215
f 3024/3267/2216 3036/3266/2216 3035/3289/2216 3023/3288/2216
f 3025/3265/2217 3037/3290/2217 3048/3291/2217 3036/3266/2217
f 3026/3269/2218 3038/3292/2218 3037/3293/2218 3025/3270/2218
f 3027/3273/1932 3039/3294/1932 3038/3292/1932 3026/3269/1932
f 3028/3275/1931 3040/3295/1931 3039/3294/1931 3027/3273/1931
f 3029/3277/2219 3041/3296/2219 3040/3295/2219 3028/3275/2219
f 3030/3279/2220 3042/3297/2220 3041/3296/2220 3029/3277/2220
f 3031/3281/2221 3043/3298/2221 3042/3297/2221 3030/3279/2221
f 3032/3283/2222 3044/3299/2222 3043/3298/2222 3031/3281/2222
f 3033/3285/1938 3045/3300/1938 3044/3299/1938 3032/3283/1938
f 3034/3287/1937 3046/3301/1937 3045/3300/1937 3033/3285/1937
f 3035/3289/2223 3047/3302/2223 3046/3301/2223 3034/3287/2223
f 3036/3266/2224 3048/3291/2224 3047/3302/2224 3035/3289/2224
f 3037/3290/2225 3049/3303/2225 3060/3304/2225 3048/3291/2225
f 3038/3292/2226 3050/3305/2226 3049/3306/2226 3037/3293/2226
f 3039/3294/1944 3051/3307/1944 3050/3305/1944 3038/3292/1944
f 3040/3295/1943 3052/3308/1943 3051/3307/1943 3039/3294/1943
f 3041/3296/2227 3053/3309/2227 3052/3308/2227 3040/3295/2227
f 3042/3297/2228 3054/3310/2228 3053/3309/2228 3041/3296/2228
f 3043/3298/2229 3055/3311/2229 3054/3310/2229 3042/3297/2229
f 3044/3299/2230 3056/3312/2230 3055/3311/2230 3043/3298/2230
f 3045/3300/1950 3057/3313/1950 3056/3312/1950 3044/3299/1950
f 3046/3301/1949 3058/3314/1949 3057/3313/1949 3045/3300/1949
f 3047/3302/2231 3059/3315/2231 3058/3314/2231 3046/3301/2231
f 3048/3291/2232 3060/3304/2232 3059/3315/2232 3047/3302/2232
f 3049/3303/2233 3061/3316/2233 3072/3317/2233 3060/3304/2233
f 3050/3305/2234 3062/3318/2234 3061/3319/2234 3049/3306/2234
f 3051/3307/1956 3063/3320/1956 3062/3318/1956 3050/3305/1956
f 3052/3308/1955 3064/3321/1955 3063/3320/1955 3051/3307/1955
f 3053/3309/2235 3065/3322/2235 3064/3321/2235 3052/3308/2235
f 3054/3310/2236 3066/3323/2236 3065/3322/2236 3053/3309/2236
f 3055/3311/2237 3067/3324/2237 3066/3323/2237 3054/3310/2237
f 3056/3312/2238 3068/3325/2238 3067/3324/2238 3055/3311/2238
f 3057/3313/1962 3069/3326/1962 3068/3325/1962 3056/3312/1962
f 3058/3314/1961 3070/3327/1961 3069/3326/1961 3057/3313/1961
f 3059/3315/2239 3071/3328/2239 3070/3327/2239 3058/3314/2239
f 3060/3304/2240 3072/3317/2240 3071/3328/2240 3059/3315/2240
f 3061/3316/2241 3073/3329/2241 3084/3330/2241 3072/3317/2241
f 3062/3318/2242 3074/3331/2242 3073/3332/2242 3061/3319/2242
f 3063/3320/2243 3075/3333/2243 3074/3331/2243 3062/3318/2243
f 3064/3321/2244 3076/3334/2244 3075/3333/2244 3063/3320/2244
f 3065/3322/2245 3077/3335/2245 3076/3334/2245 3064/3321/2245
f 3066/3323/2246 3078/3336/2246 3077/3335/2246 3065/3322/2246
f 3067/3324/2247 3079/3337/2247 3078/3336/2247 3066/3323/2247
f 3068/3325/2248 3080/3338/2248 3079/3337/2248 3067/3324/2248
f 3069/3326/2249 3081/3339/2249 3080/3338/2249 3068/3325/2249
f 3070/3327/2250 3082/3340/2250 3081/3339/2250 3069/3326/2250
f 3071/3328/2251 3083/3341/2251 3082/3340/2251 3070/3327/2251
f 3072/3317/2252 3084/3330/2252 3083/3341/2252 3071/3328/2252
f 3073/3329/2253 3085/3342/2253 3096/3343/2253 3084/3330/2253
f 3074/3331/1981 3086/3344/1981 3085/3345/1981 3073/3332/1981
f 3075/3333/1980 3087/3346/1980 3086/3344/1980 3074/3331/1980
f 3076/3334/1979 3088/3347/1979 3087/3346/1979 3075/3333/1979
f 3077/3335/1978 3089/3348/1978 3088/3347/1978 3076/3334/1978
f 3078/3336/2254 3090/3349/2254 3089/3348/2254 3077/3335/2254
f 3079/3337/2255 3091/3350/2255 3090/3349/2255 3078/3336/2255
f 3080/3338/1987 3092/3351/1987 3091/3350/1987 3079/3337/1987
f 3081/3339/2256 3093/3352/2256 3092/3351/2256 3080/3338/2256
f 3082/3340/2257 3094/3353/2257 3093/3352/2257 3081/3339/2257
f 3083/3341/1984 3095/3354/1984 3094/3353/1984 3082/3340/1984
f 3084/3330/2258 3096/3343/2258 3095/3354/2258 3083/3341/2258
f 3085/3342/2259 3097/3355/2259 3108/3356/2259 3096/3343/2259
f 3086/3344/1993 3098/3357/1993 3097/3358/1993 3085/3345/1993
f 3087/3346/2260 3099/3359/2260 3098/3357/2260 3086/3344/2260
f 3088/3347/2261 3100/3360/2261 3099/3359/2261 3087/3346/2261
f 3089/3348/1990 3101/3361/1990 3100/3360/1990 3088/3347/1990
f 3090/3349/2262 3102/3362/2262 3101/3361/2262 3089/3348/2262
f 3091/3350/2263 3103/3363/2263 3102/3362/2263 3090/3349/2263
f 3092/3351/1999 3104/3364/1999 3103/3363/1999 3091/3350/1999
f 3093/3352/2264 3105/3365/2264 3104/3364/2264 3092/3351/2264
f 3094/3353/2265 3106/3366/2265 3105/3365/2265 3093/3352/2265
f 3095/3354/2266 3107/3367/2266 3106/3366/2266 3094/3353/2266
f 3096/3343/2267 3108/3356/2267 3107/3367/2267 3095/3354/2267
f 3097/3355/2268 3109/3368/2268 3120/3369/2268 3108/3356/2268
f 3098/3357/2269 3110/3370/2269 3109/3371/2269 3097/3358/2269
f 3099/3359/2270 3111/3372/2270 3110/3370/2270 3098/3357/2270
f 3100/3360/2003 3112/3373/2003 3111/3372/2003 3099/3359/2003
f 3101/3361/2271 3113/3374/2271 3112/3373/2271 3100/3360/2271
f 3102/3362/2272 3114/3375/2272 3113/3374/2272 3101/3361/2272
f 3103/3363/2273 3115/3376/2273 3114/3375/2273 3102/3362/2273
f 3104/3364/2274 3116/3377/2274 3115/3376/2274 3103/3363/2274
f 3105/3365/2275 3117/3378/2275 3116/3377/2275 3104/3364/2275
f 3106/3366/2276 3118/3379/2276 3117/3378/2276 3105/3365/2276
f 3107/3367/2277 3119/3380/2277 3118/3379/2277 3106/3366/2277
f 3108/3356/2278 3120/3369/2278 3119/3380/2278 3107/3367/2278
f 3109/3368/2279 3121/3381/2279 3132/3382/2279 3120/3369/2279
f 3110/3370/2280 3122/3383/2280 3121/3384/2280 3109/3371/2280
f 3111/3372/2016 3123/3385/2016 3122/3383/2016 3110/3370/2016
f 3112/3373/2015 3124/3386/2015 3123/3385/2015 3111/3372/2015
f 3113/3374/2281 3125/3387/2281 3124/3386/2281 3112/3373/2281
f 3114/3375/2282 3126/3388/2282 3125/3387/2282 3113/3374/2282
f 3115/3376/2283 3127/3389/2283 3126/3388/2283 3114/3375/2283
f 3116/3377/2284 3128/3390/2284 3127/3389/2284 3115/3376/2284
f 3117/3378/2022 3129/3391/2022 3128/3390/2022 3116/3377/2022
f 3118/3379/2021 3130/3392/2021 3129/3391/2021 3117/3378/2021
f 3119/3380/2285 3131/3393/2285 3130/3392/2285 3118/3379/2285
f 3120/3369/2286 3132/3382/2286 3131/3393/2286 3119/3380/2286
f 3121/3381/2287 3133/3394/2287 3144/3395/2287 3132/3382/2287
f 3122/3383/2288 3134/3396/2288 3133/3397/2288 3121/3384/2288
f 3123/3385/2028 3135/3398/2028 3134/3396/2028 3122/3383/2028
f 3124/3386/2027 3136/3399/2027 3135/3398/2027 3123/3385/2027
f 3125/3387/2289 3137/3400/2289 3136/3399/2289 3124/3386/2289
f 3126/3388/2290 3138/3401/2290 3137/3400/2290 3125/3387/2290
f 3127/3389/2291 3139/3402/2291 3138/3401/2291 3126/3388/2291
f 3128/3390/2292 3140/3403/2292 3139/3402/2292 3127/3389/2292
f 3129/3391/2034 3141/3404/2034 3140/3403/2034 3128/3390/2034
f 3130/3392/2033 3142/3405/2033 3141/3404/2033 3129/3391/2033
f 3131/3393/2293 3143/3406/2293 3142/3405/2293 3130/3392/2293
f 3132/3382/2294 3144/3395/2294 3143/3406/2294 3131/3393/2294
f 3133/3394/2295 3145/3407/2295 3156/3408/2295 3144/3395/2295
f 3134/3396/2296 3146/3409/2296 3145/3410/2296 3133/3397/2296
f 3135/3398/2040 3147/3411/2040 3146/3409/2040 3134/3396/2040
f 3136/3399/2039 3148/3412/2039 3147/3411/2039 3135/3398/2039
f 3137/3400/2297 3149/3413/2297 3148/3412/2297 3136/3399/2297
f 3138/3401/2298 3150/3414/2298 3149/3413/2298 3137/3400/2298
f 3139/3402/2299 3151/3415/2299 3150/3414/2299 3138/3401/2299
f 3140/3403/2300 3152/3416/2300 3151/3415/2300 3139/3402/2300
f 3141/3404/2046 3153/3417/2046 3152/3416/2046 3140/3403/2046
f 3142/3405/2045 3154/3418/2045 3153/3417/2045 3141/3404/2045
f 3143/3406/2301 3155/3419/2301 3154/3418/2301 3142/3405/2301
f 3144/3395/2302 3156/3408/2302 3155/3419/2302 3143/3406/2302
f 3145/3407/2303 3157/3420/2303 3168/3421/2303 3156/3408/2303
f 3146/3409/2304 3158/3422/2304 3157/3423/2304 3145/3410/2304
f 3147/3411/2305 3159/3424/2305 3158/3422/2305 3146/3409/2305
f 3148/3412/2306 3160/3425/2306 3159/3424/2306 3147/3411/2306
f 3149/3413/2307 3161/3426/2307 3160/3425/2307 3148/3412/2307
f 3150/3414/2308 3162/3427/2308 3161/3426/2308 3149/3413/2308
f 3151/3415/2309 3163/3428/2309 3162/3427/2309 3150/3414/2309
f 3152/3416/2310 3164/3429/2310 3163/3428/2310 3151/3415/2310
f 3153/3417/2311 3165/3430/2311 3164/3429/2311 3152/3416/2311
f 3154/3418/2312 3166/3431/2312 3165/3430/2312 3153/3417/2312
f 3155/3419/2313 3167/3432/2313 3166/3431/2313 3154/3418/2313
f 3156/3408/2314 3168/3421/2314 3167/3432/2314 3155/3419/2314
f 2352/2537/2315 2341/2539/2315 2342/2538/2315 2343/2540/2315 2344/2541/2315 2345/2542/2315 2346/2543/2315 2347/2544/2315 2348/2545/2315 2349/2546/2315 2350/2547/2315 2351/2548/2315
f 2412/2604/2315 2411/2625/2315 2410/2623/2315 2409/2621/2315 2408/2619/2315 2407/2617/2315 2406/2615/2315 2405/2613/2315 2404/2611/2315 2403/2609/2315 2402/2605/2315 2401/2608/2315
o _3-3__curve_.003__3-3__curve_.004
v -212.268845 230.000000 -189.177048
v -208.616013 233.660248 -188.944229
v -203.626129 235.000000 -188.626175
v -198.636261 233.660263 -188.308121
v -194.983414 230.000000 -188.075302
v -193.646378 225.000015 -187.990082
v -194.983414 220.000000 -188.075302
v -198.636246 216.339752 -188.308121
v -203.626114 215.000000 -188.626175
v -208.615997 216.339737 -188.944229
v -212.268845 219.999985 -189.177048
v -213.605881 224.999985 -189.262268
v -212.053329 230.000000 -192.280991
v -208.422791 233.660248 -191.815582
v -203.463364 235.000000 -191.179810
v -198.503952 233.660263 -190.544037
v -194.873413 230.000000 -190.078629
v -193.544540 225.000015 -189.908264
v -194.873398 220.000015 -190.078629
v -198.503937 216.339752 -190.544037
v -203.463348 215.000000 -191.179810
v -208.422775 216.339737 -191.815582
v -212.053314 219.999985 -192.280991
v -213.382187 224.999985 -192.451355
v -211.353622 230.000000 -195.891174
v -207.812500 233.660248 -194.964951
v -202.975220 235.000000 -193.699707
v -198.137955 233.660263 -192.434464
v -194.596832 230.000000 -191.508240
v -193.300690 225.000015 -191.169220
v -194.596817 220.000000 -191.508240
v -198.137939 216.339752 -192.434464
v -202.975204 215.000000 -193.699707
v -207.812485 216.339737 -194.964951
v -211.353607 219.999985 -195.891174
v -212.649750 224.999985 -196.230194
v -210.185654 230.000000 -199.410278
v -206.794312 233.660248 -198.033249
v -202.161636 235.000000 -196.152191
v -197.528976 233.660263 -194.271133
v -194.137619 230.000000 -192.894104
v -192.896301 225.000015 -192.390076
v -194.137604 220.000000 -192.894104
v -197.528961 216.339752 -194.271133
v -202.161621 215.000000 -196.152191
v -206.794296 216.339737 -198.033249
v -210.185654 219.999985 -199.410278
v -211.426971 224.999985 -199.914307
v -208.548996 230.000000 -202.787689
v -205.367981 233.660248 -200.977020
v -201.022614 235.000000 -198.503586
v -196.677261 233.660263 -196.030151
v -193.496231 230.000000 -194.219482
v -192.331894 225.000015 -193.556732
v -193.496231 220.000000 -194.219482
v -196.677246 216.339752 -196.030151
v -201.022598 215.000000 -198.503586
v -205.367966 216.339737 -200.977005
v -208.548996 219.999985 -202.787689
v -209.713333 224.999985 -203.450439
v -206.446960 230.000000 -205.968414
v -203.535400 233.660248 -203.750244
v -199.558136 235.000000 -200.720169
v -195.580872 233.660263 -197.690094
v -192.669312 230.000000 -195.471924
v -191.603607 225.000015 -194.660004
v -192.669312 220.000000 -195.471909
v -195.580872 216.339752 -197.690079
v -199.558121 215.000000 -200.720169
v -203.535385 216.339737 -203.750244
v -206.446960 219.999985 -205.968414
v -207.512665 224.999985 -206.780334
v -203.891891 230.000000 -208.892044
v -201.303726 233.660248 -206.303833
v -197.768219 235.000000 -202.768265
v -194.232712 233.660263 -199.232712
v -191.644547 230.000000 -196.644501
v -190.697205 225.000015 -195.697144
v -191.644531 220.000000 -196.644485
v -194.232712 216.339752 -199.232697
v -197.768219 215.000000 -202.768265
v -201.303726 216.339737 -206.303818
v -203.891891 219.999985 -208.892029
v -204.839233 224.999985 -209.839386
v -200.968262 230.000000 -211.447037
v -198.750122 233.660248 -208.535461
v -195.720093 235.000000 -204.558151
v -192.690063 233.660263 -200.580856
v -190.471939 230.000000 -197.669266
v -189.660034 225.000015 -196.603546
v -190.471924 220.000015 -197.669250
v -192.690063 216.339752 -200.580841
v -195.720093 215.000000 -204.558136
v -198.750122 216.339737 -208.535446
v -200.968246 219.999985 -211.447037
v -201.780151 224.999985 -212.512756
v -197.787537 230.000000 -213.549026
v -195.976883 233.660248 -210.367996
v -193.503479 235.000000 -206.022614
v -191.030075 233.660263 -201.677246
v -189.219421 230.000000 -198.496201
v -188.556671 225.000015 -197.331863
v -189.219421 220.000000 -198.496201
v -191.030075 216.339752 -201.677231
v -193.503479 215.000000 -206.022598
v -195.976883 216.339737 -210.367981
v -197.787537 219.999985 -213.549026
v -198.450287 224.999985 -214.713364
v -194.410156 230.000000 -215.185654
v -193.033127 233.660248 -211.794312
v -191.152069 235.000000 -207.161636
v -189.271011 233.660248 -202.528976
v -187.893982 230.000000 -199.137619
v -187.389954 225.000015 -197.896301
v -187.893982 220.000000 -199.137619
v -189.271011 216.339752 -202.528961
v -191.152069 215.000000 -207.161621
v -193.033127 216.339737 -211.794296
v -194.410156 219.999985 -215.185654
v -194.914185 224.999985 -216.426971
v -190.891083 230.000000 -216.353622
v -189.964844 233.660248 -212.812500
v -188.699570 235.000000 -207.975235
v -187.434296 233.660263 -203.137985
v -186.508057 230.000000 -199.596863
v -186.169037 225.000015 -198.300705
v -186.508057 220.000000 -199.596848
v -187.434296 216.339752 -203.137970
v -188.699570 215.000000 -207.975220
v -189.964828 216.339737 -212.812485
v -190.891083 219.999985 -216.353607
v -191.230103 224.999985 -217.649765
v -187.280914 230.000000 -217.053345
v -186.815475 233.660248 -213.422806
v -186.179672 235.000000 -208.463394
v -185.543869 233.660263 -203.503983
v -185.078430 230.000000 -199.873444
v -184.908066 225.000015 -198.544571
v -185.078430 220.000000 -199.873444
v -185.543869 216.339752 -203.503967
v -186.179672 215.000000 -208.463379
v -186.815475 216.339737 -213.422791
v -187.280914 219.999985 -217.053345
v -187.451279 224.999985 -218.382217
v -183.626160 230.000000 -217.286438
v -183.626144 233.660248 -213.626175
v -183.626129 235.000000 -208.626175
v -183.626114 233.660263 -203.626175
v -183.626099 230.000000 -199.965927
v -183.626083 225.000015 -198.626175
v -183.626099 220.000000 -199.965912
v -183.626114 216.339752 -203.626160
v -183.626129 215.000000 -208.626160
v -183.626144 216.339737 -213.626160
v -183.626160 219.999985 -217.286423
v -183.626175 224.999985 -218.626175
v -179.971313 230.000000 -217.053375
v -180.436722 233.660248 -213.422821
v -181.072495 235.000000 -208.463409
v -181.708267 233.660263 -203.503998
v -182.173676 230.000000 -199.873459
v -182.344040 225.000015 -198.544586
v -182.173676 220.000000 -199.873444
v -181.708267 216.339752 -203.503983
v -181.072495 215.000000 -208.463394
v -180.436722 216.339737 -213.422821
v -179.971313 219.999985 -217.053360
v -179.800949 224.999985 -218.382233
v -176.361130 230.000000 -216.353668
v -177.287354 233.660248 -212.812531
v -178.552597 235.000000 -207.975266
v -179.817841 233.660263 -203.138000
v -180.744064 230.000000 -199.596878
v -181.083084 225.000015 -198.300735
v -180.744064 220.000000 -199.596863
v -179.817841 216.339752 -203.137985
v -178.552597 215.000000 -207.975250
v -177.287354 216.339737 -212.812531
v -176.361130 219.999985 -216.353653
v -176.022110 224.999985 -217.649796
v -172.842026 230.000000 -215.185699
v -174.219055 233.660248 -211.794357
v -176.100113 235.000000 -207.161682
v -177.981171 233.660263 -202.529022
v -179.358200 230.000000 -199.137665
v -179.862228 225.000015 -197.896347
v -179.358200 220.000000 -199.137665
v -177.981171 216.339752 -202.529007
v -176.100113 215.000000 -207.161667
v -174.219070 216.339737 -211.794342
v -172.842041 219.999985 -215.185699
v -172.337997 224.999985 -216.427017
v -169.464615 230.000000 -213.549042
v -171.275284 233.660248 -210.368027
v -173.748718 235.000000 -206.022659
v -176.222137 233.660263 -201.677307
v -178.032822 230.000000 -198.496277
v -178.695572 225.000015 -197.331940
v -178.032822 220.000000 -198.496277
v -176.222153 216.339752 -201.677292
v -173.748718 215.000000 -206.022644
v -171.275299 216.339737 -210.368011
v -169.464615 219.999985 -213.549042
v -168.801865 224.999985 -214.713379
v -166.283981 230.000000 -211.447083
v -168.502106 233.660248 -208.535492
v -171.532135 235.000000 -204.558182
v -174.562149 233.660263 -200.580872
v -176.780289 230.000000 -197.669281
v -177.592178 225.000015 -196.603561
v -176.780289 220.000000 -197.669281
v -174.562164 216.339752 -200.580872
v -171.532135 215.000000 -204.558182
v -168.502121 216.339737 -208.535477
v -166.283997 219.999985 -211.447083
v -165.472092 224.999985 -212.512802
v -163.569351 230.000000 -209.094238
v -166.069138 233.660248 -206.420578
v -169.483917 235.000000 -202.768265
v -172.898682 233.660263 -199.115967
v -175.398468 230.000000 -196.442291
v -176.313461 225.000000 -195.463654
v -175.398483 220.000000 -196.442276
v -172.898697 216.339752 -199.115952
v -169.483917 215.000000 -202.768265
v -166.069153 216.339737 -206.420563
v -163.569366 220.000000 -209.094238
v -162.654373 224.999985 -210.072876
v -120.933807 230.000000 -166.465576
v -123.521988 233.660248 -163.877396
v -127.057526 235.000000 -160.341858
v -130.593048 233.660263 -156.806320
v -133.181244 230.000000 -154.218140
v -134.128586 225.000000 -153.270782
v -133.181259 220.000000 -154.218124
v -130.593063 216.339752 -156.806320
v -127.057541 215.000000 -160.341858
v -123.522003 216.339737 -163.877380
v -120.933807 219.999985 -166.465576
v -119.986465 224.999985 -167.412933
v -212.286377 214.995895 181.576355
v -208.626129 218.653137 181.724625
v -203.626129 219.991791 181.778900
v -198.626129 218.653152 181.724625
v -194.965881 214.995895 181.576355
v -193.626129 210.000000 181.373825
v -194.965866 205.004105 181.171295
v -198.626114 201.346863 181.023026
v -203.626114 200.008209 180.968750
v -208.626129 201.346848 181.023026
v -212.286377 205.004089 181.171295
v -213.626129 209.999985 181.373825
v -212.286377 229.995895 -188.423645
v -208.626129 233.653137 -188.275375
v -203.626129 234.991791 -188.221100
v -198.626129 233.653152 -188.275375
v -194.965881 229.995895 -188.423645
v -193.626129 225.000000 -188.626175
v -194.965866 220.004105 -188.828705
v -198.626114 216.346863 -188.976974
v -203.626114 215.008209 -189.031250
v -208.626129 216.346848 -188.976974
v -212.286377 220.004089 -188.828705
v -213.626129 224.999985 -188.626175
v 186.373932 215.000000 -199.965912
v 186.373932 218.660248 -203.626175
v 186.373932 220.000000 -208.626175
v 186.373932 218.660263 -213.626175
v 186.373932 215.000000 -217.286423
v 186.373932 210.000000 -218.626175
v 186.373932 205.000000 -217.286438
v 186.373932 201.339752 -213.626190
v 186.373932 200.000000 -208.626190
v 186.373932 201.339737 -203.626175
v 186.373932 204.999985 -199.965927
v 186.373932 209.999985 -198.626175
v -183.626129 215.000000 -199.965912
v -183.626129 218.660248 -203.626175
v -183.626129 220.000000 -208.626175
v -183.626129 218.660263 -213.626175
v -183.626129 215.000000 -217.286423
v -183.626129 210.000000 -218.626175
v -183.626129 205.000000 -217.286438
v -183.626129 201.339752 -213.626190
v -183.626129 200.000000 -208.626190
v -183.626129 201.339737 -203.626175
v -183.626129 204.999985 -199.965927
v -183.626129 209.999985 -198.626175
v -161.465561 215.000000 -125.933838
v -158.877365 218.660248 -128.522018
v -155.341827 220.000000 -132.057556
v -151.806290 218.660263 -135.593079
v -149.218109 215.000015 -138.181274
v -148.270752 210.000015 -139.128616
v -149.218094 205.000000 -138.181290
v -151.806290 201.339752 -135.593094
v -155.341827 200.000000 -132.057571
v -158.877350 201.339737 -128.522034
v -161.465546 204.999985 -125.933838
v -162.412903 209.999985 -124.986496
v -203.891953 215.000000 -168.360245
v -201.303757 218.660248 -170.948425
v -197.768219 220.000000 -174.483963
v -194.232681 218.660263 -178.019485
v -191.644501 215.000015 -180.607681
v -190.697144 210.000015 -181.555023
v -191.644485 205.000000 -180.607697
v -194.232681 201.339752 -178.019501
v -197.768219 200.000000 -174.483978
v -201.303741 201.339737 -170.948441
v -203.891937 204.999985 -168.360245
v -204.839294 209.999985 -167.412903
v 186.373932 215.000000 210.034088
v 186.373932 218.660248 206.373825
v 186.373932 220.000000 201.373825
v 186.373932 218.660263 196.373825
v 186.373932 215.000000 192.713577
v 186.373932 210.000000 191.373825
v 186.373932 205.000000 192.713562
v 186.373932 201.339752 196.373810
v 186.373932 200.000000 201.373810
v 186.373932 201.339737 206.373825
v 186.373932 204.999985 210.034073
v 186.373932 209.999985 211.373825
v -183.626129 215.000000 210.034088
v -183.626129 218.660248 206.373825
v -183.626129 220.000000 201.373825
v -183.626129 218.660263 196.373825
v -183.626129 215.000000 192.713577
v -183.626129 210.000000 191.373825
v -183.626129 205.000000 192.713562
v -183.626129 201.339752 196.373810
v -183.626129 200.000000 201.373810
v -183.626129 201.339737 206.373825
v -183.626129 204.999985 210.034073
v -183.626129 209.999985 211.373825
v 197.713684 215.000000 181.373825
v 201.373932 218.660248 181.373825
v 206.373932 220.000000 181.373825
v 211.373932 218.660263 181.373825
v 215.034180 215.000000 181.373825
v 216.373932 210.000000 181.373825
v 215.034195 205.000000 181.373825
v 211.373947 201.339752 181.373825
v 206.373947 200.000000 181.373825
v 201.373947 201.339737 181.373825
v 197.713684 204.999985 181.373825
v 196.373932 209.999985 181.373825
v 197.713684 215.000000 -188.626175
v 201.373932 218.660248 -188.626175
v 206.373932 220.000000 -188.626175
v 211.373932 218.660263 -188.626175
v 215.034180 215.000000 -188.626175
v 216.373932 210.000000 -188.626175
v 215.034195 205.000000 -188.626175
v 211.373947 201.339752 -188.626175
v 206.373947 200.000000 -188.626175
v 201.373947 201.339737 -188.626175
v 197.713684 204.999985 -188.626175
v 196.373932 209.999985 -188.626175
v -183.075348 215.000000 -199.983383
v -183.308121 218.660248 -203.636230
v -183.626083 220.000000 -208.626114
v -183.944046 218.660263 -213.615997
v -184.176819 215.000000 -217.268829
v -184.262009 210.000015 -218.605881
v -184.176819 205.000000 -217.268845
v -183.944046 201.339752 -213.615997
v -183.626083 200.000000 -208.626129
v -183.308121 201.339737 -203.636246
v -183.075348 204.999985 -199.983398
v -182.990158 209.999985 -198.646347
v -185.078537 215.000000 -199.873428
v -185.543930 218.660248 -203.503967
v -186.179672 220.000000 -208.463394
v -186.815414 218.660263 -213.422806
v -187.280807 215.000000 -217.053360
v -187.451157 210.000015 -218.382233
v -187.280807 205.000000 -217.053360
v -186.815414 201.339752 -213.422821
v -186.179672 200.000000 -208.463409
v -185.543930 201.339737 -203.503983
v -185.078537 204.999985 -199.873428
v -184.908188 209.999985 -198.544556
v -186.508057 215.000000 -199.596848
v -187.434296 218.660248 -203.137970
v -188.699570 220.000000 -207.975235
v -189.964828 218.660263 -212.812485
v -190.891068 215.000000 -216.353607
v -191.230103 210.000015 -217.649750
v -190.891083 205.000000 -216.353622
v -189.964844 201.339752 -212.812500
v -188.699570 200.000000 -207.975250
v -187.434311 201.339737 -203.137985
v -186.508072 205.000000 -199.596863
v -186.169037 209.999985 -198.300720
v -187.893982 215.000000 -199.137619
v -189.271011 218.660248 -202.528961
v -191.152069 220.000000 -207.161636
v -193.033127 218.660263 -211.794296
v -194.410156 215.000000 -215.185654
v -194.914185 210.000015 -216.426971
v -194.410156 205.000000 -215.185654
v -193.033127 201.339752 -211.794312
v -191.152069 200.000000 -207.161652
v -189.271011 201.339737 -202.528976
v -187.893982 204.999985 -199.137619
v -187.389954 209.999985 -197.896301
v -189.219421 215.000000 -198.496201
v -191.030075 218.660248 -201.677231
v -193.503479 220.000000 -206.022614
v -195.976883 218.660263 -210.367981
v -197.787537 215.000000 -213.549026
v -198.450287 210.000000 -214.713364
v -197.787537 205.000000 -213.549026
v -195.976883 201.339752 -210.367996
v -193.503479 200.000000 -206.022629
v -191.030090 201.339737 -201.677246
v -189.219421 204.999985 -198.496201
v -188.556671 209.999985 -197.331863
v -190.471939 215.000000 -197.669266
v -192.690063 218.660248 -200.580841
v -195.720093 220.000000 -204.558151
v -198.750122 218.660263 -208.535446
v -200.968246 215.000000 -211.447037
v -201.780151 210.000015 -212.512756
v -200.968262 205.000000 -211.447052
v -198.750122 201.339752 -208.535461
v -195.720093 200.000000 -204.558151
v -192.690079 201.339737 -200.580856
v -190.471939 204.999985 -197.669266
v -189.660034 209.999985 -196.603546
v -191.644547 215.000000 -196.644485
v -194.232712 218.660248 -199.232697
v -197.768219 220.000000 -202.768265
v -201.303726 218.660263 -206.303818
v -203.891891 215.000000 -208.892029
v -204.839233 210.000000 -209.839386
v -203.891907 205.000000 -208.892044
v -201.303726 201.339752 -206.303833
v -197.768219 200.000000 -202.768265
v -194.232712 201.339737 -199.232712
v -191.644547 204.999985 -196.644501
v -190.697205 209.999985 -195.697144
v -192.669312 215.000000 -195.471924
v -195.580872 218.660248 -197.690094
v -199.558136 220.000000 -200.720169
v -203.535400 218.660263 -203.750244
v -206.446960 215.000000 -205.968414
v -207.512665 210.000000 -206.780334
v -206.446960 205.000000 -205.968430
v -203.535400 201.339752 -203.750259
v -199.558151 200.000000 -200.720169
v -195.580887 201.339737 -197.690094
v -192.669312 204.999985 -195.471924
v -191.603607 209.999985 -194.660004
v -193.496231 215.000000 -194.219482
v -196.677246 218.660248 -196.030151
v -201.022614 220.000000 -198.503586
v -205.367966 218.660263 -200.977020
v -208.548996 215.000000 -202.787689
v -209.713333 210.000015 -203.450439
v -208.548996 205.000000 -202.787689
v -205.367981 201.339752 -200.977020
v -201.022629 200.000000 -198.503586
v -196.677261 201.339737 -196.030167
v -193.496231 204.999985 -194.219482
v -192.331894 209.999985 -193.556732
v -194.137619 215.000000 -192.894104
v -197.528961 218.660248 -194.271133
v -202.161636 220.000000 -196.152191
v -206.794296 218.660263 -198.033249
v -210.185654 215.000000 -199.410278
v -211.426971 210.000015 -199.914307
v -210.185669 205.000000 -199.410278
v -206.794312 201.339752 -198.033249
v -202.161652 200.000000 -196.152191
v -197.528976 201.339737 -194.271133
v -194.137619 204.999985 -192.894104
v -192.896301 209.999985 -192.390076
v -194.596817 215.000000 -191.508240
v -198.137955 218.660248 -192.434464
v -202.975220 220.000000 -193.699707
v -207.812485 218.660263 -194.964951
v -211.353607 215.000000 -195.891174
v -212.649750 210.000000 -196.230194
v -211.353622 205.000000 -195.891174
v -207.812500 201.339752 -194.964951
v -202.975235 200.000000 -193.699707
v -198.137955 201.339737 -192.434464
v -194.596832 204.999985 -191.508240
v -193.300690 209.999985 -191.169220
v -194.873398 215.000000 -190.078720
v -198.503937 218.660248 -190.544098
v -203.463364 220.000000 -191.179810
v -208.422775 218.660263 -191.815521
v -212.053329 215.000000 -192.280899
v -213.382202 210.000000 -192.451233
v -212.053345 205.000000 -192.280899
v -208.422791 201.339752 -191.815521
v -203.463379 200.000000 -191.179810
v -198.503952 201.339737 -190.544098
v -194.873398 204.999985 -190.078720
v -193.544525 209.999985 -189.908386
v -194.965805 215.000000 -188.626251
v -198.626068 218.660248 -188.626236
v -203.626068 220.000000 -188.626221
v -208.626068 218.660263 -188.626205
v -212.286316 215.000000 -188.626190
v -213.626068 210.000000 -188.626190
v -212.286331 205.000000 -188.626190
v -208.626083 201.339752 -188.626205
v -203.626083 200.000000 -188.626221
v -198.626083 201.339737 -188.626236
v -194.965820 204.999985 -188.626251
v -193.626068 209.999985 -188.626251
v -194.873383 215.000000 -187.173767
v -198.503922 218.660248 -186.708374
v -203.463348 220.000000 -186.072632
v -208.422760 218.660263 -185.436890
v -212.053314 215.000000 -184.971497
v -213.382187 210.000015 -184.801147
v -212.053314 205.000000 -184.971497
v -208.422775 201.339752 -185.436890
v -203.463364 200.000000 -186.072632
v -198.503937 201.339737 -186.708374
v -194.873383 204.999985 -187.173767
v -193.544510 209.999985 -187.344116
v -194.596802 215.000000 -185.744247
v -198.137924 218.660248 -184.818008
v -202.975189 220.000000 -183.552734
v -207.812439 218.660263 -182.287476
v -211.353577 215.000000 -181.361221
v -212.649719 210.000000 -181.022202
v -211.353577 205.000000 -181.361221
v -207.812454 201.339752 -182.287460
v -202.975204 200.000000 -183.552734
v -198.137939 201.339737 -184.817993
v -194.596817 204.999985 -185.744247
v -193.300659 209.999985 -186.083267
v -194.137573 215.000000 -184.358322
v -197.528915 218.660248 -182.981293
v -202.161591 220.000000 -181.100235
v -206.794250 218.660263 -179.219177
v -210.185608 215.000000 -177.842148
v -211.426926 210.000015 -177.338120
v -210.185608 205.000000 -177.842148
v -206.794266 201.339752 -179.219177
v -202.161606 200.000000 -181.100235
v -197.528931 201.339737 -182.981293
v -194.137573 204.999985 -184.358322
v -192.896255 209.999985 -184.862350
v -193.496155 215.000000 -183.032883
v -196.677185 218.660248 -181.222229
v -201.022568 220.000000 -178.748825
v -205.367935 218.660263 -176.275421
v -208.548981 215.000000 -174.464767
v -209.713318 210.000015 -173.802017
v -208.548981 205.000000 -174.464767
v -205.367950 201.339752 -176.275421
v -201.022583 200.000000 -178.748825
v -196.677200 201.339737 -181.222229
v -193.496155 204.999985 -183.032883
v -192.331818 209.999985 -183.695633
v -192.669220 215.000000 -181.780380
v -195.580795 218.660248 -179.562241
v -199.558105 220.000000 -176.532211
v -203.535400 218.660263 -173.502182
v -206.446991 215.000000 -171.284058
v -207.512711 210.000015 -170.472153
v -206.446991 205.000015 -171.284042
v -203.535416 201.339752 -173.502182
v -199.558121 200.000000 -176.532211
v -195.580811 201.339737 -179.562225
v -192.669220 204.999985 -181.780365
v -191.603500 209.999985 -182.592270
v -191.247208 215.000000 -180.182892
v -194.003311 218.660248 -177.774292
v -197.768219 220.000000 -174.484085
v -201.533127 218.660263 -171.193878
v -204.289230 215.000000 -168.785278
v -205.298035 210.000015 -167.903671
v -204.289230 205.000000 -168.785278
v -201.533127 201.339752 -171.193863
v -197.768219 200.000000 -174.484085
v -194.003311 201.339737 -177.774292
v -191.247208 204.999985 -180.182892
v -190.238403 209.999985 -181.064499
v 197.733200 215.000000 -188.044891
v 201.385208 218.660248 -188.290573
v 206.373932 220.000000 -188.626175
v 211.362656 218.660263 -188.961777
v 215.014648 215.000000 -189.207458
v 216.351379 210.000000 -189.297394
v 215.014664 205.000000 -189.207458
v 211.362671 201.339752 -188.961777
v 206.373947 200.000000 -188.626175
v 201.385223 201.339737 -188.290573
v 197.733215 204.999985 -188.044891
v 196.396484 209.999985 -187.954956
v 197.609161 215.000000 -190.179932
v 201.236420 218.660248 -190.670242
v 206.191360 220.000000 -191.340042
v 211.146286 218.660263 -192.009842
v 214.773560 215.000000 -192.500153
v 216.101227 210.000000 -192.679626
v 214.773560 205.000000 -192.500153
v 211.146301 201.339752 -192.009842
v 206.191376 200.000000 -191.340042
v 201.236435 201.339737 -190.670242
v 197.609161 204.999985 -190.179932
v 196.281494 209.999985 -190.000458
v 197.308243 215.000000 -191.650269
v 200.837906 218.660248 -192.619263
v 205.659515 220.000000 -193.942947
v 210.481110 218.660263 -195.266632
v 214.010773 215.000000 -196.235626
v 215.302719 210.000000 -196.590302
v 214.010788 205.000000 -196.235626
v 210.481125 201.339752 -195.266632
v 205.659531 200.000000 -193.942947
v 200.837921 201.339737 -192.619263
v 197.308258 204.999985 -191.650269
v 196.016312 209.999985 -191.295593
v 196.824585 215.000000 -193.041016
v 200.196335 218.660248 -194.465363
v 204.802231 220.000000 -196.411057
v 209.408127 218.660263 -198.356750
v 212.779877 215.000000 -199.781082
v 214.014023 210.000000 -200.302429
v 212.779877 205.000000 -199.781097
v 209.408142 201.339752 -198.356750
v 204.802246 200.000000 -196.411057
v 200.196335 201.339737 -194.465363
v 196.824585 204.999985 -193.041031
v 195.590439 209.999985 -192.519684
v 196.169312 215.000000 -194.345734
v 199.328201 218.660248 -196.194748
v 203.643341 220.000000 -198.720535
v 207.958466 218.660263 -201.246323
v 211.117371 215.000000 -203.095322
v 212.273605 210.000000 -203.772110
v 211.117386 205.000000 -203.095337
v 207.958481 201.339752 -201.246323
v 203.643356 200.000000 -198.720535
v 199.328217 201.339737 -196.194748
v 196.169312 204.999985 -194.345749
v 195.013062 209.999985 -193.668961
v 195.354034 215.000000 -195.552170
v 198.250305 218.660248 -197.790268
v 202.206680 220.000000 -200.847565
v 206.163055 218.660263 -203.904861
v 209.059326 215.000000 -206.142960
v 210.119431 210.000000 -206.962158
v 209.059326 205.000000 -206.142960
v 206.163071 201.339752 -203.904877
v 202.206680 200.000000 -200.847565
v 198.250305 201.339737 -197.790268
v 195.354034 204.999985 -195.552170
v 194.293930 209.999985 -194.732971
v 194.392334 215.000000 -196.644577
v 196.980530 218.660248 -199.232758
v 200.516068 220.000000 -202.768295
v 204.051605 218.660263 -206.303818
v 206.639786 215.000000 -208.892014
v 207.587143 210.000000 -209.839355
v 206.639801 205.000000 -208.892014
v 204.051605 201.339752 -206.303833
v 200.516068 200.000000 -202.768295
v 196.980545 201.339737 -199.232773
v 194.392349 204.999985 -196.644577
v 193.444992 209.999985 -195.697235
v 193.299927 215.000000 -197.606277
v 195.538025 218.660248 -200.502533
v 198.595337 220.000000 -204.458908
v 201.652649 218.660263 -208.415283
v 203.890747 215.000000 -211.311539
v 204.709946 210.000000 -212.371643
v 203.890747 205.000000 -211.311554
v 201.652649 201.339752 -208.415283
v 198.595337 200.000000 -204.458908
v 195.538040 201.339737 -200.502548
v 193.299927 204.999985 -197.606277
v 192.480713 209.999985 -196.546173
v 192.093506 215.000000 -198.421539
v 193.942520 218.660248 -201.580429
v 196.468323 220.000000 -205.895569
v 198.994110 218.660263 -210.210693
v 200.843124 215.000000 -213.369598
v 201.519913 210.000000 -214.525833
v 200.843140 205.000000 -213.369598
v 198.994125 201.339752 -210.210709
v 196.468323 200.000000 -205.895569
v 193.942535 201.339737 -201.580444
v 192.093521 204.999985 -198.421555
v 191.416733 209.999985 -197.265305
v 190.788803 215.000000 -199.076813
v 192.213150 218.660248 -202.448563
v 194.158844 220.000000 -207.054459
v 196.104538 218.660263 -211.660355
v 197.528885 215.000000 -215.032104
v 198.050232 210.000000 -216.266251
v 197.528885 205.000000 -215.032104
v 196.104538 201.339752 -211.660370
v 194.158844 200.000000 -207.054474
v 192.213150 201.339737 -202.448563
v 190.788803 205.000000 -199.076813
v 190.267456 209.999985 -197.842667
v 189.398056 215.000000 -199.560471
v 190.367050 218.660248 -203.090134
v 191.690735 220.000000 -207.911743
v 193.014404 218.660263 -212.733337
v 193.983414 215.000000 -216.263000
v 194.338089 210.000000 -217.554947
v 193.983414 205.000000 -216.263016
v 193.014420 201.339752 -212.733353
v 191.690735 200.000000 -207.911758
v 190.367065 201.339737 -203.090149
v 189.398056 204.999985 -199.560486
v 189.043381 209.999985 -198.268539
v 187.927673 215.000000 -199.861389
v 188.418015 218.660248 -203.488647
v 189.087814 220.000000 -208.443588
v 189.757614 218.660263 -213.398514
v 190.247955 215.000000 -217.025787
v 190.427429 210.000000 -218.353455
v 190.247955 205.000000 -217.025787
v 189.757629 201.339752 -213.398529
v 189.087814 200.000000 -208.443604
v 188.418015 201.339737 -203.488663
v 187.927673 204.999985 -199.861389
v 187.748199 209.999985 -198.533722
v 185.792587 215.000000 -199.985458
v 186.038300 218.660248 -203.637451
v 186.373932 220.000000 -208.626175
v 186.709564 218.660263 -213.614899
v 186.955276 215.000000 -217.266891
v 187.045212 210.000000 -218.603622
v 186.955276 205.000000 -217.266907
v 186.709564 201.339752 -213.614899
v 186.373932 200.000000 -208.626190
v 186.038300 201.339737 -203.637466
v 185.792587 205.000000 -199.985458
v 185.702652 209.999985 -198.648727
v 185.792648 215.000000 192.733093
v 186.038330 218.660248 196.385101
v 186.373932 220.000000 201.373825
v 186.709534 218.660263 206.362549
v 186.955215 215.000000 210.014542
v 187.045151 210.000015 211.351273
v 186.955215 205.000015 210.014557
v 186.709534 201.339752 206.362564
v 186.373932 200.000000 201.373840
v 186.038330 201.339737 196.385117
v 185.792648 204.999985 192.733109
v 185.702713 209.999985 191.396378
v 187.927704 215.000000 192.609055
v 188.418030 218.660248 196.236313
v 189.087814 220.000000 201.191254
v 189.757599 218.660263 206.146179
v 190.247925 215.000000 209.773453
v 190.427399 210.000015 211.101120
v 190.247925 205.000000 209.773453
v 189.757599 201.339752 206.146194
v 189.087814 200.000000 201.191269
v 188.418030 201.339737 196.236328
v 187.927704 204.999985 192.609055
v 187.748230 209.999985 191.281387
v 189.398056 215.000000 192.308136
v 190.367050 218.660248 195.837799
v 191.690735 220.000000 200.659409
v 193.014420 218.660263 205.481003
v 193.983414 215.000000 209.010666
v 194.338089 210.000015 210.302628
v 193.983414 205.000000 209.010681
v 193.014420 201.339752 205.481018
v 191.690735 200.000000 200.659424
v 190.367065 201.339737 195.837814
v 189.398056 204.999985 192.308151
v 189.043381 209.999985 191.016190
v 190.788803 215.000000 191.824478
v 192.213150 218.660248 195.196228
v 194.158844 220.000000 199.802124
v 196.104538 218.660263 204.408020
v 197.528885 215.000000 207.779770
v 198.050232 210.000015 209.013916
v 197.528885 205.000000 207.779770
v 196.104538 201.339752 204.408035
v 194.158844 200.000000 199.802139
v 192.213150 201.339737 195.196228
v 190.788803 204.999985 191.824478
v 190.267456 209.999985 190.590332
v 192.093521 215.000000 191.169205
v 193.942520 218.660248 194.328094
v 196.468323 220.000000 198.643234
v 198.994110 218.660263 202.958359
v 200.843124 215.000000 206.117264
v 201.519913 210.000015 207.273499
v 200.843140 205.000000 206.117264
v 198.994125 201.339752 202.958374
v 196.468323 200.000000 198.643250
v 193.942535 201.339737 194.328110
v 192.093521 204.999985 191.169220
v 191.416733 209.999985 190.012970
v 193.299927 215.000000 190.353943
v 195.538025 218.660248 193.250198
v 198.595337 220.000000 197.206573
v 201.652634 218.660263 201.162933
v 203.890747 215.000000 204.059204
v 204.709946 210.000015 205.119324
v 203.890747 205.000000 204.059219
v 201.652649 201.339752 201.162949
v 198.595337 200.000000 197.206589
v 195.538040 201.339737 193.250214
v 193.299927 204.999985 190.353943
v 192.480728 209.999985 189.293823
v 194.392349 215.000000 189.392242
v 196.980530 218.660248 191.980423
v 200.516068 220.000000 195.515961
v 204.051605 218.660263 199.051483
v 206.639786 215.000000 201.639679
v 207.587128 210.000015 202.587036
v 206.639801 205.000015 201.639694
v 204.051605 201.339752 199.051498
v 200.516068 200.000000 195.515961
v 196.980545 201.339737 191.980438
v 194.392349 204.999985 189.392242
v 193.445007 209.999985 188.444885
v 195.354050 215.000000 188.299820
v 198.250305 218.660248 190.537918
v 202.206680 220.000000 193.595230
v 206.163055 218.660263 196.652527
v 209.059311 215.000000 198.890640
v 210.119415 210.000015 199.709839
v 209.059326 205.000015 198.890640
v 206.163055 201.339752 196.652542
v 202.206696 200.000000 193.595230
v 198.250320 201.339737 190.537933
v 195.354050 204.999985 188.299820
v 194.293945 209.999985 187.480621
v 196.169312 215.000000 187.093414
v 199.328201 218.660248 188.942413
v 203.643341 220.000000 191.468216
v 207.958466 218.660263 193.994003
v 211.117371 215.000000 195.843018
v 212.273605 210.000015 196.519806
v 211.117371 205.000000 195.843033
v 207.958481 201.339752 193.994019
v 203.643356 200.000000 191.468216
v 199.328217 201.339737 188.942429
v 196.169312 204.999985 187.093414
v 195.013077 209.999985 186.416626
v 196.824585 215.000000 185.788696
v 200.196335 218.660248 187.213043
v 204.802231 220.000000 189.158737
v 209.408127 218.660263 191.104431
v 212.779877 215.000000 192.528763
v 214.014023 210.000015 193.050125
v 212.779877 205.000000 192.528778
v 209.408142 201.339752 191.104431
v 204.802246 200.000000 189.158737
v 200.196335 201.339737 187.213058
v 196.824585 204.999985 185.788712
v 195.590439 209.999985 185.267349
v 197.308258 215.000000 184.397949
v 200.837906 218.660248 185.366943
v 205.659515 220.000000 186.690628
v 210.481110 218.660263 188.014313
v 214.010773 215.000000 188.983307
v 215.302719 210.000000 189.337982
v 214.010788 205.000000 188.983307
v 210.481125 201.339752 188.014313
v 205.659531 200.000000 186.690628
v 200.837921 201.339737 185.366959
v 197.308258 204.999985 184.397949
v 196.016312 209.999985 184.043274
v 197.609161 215.000000 182.927612
v 201.236420 218.660248 183.417923
v 206.191360 220.000000 184.087723
v 211.146286 218.660263 184.757507
v 214.773560 215.000000 185.247833
v 216.101227 210.000015 185.427307
v 214.773560 205.000000 185.247833
v 211.146301 201.339752 184.757523
v 206.191376 200.000000 184.087723
v 201.236435 201.339737 183.417938
v 197.609161 204.999985 182.927612
v 196.281494 209.999985 182.748138
v 197.733200 215.000000 180.792542
v 201.385208 218.660248 181.038223
v 206.373932 220.000000 181.373825
v 211.362656 218.660263 181.709427
v 215.014648 215.000000 181.955109
v 216.351379 210.000015 182.045029
v 215.014664 205.000015 181.955109
v 211.362671 201.339752 181.709427
v 206.373947 200.000000 181.373825
v 201.385223 201.339737 181.038223
v 197.733215 204.999985 180.792542
v 196.396484 209.999985 180.702621
v -194.985397 215.000000 180.792542
v -198.637405 218.660248 181.038223
v -203.626129 220.000000 181.373825
v -208.614853 218.660263 181.709427
v -212.266846 215.000000 181.955109
v -213.603577 210.000000 182.045044
v -212.266861 205.000000 181.955109
v -208.614868 201.339752 181.709427
v -203.626144 200.000000 181.373825
v -198.637421 201.339737 181.038223
v -194.985413 204.999985 180.792542
v -193.648682 209.999985 180.702606
v -194.861359 215.000000 182.927582
v -198.488617 218.660248 183.417892
v -203.443558 220.000000 184.087692
v -208.398483 218.660263 184.757492
v -212.025757 215.000000 185.247803
v -213.353424 210.000000 185.427277
v -212.025757 205.000000 185.247803
v -208.398499 201.339752 184.757492
v -203.443573 200.000000 184.087692
v -198.488632 201.339737 183.417892
v -194.861359 204.999985 182.927582
v -193.533691 209.999985 182.748108
v -194.560440 215.000000 184.397919
v -198.090103 218.660248 185.366913
v -202.911713 220.000000 186.690598
v -207.733307 218.660263 188.014282
v -211.262970 215.000000 188.983276
v -212.554916 210.000000 189.337952
v -211.262985 205.000000 188.983276
v -207.733322 201.339752 188.014282
v -202.911728 200.000000 186.690598
v -198.090118 201.339737 185.366913
v -194.560455 204.999985 184.397919
v -193.268509 209.999985 184.043243
v -194.076782 215.000000 185.788666
v -197.448532 218.660248 187.213013
v -202.054428 220.000000 189.158707
v -206.660324 218.660263 191.104401
v -210.032074 215.000000 192.528732
v -211.266220 210.000000 193.050079
v -210.032074 205.000000 192.528748
v -206.660339 201.339752 191.104401
v -202.054443 200.000000 189.158707
v -197.448532 201.339737 187.213013
v -194.076782 204.999985 185.788681
v -192.842636 209.999985 185.267334
v -193.421509 215.000000 187.093384
v -196.580399 218.660248 188.942398
v -200.895538 220.000000 191.468185
v -205.210663 218.660263 193.993973
v -208.369568 215.000000 195.842972
v -209.525818 210.000000 196.519760
v -208.369583 205.000000 195.842987
v -205.210678 201.339752 193.993973
v -200.895554 200.000000 191.468185
v -196.580414 201.339737 188.942398
v -193.421509 204.999985 187.093399
v -192.265274 209.999985 186.416611
v -192.606232 215.000000 188.299820
v -195.502502 218.660248 190.537918
v -199.458878 220.000000 193.595215
v -203.415253 218.660263 196.652512
v -206.311523 215.000000 198.890610
v -207.371628 210.000000 199.709808
v -206.311523 205.000000 198.890610
v -203.415268 201.339752 196.652527
v -199.458878 200.000000 193.595215
v -195.502502 201.339737 190.537918
v -192.606232 204.999985 188.299820
v -191.546127 209.999985 187.480621
v -191.644531 215.000000 189.392227
v -194.232727 218.660248 191.980408
v -197.768265 220.000000 195.515945
v -201.303802 218.660263 199.051468
v -203.891983 215.000000 201.639664
v -204.839340 210.000000 202.587006
v -203.891998 205.000000 201.639664
v -201.303802 201.339752 199.051483
v -197.768265 200.000000 195.515945
v -194.232742 201.339737 191.980423
v -191.644547 204.999985 189.392227
v -190.697189 209.999985 188.444885
v -190.552124 215.000000 190.353928
v -192.790222 218.660248 193.250183
v -195.847534 220.000000 197.206558
v -198.904846 218.660263 201.162933
v -201.142944 215.000000 204.059189
v -201.962158 210.000000 205.119293
v -201.142944 205.000000 204.059204
v -198.904846 201.339752 201.162933
v -195.847534 200.000000 197.206558
v -192.790237 201.339737 193.250198
v -190.552124 204.999985 190.353928
v -189.732925 209.999985 189.293823
v -189.345703 215.000000 191.169189
v -191.194717 218.660248 194.328079
v -193.720520 220.000000 198.643219
v -196.246307 218.660263 202.958344
v -198.095322 215.000000 206.117233
v -198.772110 210.000000 207.273483
v -198.095337 205.000000 206.117249
v -196.246323 201.339752 202.958359
v -193.720520 200.000000 198.643219
v -191.194733 201.339737 194.328094
v -189.345718 205.000000 191.169205
v -188.668930 209.999985 190.012955
v -188.041000 215.000000 191.824463
v -189.465347 218.660248 195.196213
v -191.411041 220.000000 199.802109
v -193.356735 218.660263 204.408005
v -194.781082 215.000000 207.779755
v -195.302429 210.000000 209.013901
v -194.781082 205.000000 207.779755
v -193.356735 201.339752 204.408020
v -191.411041 200.000000 199.802124
v -189.465347 201.339737 195.196213
v -188.041000 205.000000 191.824463
v -187.519653 209.999985 190.590317
v -186.650253 215.000000 192.308136
v -187.619247 218.660248 195.837784
v -188.942932 220.000000 200.659393
v -190.266617 218.660263 205.480988
v -191.235611 215.000000 209.010651
v -191.590302 210.000000 210.302597
v -191.235611 205.000000 209.010666
v -190.266617 201.339752 205.481003
v -188.942932 200.000000 200.659409
v -187.619247 201.339737 195.837799
v -186.650253 204.999985 192.308136
v -186.295563 209.999985 191.016190
v -185.179886 215.000000 192.609039
v -185.670212 218.660248 196.236298
v -186.340027 220.000000 201.191238
v -187.009827 218.660263 206.146164
v -187.500168 215.000000 209.773438
v -187.679642 210.000000 211.101105
v -187.500168 205.000000 209.773438
v -187.009842 201.339752 206.146179
v -186.340027 200.000000 201.191254
v -185.670227 201.339737 196.236313
v -185.179886 204.999985 192.609039
v -185.000412 209.999985 191.281372
v -183.044785 215.000000 192.733109
v -183.290497 218.660248 196.385101
v -183.626129 220.000000 201.373825
v -183.961761 218.660263 206.362549
v -184.207458 215.000000 210.014542
v -184.297394 210.000000 211.351273
v -184.207474 205.000000 210.014557
v -183.961761 201.339752 206.362549
v -183.626129 200.000000 201.373840
v -183.290497 201.339737 196.385117
v -183.044800 204.999985 192.733109
v -182.954865 209.999985 191.396378
vt 0.000000 1.000000
vt 0.052632 1.000000
vt 0.052632 0.916667
vt 0.000000 0.916667
vt 0.000000 0.083333
vt 0.052632 0.083333
vt 0.052632 0.000000
vt 0.000000 0.000000
vt 0.000000 0.166667
vt 0.052632 0.166667
vt 0.000000 0.250000
vt 0.052632 0.250000
vt 0.000000 0.333333
vt 0.052632 0.333333
vt 0.000000 0.416667
vt 0.052632 0.416667
vt 0.000000 0.500000
vt 0.052632 0.500000
vt 0.000000 0.583333
vt 0.052632 0.583333
vt 0.000000 0.666667
vt 0.052632 0.666667
vt 0.000000 0.750000
vt 0.052632 0.750000
vt 0.000000 0.833333
vt 0.052632 0.833333
vt 0.105263 1.000000
vt 0.105263 0.916667
vt 0.105263 0.083333
vt 0.105263 0.000000
vt 0.105263 0.166667
vt 0.105263 0.250000
vt 0.105263 0.333333
vt 0.105263 0.416667
vt 0.105263 0.500000
vt 0.105263 0.583333
vt 0.105263 0.666667
vt 0.105263 0.750000
vt 0.105263 0.833333
vt 0.157895 1.000000
vt 0.157895 0.916667
vt 0.157895 0.083333
vt 0.157895 0.000000
vt 0.157895 0.166667
vt 0.157895 0.250000
vt 0.157895 0.333333
vt 0.157895 0.416667
vt 0.157895 0.500000
vt 0.157895 0.583333
vt 0.157895 0.666667
vt 0.157895 0.750000
vt 0.157895 0.833333
vt 0.210526 1.000000
vt 0.210526 0.916667
vt 0.210526 0.083333
vt 0.210526 0.000000
vt 0.210526 0.166667
vt 0.210526 0.250000
vt 0.210526 0.333333
vt 0.210526 0.416667
vt 0.210526 0.500000
vt 0.210526 0.583333
vt 0.210526 0.666667
vt 0.210526 0.750000
vt 0.210526 0.833333
vt 0.263158 1.000000
vt 0.263158 0.916667
vt 0.263158 0.083333
vt 0.263158 0.000000
vt 0.263158 0.166667
vt 0.263158 0.250000
vt 0.263158 0.333333
vt 0.263158 0.416667
vt 0.263158 0.500000
vt 0.263158 0.583333
vt 0.263158 0.666667
vt 0.263158 0.750000
vt 0.263158 0.833333
vt 0.315789 1.000000
vt 0.315789 0.916667
vt 0.315789 0.083333
vt 0.315789 0.000000
vt 0.315789 0.166667
vt 0.315789 0.250000
vt 0.315789 0.333333
vt 0.315789 0.416667
vt 0.315789 0.500000
vt 0.315789 0.583333
vt 0.315789 0.666667
vt 0.315789 0.750000
vt 0.315789 0.833333
vt 0.368421 1.000000
vt 0.368421 0.916667
vt 0.368421 0.083333
vt 0.368421 0.000000
vt 0.368421 0.166667
vt 0.368421 0.250000
vt 0.368421 0.333333
vt 0.368421 0.416667
vt 0.368421 0.500000
vt 0.368421 0.583333
vt 0.368421 0.666667
vt 0.368421 0.750000
vt 0.368421 0.833333
vt 0.421053 1.000000
vt 0.421053 0.916667
vt 0.421053 0.083333
vt 0.421053 0.000000
vt 0.421053 0.166667
vt 0.421053 0.250000
vt 0.421053 0.333333
vt 0.421053 0.416667
vt 0.421053 0.500000
vt 0.421053 0.583333
vt 0.421053 0.666667
vt 0.421053 0.750000
vt 0.421053 0.833333
vt 0.473684 1.000000
vt 0.473684 0.916667
vt 0.473684 0.083333
vt 0.473684 0.000000
vt 0.473684 0.166667
vt 0.473684 0.250000
vt 0.473684 0.333333
vt 0.473684 0.416667
vt 0.473684 0.500000
vt 0.473684 0.583333
vt 0.473684 0.666667
vt 0.473684 0.750000
vt 0.473684 0.833333
vt 0.526316 1.000000
vt 0.526316 0.916667
vt 0.526316 0.083333
vt 0.526316 0.000000
vt 0.526316 0.166667
vt 0.526316 0.250000
vt 0.526316 0.333333
vt 0.526316 0.416667
vt 0.526316 0.500000
vt 0.526316 0.583333
vt 0.526316 0.666667
vt 0.526316 0.750000
vt 0.526316 0.833333
vt 0.578947 1.000000
vt 0.578947 0.916667
vt 0.578947 0.083333
vt 0.578947 0.000000
vt 0.578947 0.166667
vt 0.578947 0.250000
vt 0.578947 0.333333
vt 0.578947 0.416667
vt 0.578947 0.500000
vt 0.578947 0.583333
vt 0.578947 0.666667
vt 0.578947 0.750000
vt 0.578947 0.833333
vt 0.631579 1.000000
vt 0.631579 0.916667
vt 0.631579 0.083333
vt 0.631579 0.000000
vt 0.631579 0.166667
vt 0.631579 0.250000
vt 0.631579 0.333333
vt 0.631579 0.416667
vt 0.631579 0.500000
vt 0.631579 0.583333
vt 0.631579 0.666667
vt 0.631579 0.750000
vt 0.631579 0.833333
vt 0.684211 1.000000
vt 0.684211 0.916667
vt 0.684211 0.083333
vt 0.684211 0.000000
vt 0.684211 0.166667
vt 0.684211 0.250000
vt 0.684211 0.333333
vt 0.684211 0.416667
vt 0.684211 0.500000
vt 0.684211 0.583333
vt 0.684211 0.666667
vt 0.684211 0.750000
vt 0.684211 0.833333
vt 0.736842 1.000000
vt 0.736842 0.916667
vt 0.736842 0.083333
vt 0.736842 0.000000
vt 0.736842 0.166667
vt 0.736842 0.250000
vt 0.736842 0.333333
vt 0.736842 0.416667
vt 0.736842 0.500000
vt 0.736842 0.583333
vt 0.736842 0.666667
vt 0.736842 0.750000
vt 0.736842 0.833333
vt 0.789474 1.000000
vt 0.789474 0.916667
vt 0.789474 0.083333
vt 0.789474 0.000000
vt 0.789474 0.166667
vt 0.789474 0.250000
vt 0.789474 0.333333
vt 0.789474 0.416667
vt 0.789474 0.500000
vt 0.789474 0.583333
vt 0.789474 0.666667
vt 0.789474 0.750000
vt 0.789474 0.833333
vt 0.842105 1.000000
vt 0.842105 0.916667
vt 0.842105 0.083333
vt 0.842105 0.000000
vt 0.842105 0.166667
vt 0.842105 0.250000
vt 0.842105 0.333333
vt 0.842105 0.416667
vt 0.842105 0.500000
vt 0.842105 0.583333
vt 0.842105 0.666667
vt 0.842105 0.750000
vt 0.842105 0.833333
vt 0.894737 1.000000
vt 0.894737 0.916667
vt 0.894737 0.083333
vt 0.894737 0.000000
vt 0.894737 0.166667
vt 0.894737 0.250000
vt 0.894737 0.333333
vt 0.894737 0.416667
vt 0.894737 0.500000
vt 0.894737 0.583333
vt 0.894737 0.666667
vt 0.894737 0.750000
vt 0.894737 0.833333
vt 0.947368 1.000000
vt 0.947368 0.916667
vt 0.947368 0.083333
vt 0.947368 0.000000
vt 0.947368 0.166667
vt 0.947368 0.250000
vt 0.947368 0.333333
vt 0.947368 0.416667
vt 0.947368 0.500000
vt 0.947368 0.583333
vt 0.947368 0.666667
vt 0.947368 0.750000
vt 0.947368 0.833333
vt 1.000000 1.000000
vt 1.000000 0.916667
vt 1.000000 0.083333
vt 1.000000 0.000000
vt 1.000000 0.166667
vt 1.000000 0.250000
vt 1.000000 0.333333
vt 1.000000 0.416667
vt 1.000000 0.500000
vt 1.000000 0.583333
vt 1.000000 0.666667
vt 1.000000 0.750000
vt 1.000000 0.833333
vt 0.000000 1.000000
vt 1.000000 1.000000
vt 1.000000 0.916667
vt 0.000000 0.916667
vt 0.000000 0.083333
vt 1.000000 0.083333
vt 1.000000 0.000000
vt 0.000000 0.000000
vt 0.000000 0.166667
vt 1.000000 0.166667
vt 0.000000 0.250000
vt 1.000000 0.250000
vt 0.000000 0.333333
vt 1.000000 0.333333
vt 0.000000 0.416667
vt 1.000000 0.416667
vt 0.000000 0.500000
vt 1.000000 0.500000
vt 0.000000 0.583333
vt 1.000000 0.583333
vt 0.000000 0.666667
vt 1.000000 0.666667
vt 0.000000 0.750000
vt 1.000000 0.750000
vt 0.000000 0.833333
vt 1.000000 0.833333
vt 0.000000 1.000000
vt 1.000000 1.000000
vt 1.000000 0.916667
vt 0.000000 0.916667
vt 0.000000 0.083333
vt 1.000000 0.083333
vt 1.000000 0.000000
vt 0.000000 0.000000
vt 0.000000 0.166667
vt 1.000000 0.166667
vt 0.000000 0.250000
vt 1.000000 0.250000
vt 0.000000 0.333333
vt 1.000000 0.333333
vt 0.000000 0.416667
vt 1.000000 0.416667
vt 0.000000 0.500000
vt 1.000000 0.500000
vt 0.000000 0.583333
vt 1.000000 0.583333
vt 0.000000 0.666667
vt 1.000000 0.666667
vt 0.000000 0.750000
vt 1.000000 0.750000
vt 0.000000 0.833333
vt 1.000000 0.833333
vt 0.000000 1.000000
vt 1.000000 1.000000
vt 1.000000 0.916667
vt 0.000000 0.916667
vt 0.000000 0.083333
vt 1.000000 0.083333
vt 1.000000 0.000000
vt 0.000000 0.000000
vt 0.000000 0.166667
vt 1.000000 0.166667
vt 0.000000 0.250000
vt 1.000000 0.250000
vt 0.000000 0.333333
vt 1.000000 0.333333
vt 0.000000 0.416667
vt 1.000000 0.416667
vt 0.000000 0.500000
vt 1.000000 0.500000
vt 0.000000 0.583333
vt 1.000000 0.583333
vt 0.000000 0.666667
vt 1.000000 0.666667
vt 0.000000 0.750000
vt 1.000000 0.750000
vt 0.000000 0.833333
vt 1.000000 0.833333
vt 0.000000 1.000000
vt 1.000000 1.000000
vt 1.000000 0.916667
vt 0.000000 0.916667
vt 0.000000 0.083333
vt 1.000000 0.083333
vt 1.000000 0.000000
vt 0.000000 0.000000
vt 0.000000 0.166667
vt 1.000000 0.166667
vt 0.000000 0.250000
vt 1.000000 0.250000
vt 0.000000 0.333333
vt 1.000000 0.333333
vt 0.000000 0.416667
vt 1.000000 0.416667
vt 0.000000 0.500000
vt 1.000000 0.500000
vt 0.000000 0.583333
vt 1.000000 0.583333
vt 0.000000 0.666667
vt 1.000000 0.666667
vt 0.000000 0.750000
vt 1.000000 0.750000
vt 0.000000 0.833333
vt 1.000000 0.833333
vt 0.000000 1.000000
vt 1.000000 1.000000
vt 1.000000 0.916667
vt 0.000000 0.916667
vt 0.000000 0.083333
vt 1.000000 0.083333
vt 1.000000 0.000000
vt 0.000000 0.000000
vt 0.000000 0.166667
vt 1.000000 0.166667
vt 0.000000 0.250000
vt 1.000000 0.250000
vt 0.000000 0.333333
vt 1.000000 0.333333
vt 0.000000 0.416667
vt 1.000000 0.416667
vt 0.000000 0.500000
vt 1.000000 0.500000
vt 0.000000 0.583333
vt 1.000000 0.583333
vt 0.000000 0.666667
vt 1.000000 0.666667
vt 0.000000 0.750000
vt 1.000000 0.750000
vt 0.000000 0.833333
vt 1.000000 0.833333
vt 0.000000 1.000000
vt 0.055556 1.000000
vt 0.055556 0.916667
vt 0.000000 0.916667
vt 0.000000 0.083333
vt 0.055556 0.083333
vt 0.055556 0.000000
vt 0.000000 0.000000
vt 0.000000 0.166667
vt 0.055556 0.166667
vt 0.000000 0.250000
vt 0.055556 0.250000
vt 0.000000 0.333333
vt 0.055556 0.333333
vt 0.000000 0.416667
vt 0.055556 0.416667
vt 0.000000 0.500000
vt 0.055556 0.500000
vt 0.000000 0.583333
vt 0.055556 0.583333
vt 0.000000 0.666667
vt 0.055556 0.666667
vt 0.000000 0.750000
vt 0.055556 0.750000
vt 0.000000 0.833333
vt 0.055556 0.833333
vt 0.111111 1.000000
vt 0.111111 0.916667
vt 0.111111 0.083333
vt 0.111111 0.000000
vt 0.111111 0.166667
vt 0.111111 0.250000
vt 0.111111 0.333333
vt 0.111111 0.416667
vt 0.111111 0.500000
vt 0.111111 0.583333
vt 0.111111 0.666667
vt 0.111111 0.750000
vt 0.111111 0.833333
vt 0.166667 1.000000
vt 0.166667 0.916667
vt 0.166667 0.083333
vt 0.166667 0.000000
vt 0.166667 0.166667
vt 0.166667 0.250000
vt 0.166667 0.333333
vt 0.166667 0.416667
vt 0.166667 0.500000
vt 0.166667 0.583333
vt 0.166667 0.666667
vt 0.166667 0.750000
vt 0.166667 0.833333
vt 0.222222 1.000000
vt 0.222222 0.916667
vt 0.222222 0.083333
vt 0.222222 0.000000
vt 0.222222 0.166667
vt 0.222222 0.250000
vt 0.222222 0.333333
vt 0.222222 0.416667
vt 0.222222 0.500000
vt 0.222222 0.583333
vt 0.222222 0.666667
vt 0.222222 0.750000
vt 0.222222 0.833333
vt 0.277778 1.000000
vt 0.277778 0.916667
vt 0.277778 0.083333
vt 0.277778 0.000000
vt 0.277778 0.166667
vt 0.277778 0.250000
vt 0.277778 0.333333
vt 0.277778 0.416667
vt 0.277778 0.500000
vt 0.277778 0.583333
vt 0.277778 0.666667
vt 0.277778 0.750000
vt 0.277778 0.833333
vt 0.333333 1.000000
vt 0.333333 0.916667
vt 0.333333 0.083333
vt 0.333333 0.000000
vt 0.333333 0.166667
vt 0.333333 0.250000
vt 0.333333 0.333333
vt 0.333333 0.416667
vt 0.333333 0.500000
vt 0.333333 0.583333
vt 0.333333 0.666667
vt 0.333333 0.750000
vt 0.333333 0.833333
vt 0.388889 1.000000
vt 0.388889 0.916667
vt 0.388889 0.083333
vt 0.388889 0.000000
vt 0.388889 0.166667
vt 0.388889 0.250000
vt 0.388889 0.333333
vt 0.388889 0.416667
vt 0.388889 0.500000
vt 0.388889 0.583333
vt 0.388889 0.666667
vt 0.388889 0.750000
vt 0.388889 0.833333
vt 0.444444 1.000000
vt 0.444444 0.916667
vt 0.444444 0.083333
vt 0.444444 0.000000
vt 0.444444 0.166667
vt 0.444444 0.250000
vt 0.444444 0.333333
vt 0.444444 0.416667
vt 0.444444 0.500000
vt 0.444444 0.583333
vt 0.444444 0.666667
vt 0.444444 0.750000
vt 0.444444 0.833333
vt 0.500000 1.000000
vt 0.500000 0.916667
vt 0.500000 0.083333
vt 0.500000 0.000000
vt 0.500000 0.166667
vt 0.500000 0.250000
vt 0.500000 0.333333
vt 0.500000 0.416667
vt 0.500000 0.500000
vt 0.500000 0.583333
vt 0.500000 0.666667
vt 0.500000 0.750000
vt 0.500000 0.833333
vt 0.555556 1.000000
vt 0.555556 0.916667
vt 0.555556 0.083333
vt 0.555556 0.000000
vt 0.555556 0.166667
vt 0.555556 0.250000
vt 0.555556 0.333333
vt 0.555556 0.416667
vt 0.555556 0.500000
vt 0.555556 0.583333
vt 0.555556 0.666667
vt 0.555556 0.750000
vt 0.555556 0.833333
vt 0.611111 1.000000
vt 0.611111 0.916667
vt 0.611111 0.083333
vt 0.611111 0.000000
vt 0.611111 0.166667
vt 0.611111 0.250000
vt 0.611111 0.333333
vt 0.611111 0.416667
vt 0.611111 0.500000
vt 0.611111 0.583333
vt 0.611111 0.666667
vt 0.611111 0.750000
vt 0.611111 0.833333
vt 0.666667 1.000000
vt 0.666667 0.916667
vt 0.666667 0.083333
vt 0.666667 0.000000
vt 0.666667 0.166667
vt 0.666667 0.250000
vt 0.666667 0.333333
vt 0.666667 0.416667
vt 0.666667 0.500000
vt 0.666667 0.583333
vt 0.666667 0.666667
vt 0.666667 0.750000
vt 0.666667 0.833333
vt 0.722222 1.000000
vt 0.722222 0.916667
vt 0.722222 0.083333
vt 0.722222 0.000000
vt 0.722222 0.166667
vt 0.722222 0.250000
vt 0.722222 0.333333
vt 0.722222 0.416667
vt 0.722222 0.500000
vt 0.722222 0.583333
vt 0.722222 0.666667
vt 0.722222 0.750000
vt 0.722222 0.833333
vt 0.777778 1.000000
vt 0.777778 0.916667
vt 0.777778 0.083333
vt 0.777778 0.000000
vt 0.777778 0.166667
vt 0.777778 0.250000
vt 0.777778 0.333333
vt 0.777778 0.416667
vt 0.777778 0.500000
vt 0.777778 0.583333
vt 0.777778 0.666667
vt 0.777778 0.750000
vt 0.777778 0.833333
vt 0.833333 1.000000
vt 0.833333 0.916667
vt 0.833333 0.083333
vt 0.833333 0.000000
vt 0.833333 0.166667
vt 0.833333 0.250000
vt 0.833333 0.333333
vt 0.833333 0.416667
vt 0.833333 0.500000
vt 0.833333 0.583333
vt 0.833333 0.666667
vt 0.833333 0.750000
vt 0.833333 0.833333
vt 0.888889 1.000000
vt 0.888889 0.916667
vt 0.888889 0.083333
vt 0.888889 0.000000
vt 0.888889 0.166667
vt 0.888889 0.250000
vt 0.888889 0.333333
vt 0.888889 0.416667
vt 0.888889 0.500000
vt 0.888889 0.583333
vt 0.888889 0.666667
vt 0.888889 0.750000
vt 0.888889 0.833333
vt 0.944444 1.000000
vt 0.944444 0.916667
vt 0.944444 0.083333
vt 0.944444 0.000000
vt 0.944444 0.166667
vt 0.944444 0.250000
vt 0.944444 0.333333
vt 0.944444 0.416667
vt 0.944444 0.500000
vt 0.944444 0.583333
vt 0.944444 0.666667
vt 0.944444 0.750000
vt 0.944444 0.833333
vt 1.000000 1.000000
vt 1.000000 0.916667
vt 1.000000 0.083333
vt 1.000000 0.000000
vt 1.000000 0.166667
vt 1.000000 0.250000
vt 1.000000 0.333333
vt 1.000000 0.416667
vt 1.000000 0.500000
vt 1.000000 0.583333
vt 1.000000 0.666667
vt 1.000000 0.750000
vt 1.000000 0.833333
vt 0.000000 1.000000
vt 0.083333 1.000000
vt 0.083333 0.916667
vt 0.000000 0.916667
vt 0.000000 0.083333
vt 0.083333 0.083333
vt 0.083333 0.000000
vt 0.000000 0.000000
vt 0.000000 0.166667
vt 0.083333 0.166667
vt 0.000000 0.250000
vt 0.083333 0.250000
vt 0.000000 0.333333
vt 0.083333 0.333333
vt 0.000000 0.416667
vt 0.083333 0.416667
vt 0.000000 0.500000
vt 0.083333 0.500000
vt 0.000000 0.583333
vt 0.083333 0.583333
vt 0.000000 0.666667
vt 0.083333 0.666667
vt 0.000000 0.750000
vt 0.083333 0.750000
vt 0.000000 0.833333
vt 0.083333 0.833333
vt 0.166667 1.000000
vt 0.166667 0.916667
vt 0.166667 0.083333
vt 0.166667 0.000000
vt 0.166667 0.166667
vt 0.166667 0.250000
vt 0.166667 0.333333
vt 0.166667 0.416667
vt 0.166667 0.500000
vt 0.166667 0.583333
vt 0.166667 0.666667
vt 0.166667 0.750000
vt 0.166667 0.833333
vt 0.250000 1.000000
vt 0.250000 0.916667
vt 0.250000 0.083333
vt 0.250000 0.000000
vt 0.250000 0.166667
vt 0.250000 0.250000
vt 0.250000 0.333333
vt 0.250000 0.416667
vt 0.250000 0.500000
vt 0.250000 0.583333
vt 0.250000 0.666667
vt 0.250000 0.750000
vt 0.250000 0.833333
vt 0.333333 1.000000
vt 0.333333 0.916667
vt 0.333333 0.083333
vt 0.333333 0.000000
vt 0.333333 0.166667
vt 0.333333 0.250000
vt 0.333333 0.333333
vt 0.333333 0.416667
vt 0.333333 0.500000
vt 0.333333 0.583333
vt 0.333333 0.666667
vt 0.333333 0.750000
vt 0.333333 0.833333
vt 0.416667 1.000000
vt 0.416667 0.916667
vt 0.416667 0.083333
vt 0.416667 0.000000
vt 0.416667 0.166667
vt 0.416667 0.250000
vt 0.416667 0.333333
vt 0.416667 0.416667
vt 0.416667 0.500000
vt 0.416667 0.583333
vt 0.416667 0.666667
vt 0.416667 0.750000
vt 0.416667 0.833333
vt 0.500000 1.000000
vt 0.500000 0.916667
vt 0.500000 0.083333
vt 0.500000 0.000000
vt 0.500000 0.166667
vt 0.500000 0.250000
vt 0.500000 0.333333
vt 0.500000 0.416667
vt 0.500000 0.500000
vt 0.500000 0.583333
vt 0.500000 0.666667
vt 0.500000 0.750000
vt 0.500000 0.833333
vt 0.583333 1.000000
vt 0.583333 0.916667
vt 0.583333 0.083333
vt 0.583333 0.000000
vt 0.583333 0.166667
vt 0.583333 0.250000
vt 0.583333 0.333333
vt 0.583333 0.416667
vt 0.583333 0.500000
vt 0.583333 0.583333
vt 0.583333 0.666667
vt 0.583333 0.750000
vt 0.583333 0.833333
vt 0.666667 1.000000
vt 0.666667 0.916667
vt 0.666667 0.083333
vt 0.666667 0.000000
vt 0.666667 0.166667
vt 0.666667 0.250000
vt 0.666667 0.333333
vt 0.666667 0.416667
vt 0.666667 0.500000
vt 0.666667 0.583333
vt 0.666667 0.666667
vt 0.666667 0.750000
vt 0.666667 0.833333
vt 0.750000 1.000000
vt 0.750000 0.916667
vt 0.750000 0.083333
vt 0.750000 0.000000
vt 0.750000 0.166667
vt 0.750000 0.250000
vt 0.750000 0.333333
vt 0.750000 0.416667
vt 0.750000 0.500000
vt 0.750000 0.583333
vt 0.750000 0.666667
vt 0.750000 0.750000
vt 0.750000 0.833333
vt 0.833333 1.000000
vt 0.833333 0.916667
vt 0.833333 0.083333
vt 0.833333 0.000000
vt 0.833333 0.166667
vt 0.833333 0.250000
vt 0.833333 0.333333
vt 0.833333 0.416667
vt 0.833333 0.500000
vt 0.833333 0.583333
vt 0.833333 0.666667
vt 0.833333 0.750000
vt 0.833333 0.833333
vt 0.916667 1.000000
vt 0.916667 0.916667
vt 0.916667 0.083333
vt 0.916667 0.000000
vt 0.916667 0.166667
vt 0.916667 0.250000
vt 0.916667 0.333333
vt 0.916667 0.416667
vt 0.916667 0.500000
vt 0.916667 0.583333
vt 0.916667 0.666667
vt 0.916667 0.750000
vt 0.916667 0.833333
vt 1.000000 1.000000
vt 1.000000 0.916667
vt 1.000000 0.083333
vt 1.000000 0.000000
vt 1.000000 0.166667
vt 1.000000 0.250000
vt 1.000000 0.333333
vt 1.000000 0.416667
vt 1.000000 0.500000
vt 1.000000 0.583333
vt 1.000000 0.666667
vt 1.000000 0.750000
vt 1.000000 0.833333
vt 0.000000 1.000000
vt 0.083333 1.000000
vt 0.083333 0.916667
vt 0.000000 0.916667
vt 0.000000 0.083333
vt 0.083333 0.083333
vt 0.083333 0.000000
vt 0.000000 0.000000
vt 0.000000 0.166667
vt 0.083333 0.166667
vt 0.000000 0.250000
vt 0.083333 0.250000
vt 0.000000 0.333333
vt 0.083333 0.333333
vt 0.000000 0.416667
vt 0.083333 0.416667
vt 0.000000 0.500000
vt 0.083333 0.500000
vt 0.000000 0.583333
vt 0.083333 0.583333
vt 0.000000 0.666667
vt 0.083333 0.666667
vt 0.000000 0.750000
vt 0.083333 0.750000
vt 0.000000 0.833333
vt 0.083333 0.833333
vt 0.166667 1.000000
vt 0.166667 0.916667
vt 0.166667 0.083333
vt 0.166667 0.000000
vt 0.166667 0.166667
vt 0.166667 0.250000
vt 0.166667 0.333333
vt 0.166667 0.416667
vt 0.166667 0.500000
vt 0.166667 0.583333
vt 0.166667 0.666667
vt 0.166667 0.750000
vt 0.166667 0.833333
vt 0.250000 1.000000
vt 0.250000 0.916667
vt 0.250000 0.083333
vt 0.250000 0.000000
vt 0.250000 0.166667
vt 0.250000 0.250000
vt 0.250000 0.333333
vt 0.250000 0.416667
vt 0.250000 0.500000
vt 0.250000 0.583333
vt 0.250000 0.666667
vt 0.250000 0.750000
vt 0.250000 0.833333
vt 0.333333 1.000000
vt 0.333333 0.916667
vt 0.333333 0.083333
vt 0.333333 0.000000
vt 0.333333 0.166667
vt 0.333333 0.250000
vt 0.333333 0.333333
vt 0.333333 0.416667
vt 0.333333 0.500000
vt 0.333333 0.583333
vt 0.333333 0.666667
vt 0.333333 0.750000
vt 0.333333 0.833333
vt 0.416667 1.000000
vt 0.416667 0.916667
vt 0.416667 0.083333
vt 0.416667 0.000000
vt 0.416667 0.166667
vt 0.416667 0.250000
vt 0.416667 0.333333
vt 0.416667 0.416667
vt 0.416667 0.500000
vt 0.416667 0.583333
vt 0.416667 0.666667
vt 0.416667 0.750000
vt 0.416667 0.833333
vt 0.500000 1.000000
vt 0.500000 0.916667
vt 0.500000 0.083333
vt 0.500000 0.000000
vt 0.500000 0.166667
vt 0.500000 0.250000
vt 0.500000 0.333333
vt 0.500000 0.416667
vt 0.500000 0.500000
vt 0.500000 0.583333
vt 0.500000 0.666667
vt 0.500000 0.750000
vt 0.500000 0.833333
vt 0.583333 1.000000
vt 0.583333 0.916667
vt 0.583333 0.083333
vt 0.583333 0.000000
vt 0.583333 0.166667
vt 0.583333 0.250000
vt 0.583333 0.333333
vt 0.583333 0.416667
vt 0.583333 0.500000
vt 0.583333 0.583333
vt 0.583333 0.666667
vt 0.583333 0.750000
vt 0.583333 0.833333
vt 0.666667 1.000000
vt 0.666667 0.916667
vt 0.666667 0.083333
vt 0.666667 0.000000
vt 0.666667 0.166667
vt 0.666667 0.250000
vt 0.666667 0.333333
vt 0.666667 0.416667
vt 0.666667 0.500000
vt 0.666667 0.583333
vt 0.666667 0.666667
vt 0.666667 0.750000
vt 0.666667 0.833333
vt 0.750000 1.000000
vt 0.750000 0.916667
vt 0.750000 0.083333
vt 0.750000 0.000000
vt 0.750000 0.166667
vt 0.750000 0.250000
vt 0.750000 0.333333
vt 0.750000 0.416667
vt 0.750000 0.500000
vt 0.750000 0.583333
vt 0.750000 0.666667
vt 0.750000 0.750000
vt 0.750000 0.833333
vt 0.833333 1.000000
vt 0.833333 0.916667
vt 0.833333 0.083333
vt 0.833333 0.000000
vt 0.833333 0.166667
vt 0.833333 0.250000
vt 0.833333 0.333333
vt 0.833333 0.416667
vt 0.833333 0.500000
vt 0.833333 0.583333
vt 0.833333 0.666667
vt 0.833333 0.750000
vt 0.833333 0.833333
vt 0.916667 1.000000
vt 0.916667 0.916667
vt 0.916667 0.083333
vt 0.916667 0.000000
vt 0.916667 0.166667
vt 0.916667 0.250000
vt 0.916667 0.333333
vt 0.916667 0.416667
vt 0.916667 0.500000
vt 0.916667 0.583333
vt 0.916667 0.666667
vt 0.916667 0.750000
vt 0.916667 0.833333
vt 1.000000 1.000000
vt 1.000000 0.916667
vt 1.000000 0.083333
vt 1.000000 0.000000
vt 1.000000 0.166667
vt 1.000000 0.250000
vt 1.000000 0.333333
vt 1.000000 0.416667
vt 1.000000 0.500000
vt 1.000000 0.583333
vt 1.000000 0.666667
vt 1.000000 0.750000
vt 1.000000 0.833333
vt 0.000000 1.000000
vt 0.083333 1.000000
vt 0.083333 0.916667
vt 0.000000 0.916667
vt 0.000000 0.083333
vt 0.083333 0.083333
vt 0.083333 0.000000
vt 0.000000 0.000000
vt 0.000000 0.166667
vt 0.083333 0.166667
vt 0.000000 0.250000
vt 0.083333 0.250000
vt 0.000000 0.333333
vt 0.083333 0.333333
vt 0.000000 0.416667
vt 0.083333 0.416667
vt 0.000000 0.500000
vt 0.083333 0.500000
vt 0.000000 0.583333
vt 0.083333 0.583333
vt 0.000000 0.666667
vt 0.083333 0.666667
vt 0.000000 0.750000
vt 0.083333 0.750000
vt 0.000000 0.833333
vt 0.083333 0.833333
vt 0.166667 1.000000
vt 0.166667 0.916667
vt 0.166667 0.083333
vt 0.166667 0.000000
vt 0.166667 0.166667
vt 0.166667 0.250000
vt 0.166667 0.333333
vt 0.166667 0.416667
vt 0.166667 0.500000
vt 0.166667 0.583333
vt 0.166667 0.666667
vt 0.166667 0.750000
vt 0.166667 0.833333
vt 0.250000 1.000000
vt 0.250000 0.916667
vt 0.250000 0.083333
vt 0.250000 0.000000
vt 0.250000 0.166667
vt 0.250000 0.250000
vt 0.250000 0.333333
vt 0.250000 0.416667
vt 0.250000 0.500000
vt 0.250000 0.583333
vt 0.250000 0.666667
vt 0.250000 0.750000
vt 0.250000 0.833333
vt 0.333333 1.000000
vt 0.333333 0.916667
vt 0.333333 0.083333
vt 0.333333 0.000000
vt 0.333333 0.166667
vt 0.333333 0.250000
vt 0.333333 0.333333
vt 0.333333 0.416667
vt 0.333333 0.500000
vt 0.333333 0.583333
vt 0.333333 0.666667
vt 0.333333 0.750000
vt 0.333333 0.833333
vt 0.416667 1.000000
vt 0.416667 0.916667
vt 0.416667 0.083333
vt 0.416667 0.000000
vt 0.416667 0.166667
vt 0.416667 0.250000
vt 0.416667 0.333333
vt 0.416667 0.416667
vt 0.416667 0.500000
vt 0.416667 0.583333
vt 0.416667 0.666667
vt 0.416667 0.750000
vt 0.416667 0.833333
vt 0.500000 1.000000
vt 0.500000 0.916667
vt 0.500000 0.083333
vt 0.500000 0.000000
vt 0.500000 0.166667
vt 0.500000 0.250000
vt 0.500000 0.333333
vt 0.500000 0.416667
vt 0.500000 0.500000
vt 0.500000 0.583333
vt 0.500000 0.666667
vt 0.500000 0.750000
vt 0.500000 0.833333
vt 0.583333 1.000000
vt 0.583333 0.916667
vt 0.583333 0.083333
vt 0.583333 0.000000
vt 0.583333 0.166667
vt 0.583333 0.250000
vt 0.583333 0.333333
vt 0.583333 0.416667
vt 0.583333 0.500000
vt 0.583333 0.583333
vt 0.583333 0.666667
vt 0.583333 0.750000
vt 0.583333 0.833333
vt 0.666667 1.000000
vt 0.666667 0.916667
vt 0.666667 0.083333
vt 0.666667 0.000000
vt 0.666667 0.166667
vt 0.666667 0.250000
vt 0.666667 0.333333
vt 0.666667 0.416667
vt 0.666667 0.500000
vt 0.666667 0.583333
vt 0.666667 0.666667
vt 0.666667 0.750000
vt 0.666667 0.833333
vt 0.750000 1.000000
vt 0.750000 0.916667
vt 0.750000 0.083333
vt 0.750000 0.000000
vt 0.750000 0.166667
vt 0.750000 0.250000
vt 0.750000 0.333333
vt 0.750000 0.416667
vt 0.750000 0.500000
vt 0.750000 0.583333
vt 0.750000 0.666667
vt 0.750000 0.750000
vt 0.750000 0.833333
vt 0.833333 1.000000
vt 0.833333 0.916667
vt 0.833333 0.083333
vt 0.833333 0.000000
vt 0.833333 0.166667
vt 0.833333 0.250000
vt 0.833333 0.333333
vt 0.833333 0.416667
vt 0.833333 0.500000
vt 0.833333 0.583333
vt 0.833333 0.666667
vt 0.833333 0.750000
vt 0.833333 0.833333
vt 0.916667 1.000000
vt 0.916667 0.916667
vt 0.916667 0.083333
vt 0.916667 0.000000
vt 0.916667 0.166667
vt 0.916667 0.250000
vt 0.916667 0.333333
vt 0.916667 0.416667
vt 0.916667 0.500000
vt 0.916667 0.583333
vt 0.916667 0.666667
vt 0.916667 0.750000
vt 0.916667 0.833333
vt 1.000000 1.000000
vt 1.000000 0.916667
vt 1.000000 0.083333
vt 1.000000 0.000000
vt 1.000000 0.166667
vt 1.000000 0.250000
vt 1.000000 0.333333
vt 1.000000 0.416667
vt 1.000000 0.500000
vt 1.000000 0.583333
vt 1.000000 0.666667
vt 1.000000 0.750000
vt 1.000000 0.833333
vn -0.9636 0.2586 -0.0673
vn -0.7058 0.7068 -0.0483
vn -0.2585 0.9659 -0.0170
vn 0.2586 0.9659 0.0159
vn 0.7064 0.7067 0.0404
vn 0.9646 0.2585 0.0521
vn 0.9646 -0.2585 0.0521
vn 0.7064 -0.7067 0.0404
vn 0.2586 -0.9659 0.0159
vn -0.2585 -0.9659 -0.0170
vn -0.7058 -0.7068 -0.0483
vn -0.9636 -0.2586 -0.0673
vn -0.9484 0.2583 -0.1838
vn -0.6949 0.7064 -0.1347
vn -0.2546 0.9658 -0.0493
vn 0.2546 0.9658 0.0493
vn 0.6949 0.7064 0.1345
vn 0.9485 0.2583 0.1835
vn 0.9485 -0.2583 0.1835
vn 0.6949 -0.7064 0.1345
vn 0.2546 -0.9658 0.0493
vn -0.2546 -0.9658 -0.0493
vn -0.6949 -0.7064 -0.1347
vn -0.9484 -0.2583 -0.1838
vn -0.9169 0.2583 -0.3043
vn -0.6718 0.7064 -0.2230
vn -0.2461 0.9658 -0.0817
vn 0.2461 0.9658 0.0816
vn 0.6719 0.7064 0.2227
vn 0.9170 0.2583 0.3038
vn 0.9170 -0.2583 0.3038
vn 0.6719 -0.7064 0.2227
vn 0.2461 -0.9658 0.0816
vn -0.2461 -0.9658 -0.0817
vn -0.6718 -0.7064 -0.2230
vn -0.9169 -0.2583 -0.3043
vn -0.8694 0.2583 -0.4213
vn -0.6370 0.7063 -0.3087
vn -0.2334 0.9658 -0.1131
vn 0.2334 0.9658 0.1130
vn 0.6371 0.7063 0.3084
vn 0.8696 0.2583 0.4208
vn 0.8696 -0.2583 0.4208
vn 0.6372 -0.7063 0.3084
vn 0.2334 -0.9658 0.1130
vn -0.2334 -0.9658 -0.1131
vn -0.6370 -0.7063 -0.3087
vn -0.8694 -0.2583 -0.4213
vn -0.8060 0.2583 -0.5326
vn -0.5906 0.7063 -0.3903
vn -0.2164 0.9658 -0.1430
vn 0.2164 0.9658 0.1430
vn 0.5907 0.7063 0.3901
vn 0.8062 0.2583 0.5323
vn 0.8062 -0.2583 0.5323
vn 0.5907 -0.7063 0.3901
vn 0.2164 -0.9658 0.1430
vn -0.2164 -0.9658 -0.1430
vn -0.5906 -0.7063 -0.3903
vn -0.8060 -0.2583 -0.5326
vn -0.7274 0.2583 -0.6357
vn -0.5330 0.7063 -0.4658
vn -0.1953 0.9658 -0.1707
vn 0.1953 0.9658 0.1707
vn 0.5330 0.7063 0.4658
vn 0.7274 0.2583 0.6357
vn 0.7274 -0.2583 0.6357
vn 0.5330 -0.7063 0.4658
vn 0.1953 -0.9658 0.1707
vn -0.1953 -0.9658 -0.1707
vn -0.5330 -0.7063 -0.4658
vn -0.7274 -0.2583 -0.6357
vn -0.6357 0.2583 -0.7274
vn -0.4658 0.7063 -0.5330
vn -0.1707 0.9658 -0.1953
vn 0.1707 0.9658 0.1953
vn 0.4658 0.7063 0.5330
vn 0.6357 0.2583 0.7274
vn 0.6357 -0.2583 0.7274
vn 0.4658 -0.7063 0.5330
vn 0.1707 -0.9658 0.1953
vn -0.1707 -0.9658 -0.1953
vn -0.4658 -0.7063 -0.5330
vn -0.6357 -0.2583 -0.7274
vn -0.5326 0.2583 -0.8060
vn -0.3903 0.7063 -0.5906
vn -0.1430 0.9658 -0.2164
vn 0.1430 0.9658 0.2164
vn 0.3901 0.7063 0.5907
vn 0.5322 0.2583 0.8062
vn 0.5322 -0.2583 0.8062
vn 0.3901 -0.7063 0.5907
vn 0.1430 -0.9658 0.2164
vn -0.1430 -0.9658 -0.2164
vn -0.3903 -0.7063 -0.5906
vn -0.5326 -0.2583 -0.8060
vn -0.4213 0.2583 -0.8694
vn -0.3087 0.7063 -0.6370
vn -0.1131 0.9658 -0.2334
vn 0.1130 0.9658 0.2334
vn 0.3084 0.7063 0.6371
vn 0.4208 0.2583 0.8696
vn 0.4208 -0.2583 0.8696
vn 0.3084 -0.7063 0.6371
vn 0.1130 -0.9658 0.2334
vn -0.1131 -0.9658 -0.2334
vn -0.3087 -0.7063 -0.6370
vn -0.4213 -0.2583 -0.8694
vn -0.3043 0.2583 -0.9169
vn -0.2230 0.7064 -0.6718
vn -0.0817 0.9658 -0.2461
vn 0.0816 0.9658 0.2461
vn 0.2227 0.7064 0.6719
vn 0.3038 0.2583 0.9170
vn 0.3038 -0.2583 0.9171
vn 0.2227 -0.7064 0.6719
vn 0.0816 -0.9658 0.2461
vn -0.0817 -0.9658 -0.2461
vn -0.2230 -0.7064 -0.6718
vn -0.3043 -0.2583 -0.9169
vn -0.1838 0.2583 -0.9484
vn -0.1347 0.7064 -0.6949
vn -0.0493 0.9658 -0.2546
vn 0.0493 0.9658 0.2546
vn 0.1345 0.7064 0.6949
vn 0.1835 0.2583 0.9485
vn 0.1835 -0.2583 0.9485
vn 0.1345 -0.7064 0.6949
vn 0.0493 -0.9658 0.2546
vn -0.0493 -0.9658 -0.2546
vn -0.1347 -0.7064 -0.6949
vn -0.1838 -0.2583 -0.9484
vn -0.0615 0.2583 -0.9641
vn -0.0451 0.7064 -0.7064
vn -0.0165 0.9658 -0.2588
vn 0.0165 0.9658 0.2588
vn 0.0450 0.7064 0.7064
vn 0.0614 0.2583 0.9641
vn 0.0614 -0.2583 0.9641
vn 0.0450 -0.7064 0.7064
vn 0.0165 -0.9658 0.2588
vn -0.0165 -0.9658 -0.2588
vn -0.0451 -0.7064 -0.7064
vn -0.0615 -0.2583 -0.9641
vn 0.0615 0.2583 -0.9641
vn 0.0450 0.7064 -0.7064
vn 0.0165 0.9658 -0.2588
vn -0.0165 0.9658 0.2588
vn -0.0450 0.7064 0.7064
vn -0.0614 0.2583 0.9641
vn -0.0614 -0.2583 0.9641
vn -0.0450 -0.7064 0.7064
vn -0.0165 -0.9658 0.2588
vn 0.0165 -0.9658 -0.2588
vn 0.0450 -0.7064 -0.7064
vn 0.0615 -0.2583 -0.9641
vn 0.1838 0.2583 -0.9484
vn 0.1347 0.7064 -0.6949
vn 0.0493 0.9658 -0.2546
vn -0.0493 0.9658 0.2546
vn -0.1345 0.7064 0.6949
vn -0.1835 0.2583 0.9485
vn -0.1835 -0.2583 0.9485
vn -0.1345 -0.7064 0.6949
vn -0.0493 -0.9658 0.2546
vn 0.0493 -0.9658 -0.2546
vn 0.1347 -0.7064 -0.6949
vn 0.1838 -0.2583 -0.9484
vn 0.3043 0.2583 -0.9169
vn 0.2230 0.7064 -0.6718
vn 0.0817 0.9658 -0.2461
vn -0.0816 0.9658 0.2461
vn -0.2227 0.7064 0.6719
vn -0.3038 0.2583 0.9170
vn -0.3038 -0.2583 0.9170
vn -0.2227 -0.7064 0.6719
vn -0.0816 -0.9658 0.2462
vn 0.0817 -0.9658 -0.2461
vn 0.2230 -0.7064 -0.6718
vn 0.3043 -0.2583 -0.9169
vn 0.4213 0.2583 -0.8694
vn 0.3087 0.7063 -0.6370
vn 0.1131 0.9658 -0.2334
vn -0.1130 0.9658 0.2334
vn -0.3084 0.7063 0.6371
vn -0.4208 0.2583 0.8696
vn -0.4208 -0.2583 0.8696
vn -0.3084 -0.7063 0.6372
vn -0.1130 -0.9658 0.2334
vn 0.1131 -0.9658 -0.2334
vn 0.3087 -0.7063 -0.6370
vn 0.4213 -0.2583 -0.8694
vn 0.5326 0.2583 -0.8060
vn 0.3903 0.7063 -0.5906
vn 0.1430 0.9658 -0.2164
vn -0.1430 0.9658 0.2164
vn -0.3901 0.7063 0.5907
vn -0.5323 0.2583 0.8062
vn -0.5323 -0.2583 0.8062
vn -0.3901 -0.7063 0.5907
vn -0.1430 -0.9658 0.2164
vn 0.1430 -0.9658 -0.2164
vn 0.3903 -0.7063 -0.5906
vn 0.5326 -0.2583 -0.8060
vn 0.6325 0.2585 -0.7301
vn 0.4638 0.7066 -0.5344
vn 0.1703 0.9658 -0.1954
vn -0.1709 0.9658 0.1949
vn -0.4687 0.7066 0.5302
vn -0.6421 0.2584 0.7218
vn -0.6421 -0.2584 0.7218
vn -0.4687 -0.7066 0.5302
vn -0.1709 -0.9658 0.1949
vn 0.1703 -0.9658 -0.1954
vn 0.4638 -0.7066 -0.5344
vn 0.6325 -0.2585 -0.7301
vn 0.6830 0.2588 -0.6831
vn 0.5000 0.7070 -0.5001
vn 0.1831 0.9659 -0.1831
vn -0.1831 0.9659 0.1831
vn -0.5001 0.7070 0.5000
vn -0.6831 0.2588 0.6830
vn -0.6831 -0.2587 0.6830
vn -0.5001 -0.7070 0.5000
vn -0.1831 -0.9659 0.1831
vn 0.1831 -0.9659 -0.1831
vn 0.5000 -0.7070 -0.5001
vn 0.6830 -0.2588 -0.6831
vn -0.9659 0.2586 0.0105
vn -0.7071 0.7065 0.0286
vn -0.2588 0.9651 0.0391
vn 0.2588 0.9651 0.0391
vn 0.7071 0.7065 0.0286
vn 0.9659 0.2586 0.0105
vn 0.9659 -0.2586 -0.0105
vn 0.7071 -0.7065 -0.0286
vn 0.2588 -0.9651 -0.0391
vn -0.2588 -0.9651 -0.0391
vn -0.7071 -0.7065 -0.0286
vn -0.9659 -0.2586 -0.0105
vn 0.0000 0.2588 0.9659
vn 0.0000 0.7071 0.7071
vn 0.0000 0.9659 0.2588
vn 0.0000 0.9659 -0.2588
vn 0.0000 0.7071 -0.7071
vn 0.0000 0.2588 -0.9659
vn 0.0000 -0.2588 -0.9659
vn 0.0000 -0.7071 -0.7071
vn 0.0000 -0.9659 -0.2588
vn 0.0000 -0.9659 0.2588
vn 0.0000 -0.7071 0.7071
vn 0.0000 -0.2588 0.9659
vn -0.6830 0.2588 0.6830
vn -0.5000 0.7071 0.5000
vn -0.1830 0.9659 0.1830
vn 0.1830 0.9659 -0.1830
vn 0.5000 0.7071 -0.5000
vn 0.6830 0.2588 -0.6830
vn 0.6830 -0.2588 -0.6830
vn 0.5000 -0.7071 -0.5000
vn 0.1830 -0.9659 -0.1830
vn -0.1830 -0.9659 0.1830
vn -0.5000 -0.7071 0.5000
vn -0.6830 -0.2588 0.6830
vn -0.9659 0.2588 0.0000
vn -0.7071 0.7071 0.0000
vn -0.2588 0.9659 0.0000
vn 0.2588 0.9659 0.0000
vn 0.7071 0.7071 0.0000
vn 0.9659 0.2588 0.0000
vn 0.9659 -0.2588 0.0000
vn 0.7071 -0.7071 0.0000
vn 0.2588 -0.9659 0.0000
vn -0.2588 -0.9659 0.0000
vn -0.7071 -0.7071 0.0000
vn -0.9659 -0.2588 0.0000
vn 0.0521 0.2585 0.9646
vn 0.0404 0.7067 0.7064
vn 0.0159 0.9659 0.2586
vn -0.0170 0.9659 -0.2585
vn -0.0483 0.7068 -0.7058
vn -0.0672 0.2586 -0.9636
vn -0.0672 -0.2586 -0.9636
vn -0.0483 -0.7068 -0.7058
vn -0.0170 -0.9659 -0.2585
vn 0.0159 -0.9659 0.2586
vn 0.0404 -0.7067 0.7064
vn 0.0521 -0.2585 0.9646
vn 0.3038 -0.2583 0.9170
vn 0.6372 0.7063 0.3084
vn 0.6371 -0.7063 0.3084
vn 0.9641 0.2583 0.0613
vn 0.7064 0.7064 0.0450
vn 0.2588 0.9658 0.0165
vn -0.2588 0.9658 -0.0165
vn -0.7064 0.7064 -0.0450
vn -0.9641 0.2583 -0.0615
vn -0.9641 -0.2583 -0.0615
vn -0.7064 -0.7064 -0.0450
vn -0.2588 -0.9658 -0.0165
vn 0.2588 -0.9658 0.0165
vn 0.7064 -0.7064 0.0450
vn 0.9641 -0.2583 0.0613
vn 0.9641 0.2583 -0.0613
vn 0.7064 0.7064 -0.0450
vn 0.2588 0.9658 -0.0165
vn -0.2588 0.9658 0.0165
vn -0.7064 0.7064 0.0450
vn -0.9641 0.2583 0.0615
vn -0.9641 -0.2583 0.0615
vn -0.7064 -0.7064 0.0450
vn -0.2588 -0.9658 0.0165
vn 0.2588 -0.9658 -0.0165
vn 0.7064 -0.7064 -0.0450
vn 0.9641 -0.2583 -0.0613
vn 0.9485 0.2583 -0.1835
vn 0.6949 0.7064 -0.1345
vn 0.2546 0.9658 -0.0493
vn -0.2546 0.9658 0.0493
vn -0.6949 0.7064 0.1347
vn -0.9484 0.2583 0.1838
vn -0.9484 -0.2583 0.1838
vn -0.6949 -0.7064 0.1347
vn -0.2546 -0.9658 0.0493
vn 0.2546 -0.9658 -0.0493
vn 0.6949 -0.7064 -0.1345
vn 0.9485 -0.2583 -0.1835
vn 0.9170 0.2583 -0.3038
vn 0.6719 0.7064 -0.2227
vn 0.2461 0.9658 -0.0816
vn -0.2461 0.9658 0.0817
vn -0.6718 0.7064 0.2230
vn -0.9169 0.2583 0.3043
vn -0.9169 -0.2583 0.3043
vn -0.6718 -0.7064 0.2230
vn -0.2461 -0.9658 0.0817
vn 0.2461 -0.9658 -0.0816
vn 0.6719 -0.7064 -0.2227
vn 0.9170 -0.2583 -0.3038
vn 0.8696 0.2583 -0.4208
vn 0.6371 0.7063 -0.3084
vn 0.2334 0.9658 -0.1130
vn -0.2334 0.9658 0.1131
vn -0.6370 0.7063 0.3087
vn -0.8694 0.2583 0.4213
vn -0.8694 -0.2583 0.4213
vn -0.6370 -0.7063 0.3087
vn -0.2334 -0.9658 0.1131
vn 0.2334 -0.9658 -0.1130
vn 0.6371 -0.7063 -0.3084
vn 0.8696 -0.2583 -0.4208
vn 0.8062 0.2583 -0.5322
vn 0.5907 0.7063 -0.3901
vn 0.2164 0.9658 -0.1430
vn -0.2164 0.9658 0.1430
vn -0.5906 0.7063 0.3903
vn -0.8060 0.2583 0.5326
vn -0.8060 -0.2583 0.5326
vn -0.5906 -0.7063 0.3903
vn -0.2164 -0.9658 0.1430
vn 0.2164 -0.9658 -0.1430
vn 0.5907 -0.7063 -0.3901
vn 0.8062 -0.2583 -0.5322
vn 0.7210 0.2584 -0.6430
vn 0.5296 0.7066 -0.4692
vn 0.1947 0.9658 -0.1709
vn -0.1954 0.9659 0.1701
vn -0.5350 0.7068 0.4629
vn -0.7314 0.2586 0.6311
vn -0.7314 -0.2586 0.6311
vn -0.5350 -0.7068 0.4629
vn -0.1954 -0.9659 0.1701
vn 0.1947 -0.9658 -0.1709
vn 0.5296 -0.7066 -0.4692
vn 0.7210 -0.2585 -0.6430
vn -0.9644 0.2585 0.0551
vn -0.7063 0.7066 0.0427
vn -0.2586 0.9658 0.0168
vn 0.2585 0.9659 -0.0179
vn 0.7056 0.7068 -0.0509
vn 0.9634 0.2586 -0.0709
vn 0.9634 -0.2586 -0.0709
vn 0.7056 -0.7068 -0.0509
vn 0.2585 -0.9659 -0.0179
vn -0.2586 -0.9658 0.0168
vn -0.7063 -0.7066 0.0427
vn -0.9644 -0.2585 0.0551
vn -0.9464 0.2583 0.1937
vn -0.6935 0.7063 0.1419
vn -0.2541 0.9658 0.0519
vn 0.2541 0.9658 -0.0519
vn 0.6936 0.7063 -0.1416
vn 0.9465 0.2583 -0.1933
vn 0.9465 -0.2583 -0.1933
vn 0.6936 -0.7063 -0.1416
vn 0.2541 -0.9658 -0.0519
vn -0.2541 -0.9658 0.0519
vn -0.6935 -0.7063 0.1419
vn -0.9464 -0.2583 0.1937
vn -0.9124 0.2583 0.3174
vn -0.6686 0.7063 0.2324
vn -0.2450 0.9658 0.0851
vn 0.2450 0.9658 -0.0851
vn 0.6687 0.7063 -0.2322
vn 0.9126 0.2583 -0.3168
vn 0.9126 -0.2583 -0.3168
vn 0.6687 -0.7063 -0.2322
vn 0.2450 -0.9658 -0.0851
vn -0.2450 -0.9658 0.0851
vn -0.6686 -0.7063 0.2324
vn -0.9124 -0.2583 0.3174
vn -0.8633 0.2583 0.4336
vn -0.6326 0.7064 0.3176
vn -0.2318 0.9658 0.1163
vn 0.2318 0.9658 -0.1163
vn 0.6327 0.7064 -0.3174
vn 0.8635 0.2583 -0.4332
vn 0.8635 -0.2583 -0.4332
vn 0.6327 -0.7064 -0.3174
vn 0.2318 -0.9658 -0.1163
vn -0.2318 -0.9658 0.1163
vn -0.6326 -0.7064 0.3176
vn -0.8633 -0.2583 0.4336
vn -0.8004 0.2583 0.5409
vn -0.5865 0.7064 0.3963
vn -0.2149 0.9658 0.1452
vn 0.2149 0.9658 -0.1451
vn 0.5866 0.7064 -0.3961
vn 0.8006 0.2583 -0.5406
vn 0.8006 -0.2583 -0.5406
vn 0.5866 -0.7064 -0.3961
vn 0.2149 -0.9658 -0.1451
vn -0.2149 -0.9658 0.1452
vn -0.5865 -0.7064 0.3963
vn -0.8004 -0.2583 0.5409
vn -0.7251 0.2583 0.6384
vn -0.5313 0.7064 0.4677
vn -0.1946 0.9658 0.1713
vn 0.1946 0.9658 -0.1713
vn 0.5313 0.7064 -0.4677
vn 0.7252 0.2583 -0.6383
vn 0.7252 -0.2583 -0.6383
vn 0.5313 -0.7064 -0.4677
vn 0.1947 -0.9658 -0.1713
vn -0.1946 -0.9658 0.1713
vn -0.5313 -0.7064 0.4677
vn -0.7251 -0.2583 0.6384
vn -0.6384 0.2583 0.7251
vn -0.4677 0.7064 0.5313
vn -0.1713 0.9658 0.1946
vn 0.1713 0.9658 -0.1946
vn 0.4677 0.7064 -0.5313
vn 0.6383 0.2583 -0.7252
vn 0.6383 -0.2583 -0.7252
vn 0.4677 -0.7064 -0.5313
vn 0.1713 -0.9658 -0.1947
vn -0.1713 -0.9658 0.1946
vn -0.4677 -0.7064 0.5313
vn -0.6384 -0.2583 0.7251
vn -0.5409 0.2583 0.8004
vn -0.3963 0.7064 0.5865
vn -0.1452 0.9658 0.2149
vn 0.1451 0.9658 -0.2149
vn 0.3961 0.7064 -0.5866
vn 0.5406 0.2583 -0.8006
vn 0.5406 -0.2583 -0.8006
vn 0.3961 -0.7064 -0.5866
vn 0.1451 -0.9658 -0.2149
vn -0.1452 -0.9658 0.2149
vn -0.3963 -0.7064 0.5865
vn -0.5409 -0.2583 0.8004
vn -0.4336 0.2583 0.8633
vn -0.3176 0.7064 0.6326
vn -0.1163 0.9658 0.2318
vn 0.1163 0.9658 -0.2318
vn 0.3174 0.7064 -0.6327
vn 0.4331 0.2583 -0.8635
vn 0.4331 -0.2583 -0.8635
vn 0.3174 -0.7064 -0.6327
vn 0.1163 -0.9658 -0.2318
vn -0.1163 -0.9658 0.2318
vn -0.3176 -0.7064 0.6326
vn -0.4336 -0.2583 0.8633
vn -0.3174 0.2583 0.9124
vn -0.2324 0.7063 0.6686
vn -0.0851 0.9658 0.2450
vn 0.0851 0.9658 -0.2450
vn 0.2322 0.7063 -0.6687
vn 0.3168 0.2583 -0.9126
vn 0.3168 -0.2583 -0.9126
vn 0.2322 -0.7063 -0.6687
vn 0.0851 -0.9658 -0.2450
vn -0.0851 -0.9658 0.2450
vn -0.2324 -0.7063 0.6686
vn -0.3174 -0.2583 0.9124
vn -0.1937 0.2583 0.9464
vn -0.1419 0.7063 0.6935
vn -0.0519 0.9658 0.2541
vn 0.0519 0.9658 -0.2541
vn 0.1416 0.7063 -0.6936
vn 0.1933 0.2583 -0.9465
vn 0.1933 -0.2583 -0.9465
vn 0.1416 -0.7063 -0.6936
vn 0.0519 -0.9658 -0.2541
vn -0.0519 -0.9658 0.2541
vn -0.1419 -0.7063 0.6935
vn -0.1937 -0.2583 0.9464
vn -0.0551 0.2585 0.9644
vn -0.0427 0.7066 0.7063
vn -0.0168 0.9658 0.2586
vn 0.0179 0.9659 -0.2585
vn 0.0509 0.7068 -0.7056
vn 0.0709 0.2586 -0.9634
vn 0.0709 -0.2586 -0.9634
vn 0.0509 -0.7068 -0.7056
vn 0.0179 -0.9659 -0.2585
vn -0.0168 -0.9658 0.2586
vn -0.0427 -0.7066 0.7063
vn -0.0552 -0.2585 0.9644
vn -0.0551 0.2585 -0.9644
vn -0.0427 0.7066 -0.7063
vn -0.0168 0.9658 -0.2586
vn 0.0179 0.9659 0.2585
vn 0.0509 0.7068 0.7056
vn 0.0709 0.2586 0.9634
vn 0.0709 -0.2586 0.9634
vn 0.0509 -0.7068 0.7056
vn 0.0179 -0.9659 0.2585
vn -0.0168 -0.9658 -0.2586
vn -0.0427 -0.7066 -0.7063
vn -0.0552 -0.2585 -0.9644
vn -0.1937 0.2583 -0.9464
vn -0.1419 0.7063 -0.6935
vn -0.0519 0.9658 -0.2541
vn 0.0519 0.9658 0.2541
vn 0.1416 0.7063 0.6936
vn 0.1933 0.2583 0.9465
vn 0.1933 -0.2583 0.9465
vn 0.1416 -0.7063 0.6936
vn 0.0519 -0.9658 0.2541
vn -0.0519 -0.9658 -0.2541
vn -0.1419 -0.7063 -0.6935
vn -0.1937 -0.2583 -0.9464
vn -0.3174 0.2583 -0.9124
vn -0.2324 0.7063 -0.6686
vn -0.0851 0.9658 -0.2450
vn 0.0851 0.9658 0.2450
vn 0.2322 0.7063 0.6687
vn 0.3168 0.2583 0.9126
vn 0.3168 -0.2583 0.9126
vn 0.2322 -0.7063 0.6687
vn 0.0851 -0.9658 0.2450
vn -0.0851 -0.9658 -0.2450
vn -0.2324 -0.7063 -0.6686
vn -0.3174 -0.2583 -0.9124
vn -0.4336 0.2583 -0.8633
vn -0.3176 0.7064 -0.6326
vn -0.1163 0.9658 -0.2318
vn 0.1163 0.9658 0.2318
vn 0.3174 0.7064 0.6327
vn 0.4332 0.2583 0.8635
vn 0.4332 -0.2583 0.8635
vn 0.3174 -0.7064 0.6327
vn 0.1163 -0.9658 0.2318
vn -0.1163 -0.9658 -0.2318
vn -0.3176 -0.7064 -0.6326
vn -0.4336 -0.2583 -0.8633
vn -0.5409 0.2583 -0.8004
vn -0.3963 0.7064 -0.5865
vn -0.1452 0.9658 -0.2149
vn 0.1451 0.9658 0.2149
vn 0.3961 0.7064 0.5866
vn 0.5406 0.2583 0.8006
vn 0.5406 -0.2583 0.8006
vn 0.3961 -0.7064 0.5866
vn 0.1451 -0.9658 0.2149
vn -0.1452 -0.9658 -0.2149
vn -0.3963 -0.7064 -0.5865
vn -0.5409 -0.2583 -0.8004
vn -0.6383 0.2583 -0.7251
vn -0.4677 0.7064 -0.5313
vn -0.1713 0.9658 -0.1946
vn 0.1713 0.9658 0.1946
vn 0.4677 0.7064 0.5313
vn 0.6383 0.2583 0.7252
vn 0.6383 -0.2583 0.7252
vn 0.4677 -0.7064 0.5313
vn 0.1713 -0.9658 0.1947
vn -0.1713 -0.9658 -0.1946
vn -0.4677 -0.7064 -0.5313
vn -0.6383 -0.2583 -0.7251
vn -0.7251 0.2583 -0.6384
vn -0.5313 0.7064 -0.4677
vn -0.1946 0.9658 -0.1713
vn 0.1947 0.9658 0.1713
vn 0.5313 0.7064 0.4677
vn 0.7252 0.2583 0.6383
vn 0.7252 -0.2583 0.6383
vn 0.5313 -0.7064 0.4677
vn 0.1947 -0.9658 0.1713
vn -0.1946 -0.9658 -0.1713
vn -0.5313 -0.7064 -0.4677
vn -0.7251 -0.2583 -0.6384
vn -0.8004 0.2583 -0.5409
vn -0.5865 0.7064 -0.3963
vn -0.2149 0.9658 -0.1452
vn 0.2149 0.9658 0.1451
vn 0.5866 0.7064 0.3961
vn 0.8006 0.2583 0.5406
vn 0.8006 -0.2583 0.5406
vn 0.5866 -0.7064 0.3961
vn 0.2149 -0.9658 0.1451
vn -0.2149 -0.9658 -0.1452
vn -0.5865 -0.7064 -0.3963
vn -0.8004 -0.2583 -0.5409
vn -0.8633 0.2583 -0.4336
vn -0.6326 0.7064 -0.3176
vn -0.2318 0.9658 -0.1163
vn 0.2318 0.9658 0.1163
vn 0.6327 0.7064 0.3174
vn 0.8635 0.2583 0.4331
vn 0.8635 -0.2583 0.4332
vn 0.6327 -0.7064 0.3174
vn 0.2318 -0.9658 0.1163
vn -0.2318 -0.9658 -0.1163
vn -0.6326 -0.7064 -0.3176
vn -0.8633 -0.2583 -0.4336
vn -0.9124 0.2583 -0.3174
vn -0.6686 0.7063 -0.2324
vn -0.2450 0.9658 -0.0851
vn 0.2450 0.9658 0.0851
vn 0.6687 0.7063 0.2322
vn 0.9126 0.2583 0.3168
vn 0.9126 -0.2583 0.3168
vn 0.6687 -0.7063 0.2322
vn 0.2450 -0.9658 0.0851
vn -0.2450 -0.9658 -0.0851
vn -0.6686 -0.7063 -0.2324
vn -0.9124 -0.2583 -0.3174
vn -0.9464 0.2583 -0.1937
vn -0.6935 0.7063 -0.1419
vn -0.2541 0.9658 -0.0519
vn 0.2541 0.9658 0.0519
vn 0.6936 0.7063 0.1416
vn 0.9465 0.2583 0.1933
vn 0.9465 -0.2583 0.1933
vn 0.6936 -0.7063 0.1416
vn 0.2541 -0.9658 0.0519
vn -0.2541 -0.9658 -0.0519
vn -0.6935 -0.7063 -0.1419
vn -0.9464 -0.2583 -0.1937
vn -0.9644 0.2585 -0.0551
vn -0.7063 0.7066 -0.0427
vn -0.2586 0.9658 -0.0168
vn 0.2585 0.9659 0.0179
vn 0.7056 0.7068 0.0509
vn 0.9634 0.2586 0.0709
vn 0.9634 -0.2586 0.0709
vn 0.7056 -0.7068 0.0509
vn 0.2585 -0.9659 0.0179
vn -0.2586 -0.9658 -0.0168
vn -0.7063 -0.7066 -0.0427
vn -0.9644 -0.2585 -0.0551
vn 0.9645 0.2584 -0.0551
vn 0.7063 0.7066 -0.0427
vn 0.2586 0.9658 -0.0168
vn -0.2585 0.9659 0.0179
vn -0.7056 0.7068 0.0509
vn -0.9634 0.2586 0.0709
vn -0.9634 -0.2586 0.0709
vn -0.7056 -0.7068 0.0509
vn -0.2585 -0.9659 0.0179
vn 0.2586 -0.9658 -0.0168
vn 0.7063 -0.7066 -0.0427
vn 0.9644 -0.2585 -0.0551
vn 0.9464 0.2583 -0.1937
vn 0.6935 0.7063 -0.1419
vn -0.6936 0.7063 0.1416
vn -0.9465 0.2583 0.1933
vn -0.9465 -0.2583 0.1933
vn -0.6936 -0.7063 0.1416
vn 0.6935 -0.7063 -0.1419
vn 0.9464 -0.2583 -0.1937
vn 0.9124 0.2583 -0.3174
vn 0.6686 0.7063 -0.2324
vn -0.6687 0.7063 0.2322
vn -0.9126 0.2583 0.3168
vn -0.9126 -0.2583 0.3168
vn -0.6687 -0.7063 0.2322
vn 0.6686 -0.7063 -0.2324
vn 0.9124 -0.2583 -0.3174
vn 0.8633 0.2583 -0.4336
vn 0.6326 0.7064 -0.3176
vn -0.6327 0.7064 0.3174
vn -0.8635 0.2583 0.4331
vn -0.8635 -0.2583 0.4331
vn -0.6327 -0.7064 0.3174
vn 0.6326 -0.7064 -0.3176
vn 0.8633 -0.2583 -0.4336
vn 0.8004 0.2583 -0.5409
vn 0.5865 0.7064 -0.3963
vn 0.2149 0.9658 -0.1452
vn -0.2149 0.9658 0.1451
vn -0.5866 0.7064 0.3961
vn -0.8006 0.2583 0.5406
vn -0.8006 -0.2583 0.5406
vn -0.5866 -0.7064 0.3961
vn -0.2149 -0.9658 0.1451
vn 0.2149 -0.9658 -0.1452
vn 0.5865 -0.7064 -0.3963
vn 0.8004 -0.2583 -0.5409
vn 0.7251 0.2583 -0.6384
vn -0.7252 0.2583 0.6383
vn -0.7252 -0.2583 0.6383
vn -0.1947 -0.9658 0.1713
vn 0.1946 -0.9658 -0.1713
vn 0.7251 -0.2583 -0.6384
vn 0.6384 0.2583 -0.7251
vn -0.6383 0.2583 0.7252
vn -0.6383 -0.2583 0.7252
vn -0.1713 -0.9658 0.1947
vn 0.1713 -0.9658 -0.1946
vn 0.6384 -0.2583 -0.7251
vn 0.5409 0.2583 -0.8004
vn 0.3963 0.7064 -0.5865
vn 0.1452 0.9658 -0.2149
vn -0.1451 0.9658 0.2149
vn -0.3961 0.7064 0.5866
vn -0.5406 0.2583 0.8006
vn -0.5406 -0.2583 0.8006
vn -0.3961 -0.7064 0.5866
vn -0.1451 -0.9658 0.2149
vn 0.1452 -0.9658 -0.2149
vn 0.3963 -0.7064 -0.5865
vn 0.5409 -0.2583 -0.8004
vn 0.4336 0.2583 -0.8633
vn 0.3176 0.7064 -0.6326
vn -0.3174 0.7064 0.6327
vn -0.4332 0.2583 0.8635
vn -0.4332 -0.2583 0.8635
vn -0.3174 -0.7064 0.6327
vn 0.3176 -0.7064 -0.6326
vn 0.4336 -0.2583 -0.8633
vn 0.3174 0.2583 -0.9124
vn 0.2324 0.7063 -0.6686
vn -0.2322 0.7063 0.6687
vn -0.3168 0.2583 0.9126
vn -0.3168 -0.2583 0.9126
vn -0.2322 -0.7063 0.6687
vn 0.2324 -0.7063 -0.6686
vn 0.3174 -0.2583 -0.9124
vn 0.1937 0.2583 -0.9464
vn 0.1419 0.7063 -0.6935
vn -0.1416 0.7063 0.6936
vn -0.1933 0.2583 0.9465
vn -0.1933 -0.2583 0.9465
vn -0.1416 -0.7063 0.6936
vn 0.1419 -0.7063 -0.6935
vn 0.1937 -0.2583 -0.9464
vn 0.0552 0.2585 -0.9644
vn 0.0427 0.7066 -0.7063
vn 0.0168 0.9658 -0.2586
vn -0.0179 0.9659 0.2585
vn -0.0509 0.7068 0.7056
vn -0.0709 0.2586 0.9634
vn -0.0709 -0.2586 0.9634
vn -0.0509 -0.7068 0.7056
vn -0.0179 -0.9659 0.2585
vn 0.0168 -0.9658 -0.2586
vn 0.0427 -0.7066 -0.7063
vn 0.0552 -0.2585 -0.9644
vn 0.7071 0.0000 0.7071
usemtl マテリアル.001
s off
f 3169/3433/2316 3181/3434/2316 3192/3435/2316 3180/3436/2316
f 3170/3437/2317 3182/3438/2317 3181/3439/2317 3169/3440/2317
f 3171/3441/2318 3183/3442/2318 3182/3438/2318 3170/3437/2318
f 3172/3443/2319 3184/3444/2319 3183/3442/2319 3171/3441/2319
f 3173/3445/2320 3185/3446/2320 3184/3444/2320 3172/3443/2320
f 3174/3447/2321 3186/3448/2321 3185/3446/2321 3173/3445/2321
f 3175/3449/2322 3187/3450/2322 3186/3448/2322 3174/3447/2322
f 3176/3451/2323 3188/3452/2323 3187/3450/2323 3175/3449/2323
f 3177/3453/2324 3189/3454/2324 3188/3452/2324 3176/3451/2324
f 3178/3455/2325 3190/3456/2325 3189/3454/2325 3177/3453/2325
f 3179/3457/2326 3191/3458/2326 3190/3456/2326 3178/3455/2326
f 3180/3436/2327 3192/3435/2327 3191/3458/2327 3179/3457/2327
f 3181/3434/2328 3193/3459/2328 3204/3460/2328 3192/3435/2328
f 3182/3438/2329 3194/3461/2329 3193/3462/2329 3181/3439/2329
f 3183/3442/2330 3195/3463/2330 3194/3461/2330 3182/3438/2330
f 3184/3444/2331 3196/3464/2331 3195/3463/2331 3183/3442/2331
f 3185/3446/2332 3197/3465/2332 3196/3464/2332 3184/3444/2332
f 3186/3448/2333 3198/3466/2333 3197/3465/2333 3185/3446/2333
f 3187/3450/2334 3199/3467/2334 3198/3466/2334 3186/3448/2334
f 3188/3452/2335 3200/3468/2335 3199/3467/2335 3187/3450/2335
f 3189/3454/2336 3201/3469/2336 3200/3468/2336 3188/3452/2336
f 3190/3456/2337 3202/3470/2337 3201/3469/2337 3189/3454/2337
f 3191/3458/2338 3203/3471/2338 3202/3470/2338 3190/3456/2338
f 3192/3435/2339 3204/3460/2339 3203/3471/2339 3191/3458/2339
f 3193/3459/2340 3205/3472/2340 3216/3473/2340 3204/3460/2340
f 3194/3461/2341 3206/3474/2341 3205/3475/2341 3193/3462/2341
f 3195/3463/2342 3207/3476/2342 3206/3474/2342 3194/3461/2342
f 3196/3464/2343 3208/3477/2343 3207/3476/2343 3195/3463/2343
f 3197/3465/2344 3209/3478/2344 3208/3477/2344 3196/3464/2344
f 3198/3466/2345 3210/3479/2345 3209/3478/2345 3197/3465/2345
f 3199/3467/2346 3211/3480/2346 3210/3479/2346 3198/3466/2346
f 3200/3468/2347 3212/3481/2347 3211/3480/2347 3199/3467/2347
f 3201/3469/2348 3213/3482/2348 3212/3481/2348 3200/3468/2348
f 3202/3470/2349 3214/3483/2349 3213/3482/2349 3201/3469/2349
f 3203/3471/2350 3215/3484/2350 3214/3483/2350 3202/3470/2350
f 3204/3460/2351 3216/3473/2351 3215/3484/2351 3203/3471/2351
f 3205/3472/2352 3217/3485/2352 3228/3486/2352 3216/3473/2352
f 3206/3474/2353 3218/3487/2353 3217/3488/2353 3205/3475/2353
f 3207/3476/2354 3219/3489/2354 3218/3487/2354 3206/3474/2354
f 3208/3477/2355 3220/3490/2355 3219/3489/2355 3207/3476/2355
f 3209/3478/2356 3221/3491/2356 3220/3490/2356 3208/3477/2356
f 3210/3479/2357 3222/3492/2357 3221/3491/2357 3209/3478/2357
f 3211/3480/2358 3223/3493/2358 3222/3492/2358 3210/3479/2358
f 3212/3481/2359 3224/3494/2359 3223/3493/2359 3211/3480/2359
f 3213/3482/2360 3225/3495/2360 3224/3494/2360 3212/3481/2360
f 3214/3483/2361 3226/3496/2361 3225/3495/2361 3213/3482/2361
f 3215/3484/2362 3227/3497/2362 3226/3496/2362 3214/3483/2362
f 3216/3473/2363 3228/3486/2363 3227/3497/2363 3215/3484/2363
f 3217/3485/2364 3229/3498/2364 3240/3499/2364 3228/3486/2364
f 3218/3487/2365 3230/3500/2365 3229/3501/2365 3217/3488/2365
f 3219/3489/2366 3231/3502/2366 3230/3500/2366 3218/3487/2366
f 3220/3490/2367 3232/3503/2367 3231/3502/2367 3219/3489/2367
f 3221/3491/2368 3233/3504/2368 3232/3503/2368 3220/3490/2368
f 3222/3492/2369 3234/3505/2369 3233/3504/2369 3221/3491/2369
f 3223/3493/2370 3235/3506/2370 3234/3505/2370 3222/3492/2370
f 3224/3494/2371 3236/3507/2371 3235/3506/2371 3223/3493/2371
f 3225/3495/2372 3237/3508/2372 3236/3507/2372 3224/3494/2372
f 3226/3496/2373 3238/3509/2373 3237/3508/2373 3225/3495/2373
f 3227/3497/2374 3239/3510/2374 3238/3509/2374 3226/3496/2374
f 3228/3486/2375 3240/3499/2375 3239/3510/2375 3227/3497/2375
f 3229/3498/2376 3241/3511/2376 3252/3512/2376 3240/3499/2376
f 3230/3500/2377 3242/3513/2377 3241/3514/2377 3229/3501/2377
f 3231/3502/2378 3243/3515/2378 3242/3513/2378 3230/3500/2378
f 3232/3503/2379 3244/3516/2379 3243/3515/2379 3231/3502/2379
f 3233/3504/2380 3245/3517/2380 3244/3516/2380 3232/3503/2380
f 3234/3505/2381 3246/3518/2381 3245/3517/2381 3233/3504/2381
f 3235/3506/2382 3247/3519/2382 3246/3518/2382 3234/3505/2382
f 3236/3507/2383 3248/3520/2383 3247/3519/2383 3235/3506/2383
f 3237/3508/2384 3249/3521/2384 3248/3520/2384 3236/3507/2384
f 3238/3509/2385 3250/3522/2385 3249/3521/2385 3237/3508/2385
f 3239/3510/2386 3251/3523/2386 3250/3522/2386 3238/3509/2386
f 3240/3499/2387 3252/3512/2387 3251/3523/2387 3239/3510/2387
f 3241/3511/2388 3253/3524/2388 3264/3525/2388 3252/3512/2388
f 3242/3513/2389 3254/3526/2389 3253/3527/2389 3241/3514/2389
f 3243/3515/2390 3255/3528/2390 3254/3526/2390 3242/3513/2390
f 3244/3516/2391 3256/3529/2391 3255/3528/2391 3243/3515/2391
f 3245/3517/2392 3257/3530/2392 3256/3529/2392 3244/3516/2392
f 3246/3518/2393 3258/3531/2393 3257/3530/2393 3245/3517/2393
f 3247/3519/2394 3259/3532/2394 3258/3531/2394 3246/3518/2394
f 3248/3520/2395 3260/3533/2395 3259/3532/2395 3247/3519/2395
f 3249/3521/2396 3261/3534/2396 3260/3533/2396 3248/3520/2396
f 3250/3522/2397 3262/3535/2397 3261/3534/2397 3249/3521/2397
f 3251/3523/2398 3263/3536/2398 3262/3535/2398 3250/3522/2398
f 3252/3512/2399 3264/3525/2399 3263/3536/2399 3251/3523/2399
f 3253/3524/2400 3265/3537/2400 3276/3538/2400 3264/3525/2400
f 3254/3526/2401 3266/3539/2401 3265/3540/2401 3253/3527/2401
f 3255/3528/2402 3267/3541/2402 3266/3539/2402 3254/3526/2402
f 3256/3529/2403 3268/3542/2403 3267/3541/2403 3255/3528/2403
f 3257/3530/2404 3269/3543/2404 3268/3542/2404 3256/3529/2404
f 3258/3531/2405 3270/3544/2405 3269/3543/2405 3257/3530/2405
f 3259/3532/2406 3271/3545/2406 3270/3544/2406 3258/3531/2406
f 3260/3533/2407 3272/3546/2407 3271/3545/2407 3259/3532/2407
f 3261/3534/2408 3273/3547/2408 3272/3546/2408 3260/3533/2408
f 3262/3535/2409 3274/3548/2409 3273/3547/2409 3261/3534/2409
f 3263/3536/2410 3275/3549/2410 3274/3548/2410 3262/3535/2410
f 3264/3525/2411 3276/3538/2411 3275/3549/2411 3263/3536/2411
f 3265/3537/2412 3277/3550/2412 3288/3551/2412 3276/3538/2412
f 3266/3539/2413 3278/3552/2413 3277/3553/2413 3265/3540/2413
f 3267/3541/2414 3279/3554/2414 3278/3552/2414 3266/3539/2414
f 3268/3542/2415 3280/3555/2415 3279/3554/2415 3267/3541/2415
f 3269/3543/2416 3281/3556/2416 3280/3555/2416 3268/3542/2416
f 3270/3544/2417 3282/3557/2417 3281/3556/2417 3269/3543/2417
f 3271/3545/2418 3283/3558/2418 3282/3557/2418 3270/3544/2418
f 3272/3546/2419 3284/3559/2419 3283/3558/2419 3271/3545/2419
f 3273/3547/2420 3285/3560/2420 3284/3559/2420 3272/3546/2420
f 3274/3548/2421 3286/3561/2421 3285/3560/2421 3273/3547/2421
f 3275/3549/2422 3287/3562/2422 3286/3561/2422 3274/3548/2422
f 3276/3538/2423 3288/3551/2423 3287/3562/2423 3275/3549/2423
f 3277/3550/2424 3289/3563/2424 3300/3564/2424 3288/3551/2424
f 3278/3552/2425 3290/3565/2425 3289/3566/2425 3277/3553/2425
f 3279/3554/2426 3291/3567/2426 3290/3565/2426 3278/3552/2426
f 3280/3555/2427 3292/3568/2427 3291/3567/2427 3279/3554/2427
f 3281/3556/2428 3293/3569/2428 3292/3568/2428 3280/3555/2428
f 3282/3557/2429 3294/3570/2429 3293/3569/2429 3281/3556/2429
f 3283/3558/2430 3295/3571/2430 3294/3570/2430 3282/3557/2430
f 3284/3559/2431 3296/3572/2431 3295/3571/2431 3283/3558/2431
f 3285/3560/2432 3297/3573/2432 3296/3572/2432 3284/3559/2432
f 3286/3561/2433 3298/3574/2433 3297/3573/2433 3285/3560/2433
f 3287/3562/2434 3299/3575/2434 3298/3574/2434 3286/3561/2434
f 3288/3551/2435 3300/3564/2435 3299/3575/2435 3287/3562/2435
f 3289/3563/2436 3301/3576/2436 3312/3577/2436 3300/3564/2436
f 3290/3565/2437 3302/3578/2437 3301/3579/2437 3289/3566/2437
f 3291/3567/2438 3303/3580/2438 3302/3578/2438 3290/3565/2438
f 3292/3568/2439 3304/3581/2439 3303/3580/2439 3291/3567/2439
f 3293/3569/2440 3305/3582/2440 3304/3581/2440 3292/3568/2440
f 3294/3570/2441 3306/3583/2441 3305/3582/2441 3293/3569/2441
f 3295/3571/2442 3307/3584/2442 3306/3583/2442 3294/3570/2442
f 3296/3572/2443 3308/3585/2443 3307/3584/2443 3295/3571/2443
f 3297/3573/2444 3309/3586/2444 3308/3585/2444 3296/3572/2444
f 3298/3574/2445 3310/3587/2445 3309/3586/2445 3297/3573/2445
f 3299/3575/2446 3311/3588/2446 3310/3587/2446 3298/3574/2446
f 3300/3564/2447 3312/3577/2447 3311/3588/2447 3299/3575/2447
f 3301/3576/2448 3313/3589/2448 3324/3590/2448 3312/3577/2448
f 3302/3578/2449 3314/3591/2449 3313/3592/2449 3301/3579/2449
f 3303/3580/2450 3315/3593/2450 3314/3591/2450 3302/3578/2450
f 3304/3581/2451 3316/3594/2451 3315/3593/2451 3303/3580/2451
f 3305/3582/2452 3317/3595/2452 3316/3594/2452 3304/3581/2452
f 3306/3583/2453 3318/3596/2453 3317/3595/2453 3305/3582/2453
f 3307/3584/2454 3319/3597/2454 3318/3596/2454 3306/3583/2454
f 3308/3585/2455 3320/3598/2455 3319/3597/2455 3307/3584/2455
f 3309/3586/2456 3321/3599/2456 3320/3598/2456 3308/3585/2456
f 3310/3587/2457 3322/3600/2457 3321/3599/2457 3309/3586/2457
f 3311/3588/2458 3323/3601/2458 3322/3600/2458 3310/3587/2458
f 3312/3577/2459 3324/3590/2459 3323/3601/2459 3311/3588/2459
f 3313/3589/2460 3325/3602/2460 3336/3603/2460 3324/3590/2460
f 3314/3591/2461 3326/3604/2461 3325/3605/2461 3313/3592/2461
f 3315/3593/2462 3327/3606/2462 3326/3604/2462 3314/3591/2462
f 3316/3594/2463 3328/3607/2463 3327/3606/2463 3315/3593/2463
f 3317/3595/2464 3329/3608/2464 3328/3607/2464 3316/3594/2464
f 3318/3596/2465 3330/3609/2465 3329/3608/2465 3317/3595/2465
f 3319/3597/2466 3331/3610/2466 3330/3609/2466 3318/3596/2466
f 3320/3598/2467 3332/3611/2467 3331/3610/2467 3319/3597/2467
f 3321/3599/2468 3333/3612/2468 3332/3611/2468 3320/3598/2468
f 3322/3600/2469 3334/3613/2469 3333/3612/2469 3321/3599/2469
f 3323/3601/2470 3335/3614/2470 3334/3613/2470 3322/3600/2470
f 3324/3590/2471 3336/3603/2471 3335/3614/2471 3323/3601/2471
f 3325/3602/2472 3337/3615/2472 3348/3616/2472 3336/3603/2472
f 3326/3604/2473 3338/3617/2473 3337/3618/2473 3325/3605/2473
f 3327/3606/2474 3339/3619/2474 3338/3617/2474 3326/3604/2474
f 3328/3607/2475 3340/3620/2475 3339/3619/2475 3327/3606/2475
f 3329/3608/2476 3341/3621/2476 3340/3620/2476 3328/3607/2476
f 3330/3609/2477 3342/3622/2477 3341/3621/2477 3329/3608/2477
f 3331/3610/2478 3343/3623/2478 3342/3622/2478 3330/3609/2478
f 3332/3611/2479 3344/3624/2479 3343/3623/2479 3331/3610/2479
f 3333/3612/2480 3345/3625/2480 3344/3624/2480 3332/3611/2480
f 3334/3613/2481 3346/3626/2481 3345/3625/2481 3333/3612/2481
f 3335/3614/2482 3347/3627/2482 3346/3626/2482 3334/3613/2482
f 3336/3603/2483 3348/3616/2483 3347/3627/2483 3335/3614/2483
f 3337/3615/2484 3349/3628/2484 3360/3629/2484 3348/3616/2484
f 3338/3617/2485 3350/3630/2485 3349/3631/2485 3337/3618/2485
f 3339/3619/2486 3351/3632/2486 3350/3630/2486 3338/3617/2486
f 3340/3620/2487 3352/3633/2487 3351/3632/2487 3339/3619/2487
f 3341/3621/2488 3353/3634/2488 3352/3633/2488 3340/3620/2488
f 3342/3622/2489 3354/3635/2489 3353/3634/2489 3341/3621/2489
f 3343/3623/2490 3355/3636/2490 3354/3635/2490 3342/3622/2490
f 3344/3624/2491 3356/3637/2491 3355/3636/2491 3343/3623/2491
f 3345/3625/2492 3357/3638/2492 3356/3637/2492 3344/3624/2492
f 3346/3626/2493 3358/3639/2493 3357/3638/2493 3345/3625/2493
f 3347/3627/2494 3359/3640/2494 3358/3639/2494 3346/3626/2494
f 3348/3616/2495 3360/3629/2495 3359/3640/2495 3347/3627/2495
f 3349/3628/2496 3361/3641/2496 3372/3642/2496 3360/3629/2496
f 3350/3630/2497 3362/3643/2497 3361/3644/2497 3349/3631/2497
f 3351/3632/2498 3363/3645/2498 3362/3643/2498 3350/3630/2498
f 3352/3633/2499 3364/3646/2499 3363/3645/2499 3351/3632/2499
f 3353/3634/2500 3365/3647/2500 3364/3646/2500 3352/3633/2500
f 3354/3635/2501 3366/3648/2501 3365/3647/2501 3353/3634/2501
f 3355/3636/2502 3367/3649/2502 3366/3648/2502 3354/3635/2502
f 3356/3637/2503 3368/3650/2503 3367/3649/2503 3355/3636/2503
f 3357/3638/2504 3369/3651/2504 3368/3650/2504 3356/3637/2504
f 3358/3639/2505 3370/3652/2505 3369/3651/2505 3357/3638/2505
f 3359/3640/2506 3371/3653/2506 3370/3652/2506 3358/3639/2506
f 3360/3629/2507 3372/3642/2507 3371/3653/2507 3359/3640/2507
f 3361/3641/2508 3373/3654/2508 3384/3655/2508 3372/3642/2508
f 3362/3643/2509 3374/3656/2509 3373/3657/2509 3361/3644/2509
f 3363/3645/2510 3375/3658/2510 3374/3656/2510 3362/3643/2510
f 3364/3646/2511 3376/3659/2511 3375/3658/2511 3363/3645/2511
f 3365/3647/2512 3377/3660/2512 3376/3659/2512 3364/3646/2512
f 3366/3648/2513 3378/3661/2513 3377/3660/2513 3365/3647/2513
f 3367/3649/2514 3379/3662/2514 3378/3661/2514 3366/3648/2514
f 3368/3650/2515 3380/3663/2515 3379/3662/2515 3367/3649/2515
f 3369/3651/2516 3381/3664/2516 3380/3663/2516 3368/3650/2516
f 3370/3652/2517 3382/3665/2517 3381/3664/2517 3369/3651/2517
f 3371/3653/2518 3383/3666/2518 3382/3665/2518 3370/3652/2518
f 3372/3642/2519 3384/3655/2519 3383/3666/2519 3371/3653/2519
f 3373/3654/2520 3385/3667/2520 3396/3668/2520 3384/3655/2520
f 3374/3656/2521 3386/3669/2521 3385/3670/2521 3373/3657/2521
f 3375/3658/2522 3387/3671/2522 3386/3669/2522 3374/3656/2522
f 3376/3659/2523 3388/3672/2523 3387/3671/2523 3375/3658/2523
f 3377/3660/2524 3389/3673/2524 3388/3672/2524 3376/3659/2524
f 3378/3661/2525 3390/3674/2525 3389/3673/2525 3377/3660/2525
f 3379/3662/2526 3391/3675/2526 3390/3674/2526 3378/3661/2526
f 3380/3663/2527 3392/3676/2527 3391/3675/2527 3379/3662/2527
f 3381/3664/2528 3393/3677/2528 3392/3676/2528 3380/3663/2528
f 3382/3665/2529 3394/3678/2529 3393/3677/2529 3381/3664/2529
f 3383/3666/2530 3395/3679/2530 3394/3678/2530 3382/3665/2530
f 3384/3655/2531 3396/3668/2531 3395/3679/2531 3383/3666/2531
f 3385/3667/2532 3397/3680/2532 3408/3681/2532 3396/3668/2532
f 3386/3669/2533 3398/3682/2533 3397/3683/2533 3385/3670/2533
f 3387/3671/2534 3399/3684/2534 3398/3682/2534 3386/3669/2534
f 3388/3672/2535 3400/3685/2535 3399/3684/2535 3387/3671/2535
f 3389/3673/2536 3401/3686/2536 3400/3685/2536 3388/3672/2536
f 3390/3674/2537 3402/3687/2537 3401/3686/2537 3389/3673/2537
f 3391/3675/2538 3403/3688/2538 3402/3687/2538 3390/3674/2538
f 3392/3676/2539 3404/3689/2539 3403/3688/2539 3391/3675/2539
f 3393/3677/2540 3405/3690/2540 3404/3689/2540 3392/3676/2540
f 3394/3678/2541 3406/3691/2541 3405/3690/2541 3393/3677/2541
f 3395/3679/2542 3407/3692/2542 3406/3691/2542 3394/3678/2542
f 3396/3668/2543 3408/3681/2543 3407/3692/2543 3395/3679/2543
f 3409/3693/2544 3421/3694/2544 3432/3695/2544 3420/3696/2544
f 3410/3697/2545 3422/3698/2545 3421/3699/2545 3409/3700/2545
f 3411/3701/2546 3423/3702/2546 3422/3698/2546 3410/3697/2546
f 3412/3703/2547 3424/3704/2547 3423/3702/2547 3411/3701/2547
f 3413/3705/2548 3425/3706/2548 3424/3704/2548 3412/3703/2548
f 3414/3707/2549 3426/3708/2549 3425/3706/2549 3413/3705/2549
f 3415/3709/2550 3427/3710/2550 3426/3708/2550 3414/3707/2550
f 3416/3711/2551 3428/3712/2551 3427/3710/2551 3415/3709/2551
f 3417/3713/2552 3429/3714/2552 3428/3712/2552 3416/3711/2552
f 3418/3715/2553 3430/3716/2553 3429/3714/2553 3417/3713/2553
f 3419/3717/2554 3431/3718/2554 3430/3716/2554 3418/3715/2554
f 3420/3696/2555 3432/3695/2555 3431/3718/2555 3419/3717/2555
f 3433/3719/2556 3445/3720/2556 3456/3721/2556 3444/3722/2556
f 3434/3723/2557 3446/3724/2557 3445/3725/2557 3433/3726/2557
f 3435/3727/2558 3447/3728/2558 3446/3724/2558 3434/3723/2558
f 3436/3729/2559 3448/3730/2559 3447/3728/2559 3435/3727/2559
f 3437/3731/2560 3449/3732/2560 3448/3730/2560 3436/3729/2560
f 3438/3733/2561 3450/3734/2561 3449/3732/2561 3437/3731/2561
f 3439/3735/2562 3451/3736/2562 3450/3734/2562 3438/3733/2562
f 3440/3737/2563 3452/3738/2563 3451/3736/2563 3439/3735/2563
f 3441/3739/2564 3453/3740/2564 3452/3738/2564 3440/3737/2564
f 3442/3741/2565 3454/3742/2565 3453/3740/2565 3441/3739/2565
f 3443/3743/2566 3455/3744/2566 3454/3742/2566 3442/3741/2566
f 3444/3722/2567 3456/3721/2567 3455/3744/2567 3443/3743/2567
f 3457/3745/2568 3469/3746/2568 3480/3747/2568 3468/3748/2568
f 3458/3749/2569 3470/3750/2569 3469/3751/2569 3457/3752/2569
f 3459/3753/2570 3471/3754/2570 3470/3750/2570 3458/3749/2570
f 3460/3755/2571 3472/3756/2571 3471/3754/2571 3459/3753/2571
f 3461/3757/2572 3473/3758/2572 3472/3756/2572 3460/3755/2572
f 3462/3759/2573 3474/3760/2573 3473/3758/2573 3461/3757/2573
f 3463/3761/2574 3475/3762/2574 3474/3760/2574 3462/3759/2574
f 3464/3763/2575 3476/3764/2575 3475/3762/2575 3463/3761/2575
f 3465/3765/2576 3477/3766/2576 3476/3764/2576 3464/3763/2576
f 3466/3767/2577 3478/3768/2577 3477/3766/2577 3465/3765/2577
f 3467/3769/2578 3479/3770/2578 3478/3768/2578 3466/3767/2578
f 3468/3748/2579 3480/3747/2579 3479/3770/2579 3467/3769/2579
f 3481/3771/2556 3493/3772/2556 3504/3773/2556 3492/3774/2556
f 3482/3775/2557 3494/3776/2557 3493/3777/2557 3481/3778/2557
f 3483/3779/2558 3495/3780/2558 3494/3776/2558 3482/3775/2558
f 3484/3781/2559 3496/3782/2559 3495/3780/2559 3483/3779/2559
f 3485/3783/2560 3497/3784/2560 3496/3782/2560 3484/3781/2560
f 3486/3785/2561 3498/3786/2561 3497/3784/2561 3485/3783/2561
f 3487/3787/2562 3499/3788/2562 3498/3786/2562 3486/3785/2562
f 3488/3789/2563 3500/3790/2563 3499/3788/2563 3487/3787/2563
f 3489/3791/2564 3501/3792/2564 3500/3790/2564 3488/3789/2564
f 3490/3793/2565 3502/3794/2565 3501/3792/2565 3489/3791/2565
f 3491/3795/2566 3503/3796/2566 3502/3794/2566 3490/3793/2566
f 3492/3774/2567 3504/3773/2567 3503/3796/2567 3491/3795/2567
f 3505/3797/2580 3517/3798/2580 3528/3799/2580 3516/3800/2580
f 3506/3801/2581 3518/3802/2581 3517/3803/2581 3505/3804/2581
f 3507/3805/2582 3519/3806/2582 3518/3802/2582 3506/3801/2582
f 3508/3807/2583 3520/3808/2583 3519/3806/2583 3507/3805/2583
f 3509/3809/2584 3521/3810/2584 3520/3808/2584 3508/3807/2584
f 3510/3811/2585 3522/3812/2585 3521/3810/2585 3509/3809/2585
f 3511/3813/2586 3523/3814/2586 3522/3812/2586 3510/3811/2586
f 3512/3815/2587 3524/3816/2587 3523/3814/2587 3511/3813/2587
f 3513/3817/2588 3525/3818/2588 3524/3816/2588 3512/3815/2588
f 3514/3819/2589 3526/3820/2589 3525/3818/2589 3513/3817/2589
f 3515/3821/2590 3527/3822/2590 3526/3820/2590 3514/3819/2590
f 3516/3800/2591 3528/3799/2591 3527/3822/2591 3515/3821/2591
f 3529/3823/2592 3541/3824/2592 3552/3825/2592 3540/3826/2592
f 3530/3827/2593 3542/3828/2593 3541/3829/2593 3529/3830/2593
f 3531/3831/2594 3543/3832/2594 3542/3828/2594 3530/3827/2594
f 3532/3833/2595 3544/3834/2595 3543/3832/2595 3531/3831/2595
f 3533/3835/2596 3545/3836/2596 3544/3834/2596 3532/3833/2596
f 3534/3837/2597 3546/3838/2597 3545/3836/2597 3533/3835/2597
f 3535/3839/2598 3547/3840/2598 3546/3838/2598 3534/3837/2598
f 3536/3841/2599 3548/3842/2599 3547/3840/2599 3535/3839/2599
f 3537/3843/2600 3549/3844/2600 3548/3842/2600 3536/3841/2600
f 3538/3845/2601 3550/3846/2601 3549/3844/2601 3537/3843/2601
f 3539/3847/2602 3551/3848/2602 3550/3846/2602 3538/3845/2602
f 3540/3826/2603 3552/3825/2603 3551/3848/2603 3539/3847/2603
f 3541/3824/2441 3553/3849/2441 3564/3850/2441 3552/3825/2441
f 3542/3828/2440 3554/3851/2440 3553/3852/2440 3541/3829/2440
f 3543/3832/2439 3555/3853/2439 3554/3851/2439 3542/3828/2439
f 3544/3834/2438 3556/3854/2438 3555/3853/2438 3543/3832/2438
f 3545/3836/2437 3557/3855/2437 3556/3854/2437 3544/3834/2437
f 3546/3838/2436 3558/3856/2436 3557/3855/2436 3545/3836/2436
f 3547/3840/2447 3559/3857/2447 3558/3856/2447 3546/3838/2447
f 3548/3842/2446 3560/3858/2446 3559/3857/2446 3547/3840/2446
f 3549/3844/2445 3561/3859/2445 3560/3858/2445 3548/3842/2445
f 3550/3846/2444 3562/3860/2444 3561/3859/2444 3549/3844/2444
f 3551/3848/2443 3563/3861/2443 3562/3860/2443 3550/3846/2443
f 3552/3825/2442 3564/3850/2442 3563/3861/2442 3551/3848/2442
f 3553/3849/2429 3565/3862/2429 3576/3863/2429 3564/3850/2429
f 3554/3851/2428 3566/3864/2428 3565/3865/2428 3553/3852/2428
f 3555/3853/2427 3567/3866/2427 3566/3864/2427 3554/3851/2427
f 3556/3854/2426 3568/3867/2426 3567/3866/2426 3555/3853/2426
f 3557/3855/2425 3569/3868/2425 3568/3867/2425 3556/3854/2425
f 3558/3856/2424 3570/3869/2424 3569/3868/2424 3557/3855/2424
f 3559/3857/2435 3571/3870/2435 3570/3869/2435 3558/3856/2435
f 3560/3858/2434 3572/3871/2434 3571/3870/2434 3559/3857/2434
f 3561/3859/2433 3573/3872/2433 3572/3871/2433 3560/3858/2433
f 3562/3860/2432 3574/3873/2432 3573/3872/2432 3561/3859/2432
f 3563/3861/2431 3575/3874/2431 3574/3873/2431 3562/3860/2431
f 3564/3850/2604 3576/3863/2604 3575/3874/2604 3563/3861/2604
f 3565/3862/2417 3577/3875/2417 3588/3876/2417 3576/3863/2417
f 3566/3864/2416 3578/3877/2416 3577/3878/2416 3565/3865/2416
f 3567/3866/2415 3579/3879/2415 3578/3877/2415 3566/3864/2415
f 3568/3867/2414 3580/3880/2414 3579/3879/2414 3567/3866/2414
f 3569/3868/2413 3581/3881/2413 3580/3880/2413 3568/3867/2413
f 3570/3869/2412 3582/3882/2412 3581/3881/2412 3569/3868/2412
f 3571/3870/2423 3583/3883/2423 3582/3882/2423 3570/3869/2423
f 3572/3871/2422 3584/3884/2422 3583/3883/2422 3571/3870/2422
f 3573/3872/2421 3585/3885/2421 3584/3884/2421 3572/3871/2421
f 3574/3873/2420 3586/3886/2420 3585/3885/2420 3573/3872/2420
f 3575/3874/2419 3587/3887/2419 3586/3886/2419 3574/3873/2419
f 3576/3863/2418 3588/3876/2418 3587/3887/2418 3575/3874/2418
f 3577/3875/2405 3589/3888/2405 3600/3889/2405 3588/3876/2405
f 3578/3877/2404 3590/3890/2404 3589/3891/2404 3577/3878/2404
f 3579/3879/2403 3591/3892/2403 3590/3890/2403 3578/3877/2403
f 3580/3880/2402 3592/3893/2402 3591/3892/2402 3579/3879/2402
f 3581/3881/2401 3593/3894/2401 3592/3893/2401 3580/3880/2401
f 3582/3882/2400 3594/3895/2400 3593/3894/2400 3581/3881/2400
f 3583/3883/2411 3595/3896/2411 3594/3895/2411 3582/3882/2411
f 3584/3884/2410 3596/3897/2410 3595/3896/2410 3583/3883/2410
f 3585/3885/2409 3597/3898/2409 3596/3897/2409 3584/3884/2409
f 3586/3886/2408 3598/3899/2408 3597/3898/2408 3585/3885/2408
f 3587/3887/2407 3599/3900/2407 3598/3899/2407 3586/3886/2407
f 3588/3876/2406 3600/3889/2406 3599/3900/2406 3587/3887/2406
f 3589/3888/2393 3601/3901/2393 3612/3902/2393 3600/3889/2393
f 3590/3890/2392 3602/3903/2392 3601/3904/2392 3589/3891/2392
f 3591/3892/2391 3603/3905/2391 3602/3903/2391 3590/3890/2391
f 3592/3893/2390 3604/3906/2390 3603/3905/2390 3591/3892/2390
f 3593/3894/2389 3605/3907/2389 3604/3906/2389 3592/3893/2389
f 3594/3895/2388 3606/3908/2388 3605/3907/2388 3593/3894/2388
f 3595/3896/2399 3607/3909/2399 3606/3908/2399 3594/3895/2399
f 3596/3897/2398 3608/3910/2398 3607/3909/2398 3595/3896/2398
f 3597/3898/2397 3609/3911/2397 3608/3910/2397 3596/3897/2397
f 3598/3899/2396 3610/3912/2396 3609/3911/2396 3597/3898/2396
f 3599/3900/2395 3611/3913/2395 3610/3912/2395 3598/3899/2395
f 3600/3889/2394 3612/3902/2394 3611/3913/2394 3599/3900/2394
f 3601/3901/2381 3613/3914/2381 3624/3915/2381 3612/3902/2381
f 3602/3903/2380 3614/3916/2380 3613/3917/2380 3601/3904/2380
f 3603/3905/2379 3615/3918/2379 3614/3916/2379 3602/3903/2379
f 3604/3906/2378 3616/3919/2378 3615/3918/2378 3603/3905/2378
f 3605/3907/2377 3617/3920/2377 3616/3919/2377 3604/3906/2377
f 3606/3908/2376 3618/3921/2376 3617/3920/2376 3605/3907/2376
f 3607/3909/2387 3619/3922/2387 3618/3921/2387 3606/3908/2387
f 3608/3910/2386 3620/3923/2386 3619/3922/2386 3607/3909/2386
f 3609/3911/2385 3621/3924/2385 3620/3923/2385 3608/3910/2385
f 3610/3912/2384 3622/3925/2384 3621/3924/2384 3609/3911/2384
f 3611/3913/2383 3623/3926/2383 3622/3925/2383 3610/3912/2383
f 3612/3902/2382 3624/3915/2382 3623/3926/2382 3611/3913/2382
f 3613/3914/2369 3625/3927/2369 3636/3928/2369 3624/3915/2369
f 3614/3916/2368 3626/3929/2368 3625/3930/2368 3613/3917/2368
f 3615/3918/2367 3627/3931/2367 3626/3929/2367 3614/3916/2367
f 3616/3919/2366 3628/3932/2366 3627/3931/2366 3615/3918/2366
f 3617/3920/2365 3629/3933/2365 3628/3932/2365 3616/3919/2365
f 3618/3921/2364 3630/3934/2364 3629/3933/2364 3617/3920/2364
f 3619/3922/2375 3631/3935/2375 3630/3934/2375 3618/3921/2375
f 3620/3923/2374 3632/3936/2374 3631/3935/2374 3619/3922/2374
f 3621/3924/2373 3633/3937/2373 3632/3936/2373 3620/3923/2373
f 3622/3925/2372 3634/3938/2372 3633/3937/2372 3621/3924/2372
f 3623/3926/2371 3635/3939/2371 3634/3938/2371 3622/3925/2371
f 3624/3915/2370 3636/3928/2370 3635/3939/2370 3623/3926/2370
f 3625/3927/2357 3637/3940/2357 3648/3941/2357 3636/3928/2357
f 3626/3929/2605 3638/3942/2605 3637/3943/2605 3625/3930/2605
f 3627/3931/2355 3639/3944/2355 3638/3942/2355 3626/3929/2355
f 3628/3932/2354 3640/3945/2354 3639/3944/2354 3627/3931/2354
f 3629/3933/2353 3641/3946/2353 3640/3945/2353 3628/3932/2353
f 3630/3934/2352 3642/3947/2352 3641/3946/2352 3629/3933/2352
f 3631/3935/2363 3643/3948/2363 3642/3947/2363 3630/3934/2363
f 3632/3936/2362 3644/3949/2362 3643/3948/2362 3631/3935/2362
f 3633/3937/2361 3645/3950/2361 3644/3949/2361 3632/3936/2361
f 3634/3938/2360 3646/3951/2360 3645/3950/2360 3633/3937/2360
f 3635/3939/2606 3647/3952/2606 3646/3951/2606 3634/3938/2606
f 3636/3928/2358 3648/3941/2358 3647/3952/2358 3635/3939/2358
f 3637/3940/2345 3649/3953/2345 3660/3954/2345 3648/3941/2345
f 3638/3942/2344 3650/3955/2344 3649/3956/2344 3637/3943/2344
f 3639/3944/2343 3651/3957/2343 3650/3955/2343 3638/3942/2343
f 3640/3945/2342 3652/3958/2342 3651/3957/2342 3639/3944/2342
f 3641/3946/2341 3653/3959/2341 3652/3958/2341 3640/3945/2341
f 3642/3947/2340 3654/3960/2340 3653/3959/2340 3641/3946/2340
f 3643/3948/2351 3655/3961/2351 3654/3960/2351 3642/3947/2351
f 3644/3949/2350 3656/3962/2350 3655/3961/2350 3643/3948/2350
f 3645/3950/2349 3657/3963/2349 3656/3962/2349 3644/3949/2349
f 3646/3951/2348 3658/3964/2348 3657/3963/2348 3645/3950/2348
f 3647/3952/2347 3659/3965/2347 3658/3964/2347 3646/3951/2347
f 3648/3941/2346 3660/3954/2346 3659/3965/2346 3647/3952/2346
f 3649/3953/2333 3661/3966/2333 3672/3967/2333 3660/3954/2333
f 3650/3955/2332 3662/3968/2332 3661/3969/2332 3649/3956/2332
f 3651/3957/2331 3663/3970/2331 3662/3968/2331 3650/3955/2331
f 3652/3958/2330 3664/3971/2330 3663/3970/2330 3651/3957/2330
f 3653/3959/2329 3665/3972/2329 3664/3971/2329 3652/3958/2329
f 3654/3960/2328 3666/3973/2328 3665/3972/2328 3653/3959/2328
f 3655/3961/2339 3667/3974/2339 3666/3973/2339 3654/3960/2339
f 3656/3962/2338 3668/3975/2338 3667/3974/2338 3655/3961/2338
f 3657/3963/2337 3669/3976/2337 3668/3975/2337 3656/3962/2337
f 3658/3964/2336 3670/3977/2336 3669/3976/2336 3657/3963/2336
f 3659/3965/2335 3671/3978/2335 3670/3977/2335 3658/3964/2335
f 3660/3954/2334 3672/3967/2334 3671/3978/2334 3659/3965/2334
f 3661/3966/2607 3673/3979/2607 3684/3980/2607 3672/3967/2607
f 3662/3968/2608 3674/3981/2608 3673/3982/2608 3661/3969/2608
f 3663/3970/2609 3675/3983/2609 3674/3981/2609 3662/3968/2609
f 3664/3971/2610 3676/3984/2610 3675/3983/2610 3663/3970/2610
f 3665/3972/2611 3677/3985/2611 3676/3984/2611 3664/3971/2611
f 3666/3973/2612 3678/3986/2612 3677/3985/2612 3665/3972/2612
f 3667/3974/2613 3679/3987/2613 3678/3986/2613 3666/3973/2613
f 3668/3975/2614 3680/3988/2614 3679/3987/2614 3667/3974/2614
f 3669/3976/2615 3681/3989/2615 3680/3988/2615 3668/3975/2615
f 3670/3977/2616 3682/3990/2616 3681/3989/2616 3669/3976/2616
f 3671/3978/2617 3683/3991/2617 3682/3990/2617 3670/3977/2617
f 3672/3967/2618 3684/3980/2618 3683/3991/2618 3671/3978/2618
f 3673/3979/2619 3685/3992/2619 3696/3993/2619 3684/3980/2619
f 3674/3981/2620 3686/3994/2620 3685/3995/2620 3673/3982/2620
f 3675/3983/2621 3687/3996/2621 3686/3994/2621 3674/3981/2621
f 3676/3984/2622 3688/3997/2622 3687/3996/2622 3675/3983/2622
f 3677/3985/2623 3689/3998/2623 3688/3997/2623 3676/3984/2623
f 3678/3986/2624 3690/3999/2624 3689/3998/2624 3677/3985/2624
f 3679/3987/2625 3691/4000/2625 3690/3999/2625 3678/3986/2625
f 3680/3988/2626 3692/4001/2626 3691/4000/2626 3679/3987/2626
f 3681/3989/2627 3693/4002/2627 3692/4001/2627 3680/3988/2627
f 3682/3990/2628 3694/4003/2628 3693/4002/2628 3681/3989/2628
f 3683/3991/2629 3695/4004/2629 3694/4003/2629 3682/3990/2629
f 3684/3980/2630 3696/3993/2630 3695/4004/2630 3683/3991/2630
f 3685/3992/2631 3697/4005/2631 3708/4006/2631 3696/3993/2631
f 3686/3994/2632 3698/4007/2632 3697/4008/2632 3685/3995/2632
f 3687/3996/2633 3699/4009/2633 3698/4007/2633 3686/3994/2633
f 3688/3997/2634 3700/4010/2634 3699/4009/2634 3687/3996/2634
f 3689/3998/2635 3701/4011/2635 3700/4010/2635 3688/3997/2635
f 3690/3999/2636 3702/4012/2636 3701/4011/2636 3689/3998/2636
f 3691/4000/2637 3703/4013/2637 3702/4012/2637 3690/3999/2637
f 3692/4001/2638 3704/4014/2638 3703/4013/2638 3691/4000/2638
f 3693/4002/2639 3705/4015/2639 3704/4014/2639 3692/4001/2639
f 3694/4003/2640 3706/4016/2640 3705/4015/2640 3693/4002/2640
f 3695/4004/2641 3707/4017/2641 3706/4016/2641 3694/4003/2641
f 3696/3993/2642 3708/4006/2642 3707/4017/2642 3695/4004/2642
f 3697/4005/2643 3709/4018/2643 3720/4019/2643 3708/4006/2643
f 3698/4007/2644 3710/4020/2644 3709/4021/2644 3697/4008/2644
f 3699/4009/2645 3711/4022/2645 3710/4020/2645 3698/4007/2645
f 3700/4010/2646 3712/4023/2646 3711/4022/2646 3699/4009/2646
f 3701/4011/2647 3713/4024/2647 3712/4023/2647 3700/4010/2647
f 3702/4012/2648 3714/4025/2648 3713/4024/2648 3701/4011/2648
f 3703/4013/2649 3715/4026/2649 3714/4025/2649 3702/4012/2649
f 3704/4014/2650 3716/4027/2650 3715/4026/2650 3703/4013/2650
f 3705/4015/2651 3717/4028/2651 3716/4027/2651 3704/4014/2651
f 3706/4016/2652 3718/4029/2652 3717/4028/2652 3705/4015/2652
f 3707/4017/2653 3719/4030/2653 3718/4029/2653 3706/4016/2653
f 3708/4006/2654 3720/4019/2654 3719/4030/2654 3707/4017/2654
f 3709/4018/2655 3721/4031/2655 3732/4032/2655 3720/4019/2655
f 3710/4020/2656 3722/4033/2656 3721/4034/2656 3709/4021/2656
f 3711/4022/2657 3723/4035/2657 3722/4033/2657 3710/4020/2657
f 3712/4023/2658 3724/4036/2658 3723/4035/2658 3711/4022/2658
f 3713/4024/2659 3725/4037/2659 3724/4036/2659 3712/4023/2659
f 3714/4025/2660 3726/4038/2660 3725/4037/2660 3713/4024/2660
f 3715/4026/2661 3727/4039/2661 3726/4038/2661 3714/4025/2661
f 3716/4027/2662 3728/4040/2662 3727/4039/2662 3715/4026/2662
f 3717/4028/2663 3729/4041/2663 3728/4040/2663 3716/4027/2663
f 3718/4029/2664 3730/4042/2664 3729/4041/2664 3717/4028/2664
f 3719/4030/2665 3731/4043/2665 3730/4042/2665 3718/4029/2665
f 3720/4019/2666 3732/4032/2666 3731/4043/2666 3719/4030/2666
f 3721/4031/2667 3733/4044/2667 3744/4045/2667 3732/4032/2667
f 3722/4033/2668 3734/4046/2668 3733/4047/2668 3721/4034/2668
f 3723/4035/2669 3735/4048/2669 3734/4046/2669 3722/4033/2669
f 3724/4036/2670 3736/4049/2670 3735/4048/2670 3723/4035/2670
f 3725/4037/2671 3737/4050/2671 3736/4049/2671 3724/4036/2671
f 3726/4038/2672 3738/4051/2672 3737/4050/2672 3725/4037/2672
f 3727/4039/2673 3739/4052/2673 3738/4051/2673 3726/4038/2673
f 3728/4040/2674 3740/4053/2674 3739/4052/2674 3727/4039/2674
f 3729/4041/2675 3741/4054/2675 3740/4053/2675 3728/4040/2675
f 3730/4042/2676 3742/4055/2676 3741/4054/2676 3729/4041/2676
f 3731/4043/2677 3743/4056/2677 3742/4055/2677 3730/4042/2677
f 3732/4032/2678 3744/4045/2678 3743/4056/2678 3731/4043/2678
f 3733/4044/2679 3745/4057/2679 3756/4058/2679 3744/4045/2679
f 3734/4046/2680 3746/4059/2680 3745/4060/2680 3733/4047/2680
f 3735/4048/2681 3747/4061/2681 3746/4059/2681 3734/4046/2681
f 3736/4049/2682 3748/4062/2682 3747/4061/2682 3735/4048/2682
f 3737/4050/2683 3749/4063/2683 3748/4062/2683 3736/4049/2683
f 3738/4051/2684 3750/4064/2684 3749/4063/2684 3737/4050/2684
f 3739/4052/2685 3751/4065/2685 3750/4064/2685 3738/4051/2685
f 3740/4053/2686 3752/4066/2686 3751/4065/2686 3739/4052/2686
f 3741/4054/2687 3753/4067/2687 3752/4066/2687 3740/4053/2687
f 3742/4055/2688 3754/4068/2688 3753/4067/2688 3741/4054/2688
f 3743/4056/2689 3755/4069/2689 3754/4068/2689 3742/4055/2689
f 3744/4045/2690 3756/4058/2690 3755/4069/2690 3743/4056/2690
f 3757/4070/2691 3769/4071/2691 3780/4072/2691 3768/4073/2691
f 3758/4074/2692 3770/4075/2692 3769/4076/2692 3757/4077/2692
f 3759/4078/2693 3771/4079/2693 3770/4075/2693 3758/4074/2693
f 3760/4080/2694 3772/4081/2694 3771/4079/2694 3759/4078/2694
f 3761/4082/2695 3773/4083/2695 3772/4081/2695 3760/4080/2695
f 3762/4084/2696 3774/4085/2696 3773/4083/2696 3761/4082/2696
f 3763/4086/2697 3775/4087/2697 3774/4085/2697 3762/4084/2697
f 3764/4088/2698 3776/4089/2698 3775/4087/2698 3763/4086/2698
f 3765/4090/2699 3777/4091/2699 3776/4089/2699 3764/4088/2699
f 3766/4092/2700 3778/4093/2700 3777/4091/2700 3765/4090/2700
f 3767/4094/2701 3779/4095/2701 3778/4093/2701 3766/4092/2701
f 3768/4073/2702 3780/4072/2702 3779/4095/2702 3767/4094/2702
f 3769/4071/2703 3781/4096/2703 3792/4097/2703 3780/4072/2703
f 3770/4075/2704 3782/4098/2704 3781/4099/2704 3769/4076/2704
f 3771/4079/2705 3783/4100/2705 3782/4098/2705 3770/4075/2705
f 3772/4081/2706 3784/4101/2706 3783/4100/2706 3771/4079/2706
f 3773/4083/2707 3785/4102/2707 3784/4101/2707 3772/4081/2707
f 3774/4085/2708 3786/4103/2708 3785/4102/2708 3773/4083/2708
f 3775/4087/2709 3787/4104/2709 3786/4103/2709 3774/4085/2709
f 3776/4089/2710 3788/4105/2710 3787/4104/2710 3775/4087/2710
f 3777/4091/2711 3789/4106/2711 3788/4105/2711 3776/4089/2711
f 3778/4093/2712 3790/4107/2712 3789/4106/2712 3777/4091/2712
f 3779/4095/2713 3791/4108/2713 3790/4107/2713 3778/4093/2713
f 3780/4072/2714 3792/4097/2714 3791/4108/2714 3779/4095/2714
f 3781/4096/2715 3793/4109/2715 3804/4110/2715 3792/4097/2715
f 3782/4098/2716 3794/4111/2716 3793/4112/2716 3781/4099/2716
f 3783/4100/2717 3795/4113/2717 3794/4111/2717 3782/4098/2717
f 3784/4101/2718 3796/4114/2718 3795/4113/2718 3783/4100/2718
f 3785/4102/2719 3797/4115/2719 3796/4114/2719 3784/4101/2719
f 3786/4103/2720 3798/4116/2720 3797/4115/2720 3785/4102/2720
f 3787/4104/2721 3799/4117/2721 3798/4116/2721 3786/4103/2721
f 3788/4105/2722 3800/4118/2722 3799/4117/2722 3787/4104/2722
f 3789/4106/2723 3801/4119/2723 3800/4118/2723 3788/4105/2723
f 3790/4107/2724 3802/4120/2724 3801/4119/2724 3789/4106/2724
f 3791/4108/2725 3803/4121/2725 3802/4120/2725 3790/4107/2725
f 3792/4097/2726 3804/4110/2726 3803/4121/2726 3791/4108/2726
f 3793/4109/2727 3805/4122/2727 3816/4123/2727 3804/4110/2727
f 3794/4111/2728 3806/4124/2728 3805/4125/2728 3793/4112/2728
f 3795/4113/2729 3807/4126/2729 3806/4124/2729 3794/4111/2729
f 3796/4114/2730 3808/4127/2730 3807/4126/2730 3795/4113/2730
f 3797/4115/2731 3809/4128/2731 3808/4127/2731 3796/4114/2731
f 3798/4116/2732 3810/4129/2732 3809/4128/2732 3797/4115/2732
f 3799/4117/2733 3811/4130/2733 3810/4129/2733 3798/4116/2733
f 3800/4118/2734 3812/4131/2734 3811/4130/2734 3799/4117/2734
f 3801/4119/2735 3813/4132/2735 3812/4131/2735 3800/4118/2735
f 3802/4120/2736 3814/4133/2736 3813/4132/2736 3801/4119/2736
f 3803/4121/2737 3815/4134/2737 3814/4133/2737 3802/4120/2737
f 3804/4110/2738 3816/4123/2738 3815/4134/2738 3803/4121/2738
f 3805/4122/2739 3817/4135/2739 3828/4136/2739 3816/4123/2739
f 3806/4124/2740 3818/4137/2740 3817/4138/2740 3805/4125/2740
f 3807/4126/2741 3819/4139/2741 3818/4137/2741 3806/4124/2741
f 3808/4127/2742 3820/4140/2742 3819/4139/2742 3807/4126/2742
f 3809/4128/2743 3821/4141/2743 3820/4140/2743 3808/4127/2743
f 3810/4129/2744 3822/4142/2744 3821/4141/2744 3809/4128/2744
f 3811/4130/2745 3823/4143/2745 3822/4142/2745 3810/4129/2745
f 3812/4131/2746 3824/4144/2746 3823/4143/2746 3811/4130/2746
f 3813/4132/2747 3825/4145/2747 3824/4144/2747 3812/4131/2747
f 3814/4133/2748 3826/4146/2748 3825/4145/2748 3813/4132/2748
f 3815/4134/2749 3827/4147/2749 3826/4146/2749 3814/4133/2749
f 3816/4123/2750 3828/4136/2750 3827/4147/2750 3815/4134/2750
f 3817/4135/2751 3829/4148/2751 3840/4149/2751 3828/4136/2751
f 3818/4137/2752 3830/4150/2752 3829/4151/2752 3817/4138/2752
f 3819/4139/2753 3831/4152/2753 3830/4150/2753 3818/4137/2753
f 3820/4140/2754 3832/4153/2754 3831/4152/2754 3819/4139/2754
f 3821/4141/2755 3833/4154/2755 3832/4153/2755 3820/4140/2755
f 3822/4142/2756 3834/4155/2756 3833/4154/2756 3821/4141/2756
f 3823/4143/2757 3835/4156/2757 3834/4155/2757 3822/4142/2757
f 3824/4144/2758 3836/4157/2758 3835/4156/2758 3823/4143/2758
f 3825/4145/2759 3837/4158/2759 3836/4157/2759 3824/4144/2759
f 3826/4146/2760 3838/4159/2760 3837/4158/2760 3825/4145/2760
f 3827/4147/2761 3839/4160/2761 3838/4159/2761 3826/4146/2761
f 3828/4136/2762 3840/4149/2762 3839/4160/2762 3827/4147/2762
f 3829/4148/2763 3841/4161/2763 3852/4162/2763 3840/4149/2763
f 3830/4150/2764 3842/4163/2764 3841/4164/2764 3829/4151/2764
f 3831/4152/2765 3843/4165/2765 3842/4163/2765 3830/4150/2765
f 3832/4153/2766 3844/4166/2766 3843/4165/2766 3831/4152/2766
f 3833/4154/2767 3845/4167/2767 3844/4166/2767 3832/4153/2767
f 3834/4155/2768 3846/4168/2768 3845/4167/2768 3833/4154/2768
f 3835/4156/2769 3847/4169/2769 3846/4168/2769 3834/4155/2769
f 3836/4157/2770 3848/4170/2770 3847/4169/2770 3835/4156/2770
f 3837/4158/2771 3849/4171/2771 3848/4170/2771 3836/4157/2771
f 3838/4159/2772 3850/4172/2772 3849/4171/2772 3837/4158/2772
f 3839/4160/2773 3851/4173/2773 3850/4172/2773 3838/4159/2773
f 3840/4149/2774 3852/4162/2774 3851/4173/2774 3839/4160/2774
f 3841/4161/2775 3853/4174/2775 3864/4175/2775 3852/4162/2775
f 3842/4163/2776 3854/4176/2776 3853/4177/2776 3841/4164/2776
f 3843/4165/2777 3855/4178/2777 3854/4176/2777 3842/4163/2777
f 3844/4166/2778 3856/4179/2778 3855/4178/2778 3843/4165/2778
f 3845/4167/2779 3857/4180/2779 3856/4179/2779 3844/4166/2779
f 3846/4168/2780 3858/4181/2780 3857/4180/2780 3845/4167/2780
f 3847/4169/2781 3859/4182/2781 3858/4181/2781 3846/4168/2781
f 3848/4170/2782 3860/4183/2782 3859/4182/2782 3847/4169/2782
f 3849/4171/2783 3861/4184/2783 3860/4183/2783 3848/4170/2783
f 3850/4172/2784 3862/4185/2784 3861/4184/2784 3849/4171/2784
f 3851/4173/2785 3863/4186/2785 3862/4185/2785 3850/4172/2785
f 3852/4162/2786 3864/4175/2786 3863/4186/2786 3851/4173/2786
f 3853/4174/2787 3865/4187/2787 3876/4188/2787 3864/4175/2787
f 3854/4176/2788 3866/4189/2788 3865/4190/2788 3853/4177/2788
f 3855/4178/2789 3867/4191/2789 3866/4189/2789 3854/4176/2789
f 3856/4179/2790 3868/4192/2790 3867/4191/2790 3855/4178/2790
f 3857/4180/2791 3869/4193/2791 3868/4192/2791 3856/4179/2791
f 3858/4181/2792 3870/4194/2792 3869/4193/2792 3857/4180/2792
f 3859/4182/2793 3871/4195/2793 3870/4194/2793 3858/4181/2793
f 3860/4183/2794 3872/4196/2794 3871/4195/2794 3859/4182/2794
f 3861/4184/2795 3873/4197/2795 3872/4196/2795 3860/4183/2795
f 3862/4185/2796 3874/4198/2796 3873/4197/2796 3861/4184/2796
f 3863/4186/2797 3875/4199/2797 3874/4198/2797 3862/4185/2797
f 3864/4175/2798 3876/4188/2798 3875/4199/2798 3863/4186/2798
f 3865/4187/2799 3877/4200/2799 3888/4201/2799 3876/4188/2799
f 3866/4189/2800 3878/4202/2800 3877/4203/2800 3865/4190/2800
f 3867/4191/2801 3879/4204/2801 3878/4202/2801 3866/4189/2801
f 3868/4192/2802 3880/4205/2802 3879/4204/2802 3867/4191/2802
f 3869/4193/2803 3881/4206/2803 3880/4205/2803 3868/4192/2803
f 3870/4194/2804 3882/4207/2804 3881/4206/2804 3869/4193/2804
f 3871/4195/2805 3883/4208/2805 3882/4207/2805 3870/4194/2805
f 3872/4196/2806 3884/4209/2806 3883/4208/2806 3871/4195/2806
f 3873/4197/2807 3885/4210/2807 3884/4209/2807 3872/4196/2807
f 3874/4198/2808 3886/4211/2808 3885/4210/2808 3873/4197/2808
f 3875/4199/2809 3887/4212/2809 3886/4211/2809 3874/4198/2809
f 3876/4188/2810 3888/4201/2810 3887/4212/2810 3875/4199/2810
f 3877/4200/2811 3889/4213/2811 3900/4214/2811 3888/4201/2811
f 3878/4202/2812 3890/4215/2812 3889/4216/2812 3877/4203/2812
f 3879/4204/2813 3891/4217/2813 3890/4215/2813 3878/4202/2813
f 3880/4205/2814 3892/4218/2814 3891/4217/2814 3879/4204/2814
f 3881/4206/2815 3893/4219/2815 3892/4218/2815 3880/4205/2815
f 3882/4207/2816 3894/4220/2816 3893/4219/2816 3881/4206/2816
f 3883/4208/2817 3895/4221/2817 3894/4220/2817 3882/4207/2817
f 3884/4209/2818 3896/4222/2818 3895/4221/2818 3883/4208/2818
f 3885/4210/2819 3897/4223/2819 3896/4222/2819 3884/4209/2819
f 3886/4211/2820 3898/4224/2820 3897/4223/2820 3885/4210/2820
f 3887/4212/2821 3899/4225/2821 3898/4224/2821 3886/4211/2821
f 3888/4201/2822 3900/4214/2822 3899/4225/2822 3887/4212/2822
f 3889/4213/2823 3901/4226/2823 3912/4227/2823 3900/4214/2823
f 3890/4215/2824 3902/4228/2824 3901/4229/2824 3889/4216/2824
f 3891/4217/2825 3903/4230/2825 3902/4228/2825 3890/4215/2825
f 3892/4218/2826 3904/4231/2826 3903/4230/2826 3891/4217/2826
f 3893/4219/2827 3905/4232/2827 3904/4231/2827 3892/4218/2827
f 3894/4220/2828 3906/4233/2828 3905/4232/2828 3893/4219/2828
f 3895/4221/2829 3907/4234/2829 3906/4233/2829 3894/4220/2829
f 3896/4222/2830 3908/4235/2830 3907/4234/2830 3895/4221/2830
f 3897/4223/2831 3909/4236/2831 3908/4235/2831 3896/4222/2831
f 3898/4224/2832 3910/4237/2832 3909/4236/2832 3897/4223/2832
f 3899/4225/2833 3911/4238/2833 3910/4237/2833 3898/4224/2833
f 3900/4214/2834 3912/4227/2834 3911/4238/2834 3899/4225/2834
f 3913/4239/2835 3925/4240/2835 3936/4241/2835 3924/4242/2835
f 3914/4243/2836 3926/4244/2836 3925/4245/2836 3913/4246/2836
f 3915/4247/2837 3927/4248/2837 3926/4244/2837 3914/4243/2837
f 3916/4249/2838 3928/4250/2838 3927/4248/2838 3915/4247/2838
f 3917/4251/2839 3929/4252/2839 3928/4250/2839 3916/4249/2839
f 3918/4253/2840 3930/4254/2840 3929/4252/2840 3917/4251/2840
f 3919/4255/2841 3931/4256/2841 3930/4254/2841 3918/4253/2841
f 3920/4257/2842 3932/4258/2842 3931/4256/2842 3919/4255/2842
f 3921/4259/2843 3933/4260/2843 3932/4258/2843 3920/4257/2843
f 3922/4261/2844 3934/4262/2844 3933/4260/2844 3921/4259/2844
f 3923/4263/2845 3935/4264/2845 3934/4262/2845 3922/4261/2845
f 3924/4242/2846 3936/4241/2846 3935/4264/2846 3923/4263/2846
f 3925/4240/2847 3937/4265/2847 3948/4266/2847 3936/4241/2847
f 3926/4244/2848 3938/4267/2848 3937/4268/2848 3925/4245/2848
f 3927/4248/2849 3939/4269/2849 3938/4267/2849 3926/4244/2849
f 3928/4250/2850 3940/4270/2850 3939/4269/2850 3927/4248/2850
f 3929/4252/2851 3941/4271/2851 3940/4270/2851 3928/4250/2851
f 3930/4254/2852 3942/4272/2852 3941/4271/2852 3929/4252/2852
f 3931/4256/2853 3943/4273/2853 3942/4272/2853 3930/4254/2853
f 3932/4258/2854 3944/4274/2854 3943/4273/2854 3931/4256/2854
f 3933/4260/2855 3945/4275/2855 3944/4274/2855 3932/4258/2855
f 3934/4262/2856 3946/4276/2856 3945/4275/2856 3933/4260/2856
f 3935/4264/2857 3947/4277/2857 3946/4276/2857 3934/4262/2857
f 3936/4241/2858 3948/4266/2858 3947/4277/2858 3935/4264/2858
f 3937/4265/2859 3949/4278/2859 3960/4279/2859 3948/4266/2859
f 3938/4267/2860 3950/4280/2860 3949/4281/2860 3937/4268/2860
f 3939/4269/2861 3951/4282/2861 3950/4280/2861 3938/4267/2861
f 3940/4270/2862 3952/4283/2862 3951/4282/2862 3939/4269/2862
f 3941/4271/2863 3953/4284/2863 3952/4283/2863 3940/4270/2863
f 3942/4272/2864 3954/4285/2864 3953/4284/2864 3941/4271/2864
f 3943/4273/2865 3955/4286/2865 3954/4285/2865 3942/4272/2865
f 3944/4274/2866 3956/4287/2866 3955/4286/2866 3943/4273/2866
f 3945/4275/2867 3957/4288/2867 3956/4287/2867 3944/4274/2867
f 3946/4276/2868 3958/4289/2868 3957/4288/2868 3945/4275/2868
f 3947/4277/2869 3959/4290/2869 3958/4289/2869 3946/4276/2869
f 3948/4266/2870 3960/4279/2870 3959/4290/2870 3947/4277/2870
f 3949/4278/2871 3961/4291/2871 3972/4292/2871 3960/4279/2871
f 3950/4280/2872 3962/4293/2872 3961/4294/2872 3949/4281/2872
f 3951/4282/2873 3963/4295/2873 3962/4293/2873 3950/4280/2873
f 3952/4283/2874 3964/4296/2874 3963/4295/2874 3951/4282/2874
f 3953/4284/2875 3965/4297/2875 3964/4296/2875 3952/4283/2875
f 3954/4285/2876 3966/4298/2876 3965/4297/2876 3953/4284/2876
f 3955/4286/2877 3967/4299/2877 3966/4298/2877 3954/4285/2877
f 3956/4287/2878 3968/4300/2878 3967/4299/2878 3955/4286/2878
f 3957/4288/2879 3969/4301/2879 3968/4300/2879 3956/4287/2879
f 3958/4289/2880 3970/4302/2880 3969/4301/2880 3957/4288/2880
f 3959/4290/2881 3971/4303/2881 3970/4302/2881 3958/4289/2881
f 3960/4279/2882 3972/4292/2882 3971/4303/2882 3959/4290/2882
f 3961/4291/2883 3973/4304/2883 3984/4305/2883 3972/4292/2883
f 3962/4293/2884 3974/4306/2884 3973/4307/2884 3961/4294/2884
f 3963/4295/2885 3975/4308/2885 3974/4306/2885 3962/4293/2885
f 3964/4296/2886 3976/4309/2886 3975/4308/2886 3963/4295/2886
f 3965/4297/2887 3977/4310/2887 3976/4309/2887 3964/4296/2887
f 3966/4298/2888 3978/4311/2888 3977/4310/2888 3965/4297/2888
f 3967/4299/2889 3979/4312/2889 3978/4311/2889 3966/4298/2889
f 3968/4300/2890 3980/4313/2890 3979/4312/2890 3967/4299/2890
f 3969/4301/2891 3981/4314/2891 3980/4313/2891 3968/4300/2891
f 3970/4302/2892 3982/4315/2892 3981/4314/2892 3969/4301/2892
f 3971/4303/2893 3983/4316/2893 3982/4315/2893 3970/4302/2893
f 3972/4292/2894 3984/4305/2894 3983/4316/2894 3971/4303/2894
f 3973/4304/2895 3985/4317/2895 3996/4318/2895 3984/4305/2895
f 3974/4306/2896 3986/4319/2896 3985/4320/2896 3973/4307/2896
f 3975/4308/2897 3987/4321/2897 3986/4319/2897 3974/4306/2897
f 3976/4309/2898 3988/4322/2898 3987/4321/2898 3975/4308/2898
f 3977/4310/2899 3989/4323/2899 3988/4322/2899 3976/4309/2899
f 3978/4311/2900 3990/4324/2900 3989/4323/2900 3977/4310/2900
f 3979/4312/2901 3991/4325/2901 3990/4324/2901 3978/4311/2901
f 3980/4313/2902 3992/4326/2902 3991/4325/2902 3979/4312/2902
f 3981/4314/2903 3993/4327/2903 3992/4326/2903 3980/4313/2903
f 3982/4315/2904 3994/4328/2904 3993/4327/2904 3981/4314/2904
f 3983/4316/2905 3995/4329/2905 3994/4328/2905 3982/4315/2905
f 3984/4305/2906 3996/4318/2906 3995/4329/2906 3983/4316/2906
f 3985/4317/2907 3997/4330/2907 4008/4331/2907 3996/4318/2907
f 3986/4319/2908 3998/4332/2908 3997/4333/2908 3985/4320/2908
f 3987/4321/2909 3999/4334/2909 3998/4332/2909 3986/4319/2909
f 3988/4322/2910 4000/4335/2910 3999/4334/2910 3987/4321/2910
f 3989/4323/2911 4001/4336/2911 4000/4335/2911 3988/4322/2911
f 3990/4324/2912 4002/4337/2912 4001/4336/2912 3989/4323/2912
f 3991/4325/2913 4003/4338/2913 4002/4337/2913 3990/4324/2913
f 3992/4326/2914 4004/4339/2914 4003/4338/2914 3991/4325/2914
f 3993/4327/2915 4005/4340/2915 4004/4339/2915 3992/4326/2915
f 3994/4328/2916 4006/4341/2916 4005/4340/2916 3993/4327/2916
f 3995/4329/2917 4007/4342/2917 4006/4341/2917 3994/4328/2917
f 3996/4318/2918 4008/4331/2918 4007/4342/2918 3995/4329/2918
f 3997/4330/2919 4009/4343/2919 4020/4344/2919 4008/4331/2919
f 3998/4332/2920 4010/4345/2920 4009/4346/2920 3997/4333/2920
f 3999/4334/2921 4011/4347/2921 4010/4345/2921 3998/4332/2921
f 4000/4335/2922 4012/4348/2922 4011/4347/2922 3999/4334/2922
f 4001/4336/2923 4013/4349/2923 4012/4348/2923 4000/4335/2923
f 4002/4337/2924 4014/4350/2924 4013/4349/2924 4001/4336/2924
f 4003/4338/2925 4015/4351/2925 4014/4350/2925 4002/4337/2925
f 4004/4339/2926 4016/4352/2926 4015/4351/2926 4003/4338/2926
f 4005/4340/2927 4017/4353/2927 4016/4352/2927 4004/4339/2927
f 4006/4341/2928 4018/4354/2928 4017/4353/2928 4005/4340/2928
f 4007/4342/2929 4019/4355/2929 4018/4354/2929 4006/4341/2929
f 4008/4331/2930 4020/4344/2930 4019/4355/2930 4007/4342/2930
f 4009/4343/2931 4021/4356/2931 4032/4357/2931 4020/4344/2931
f 4010/4345/2932 4022/4358/2932 4021/4359/2932 4009/4346/2932
f 4011/4347/2933 4023/4360/2933 4022/4358/2933 4010/4345/2933
f 4012/4348/2934 4024/4361/2934 4023/4360/2934 4011/4347/2934
f 4013/4349/2935 4025/4362/2935 4024/4361/2935 4012/4348/2935
f 4014/4350/2936 4026/4363/2936 4025/4362/2936 4013/4349/2936
f 4015/4351/2937 4027/4364/2937 4026/4363/2937 4014/4350/2937
f 4016/4352/2938 4028/4365/2938 4027/4364/2938 4015/4351/2938
f 4017/4353/2939 4029/4366/2939 4028/4365/2939 4016/4352/2939
f 4018/4354/2940 4030/4367/2940 4029/4366/2940 4017/4353/2940
f 4019/4355/2941 4031/4368/2941 4030/4367/2941 4018/4354/2941
f 4020/4344/2942 4032/4357/2942 4031/4368/2942 4019/4355/2942
f 4021/4356/2943 4033/4369/2943 4044/4370/2943 4032/4357/2943
f 4022/4358/2944 4034/4371/2944 4033/4372/2944 4021/4359/2944
f 4023/4360/2945 4035/4373/2945 4034/4371/2945 4022/4358/2945
f 4024/4361/2946 4036/4374/2946 4035/4373/2946 4023/4360/2946
f 4025/4362/2947 4037/4375/2947 4036/4374/2947 4024/4361/2947
f 4026/4363/2948 4038/4376/2948 4037/4375/2948 4025/4362/2948
f 4027/4364/2949 4039/4377/2949 4038/4376/2949 4026/4363/2949
f 4028/4365/2950 4040/4378/2950 4039/4377/2950 4027/4364/2950
f 4029/4366/2951 4041/4379/2951 4040/4378/2951 4028/4365/2951
f 4030/4367/2952 4042/4380/2952 4041/4379/2952 4029/4366/2952
f 4031/4368/2953 4043/4381/2953 4042/4380/2953 4030/4367/2953
f 4032/4357/2954 4044/4370/2954 4043/4381/2954 4031/4368/2954
f 4033/4369/2955 4045/4382/2955 4056/4383/2955 4044/4370/2955
f 4034/4371/2956 4046/4384/2956 4045/4385/2956 4033/4372/2956
f 4035/4373/2957 4047/4386/2957 4046/4384/2957 4034/4371/2957
f 4036/4374/2958 4048/4387/2958 4047/4386/2958 4035/4373/2958
f 4037/4375/2959 4049/4388/2959 4048/4387/2959 4036/4374/2959
f 4038/4376/2960 4050/4389/2960 4049/4388/2960 4037/4375/2960
f 4039/4377/2961 4051/4390/2961 4050/4389/2961 4038/4376/2961
f 4040/4378/2962 4052/4391/2962 4051/4390/2962 4039/4377/2962
f 4041/4379/2963 4053/4392/2963 4052/4391/2963 4040/4378/2963
f 4042/4380/2964 4054/4393/2964 4053/4392/2964 4041/4379/2964
f 4043/4381/2965 4055/4394/2965 4054/4393/2965 4042/4380/2965
f 4044/4370/2966 4056/4383/2966 4055/4394/2966 4043/4381/2966
f 4045/4382/2967 4057/4395/2967 4068/4396/2967 4056/4383/2967
f 4046/4384/2968 4058/4397/2968 4057/4398/2968 4045/4385/2968
f 4047/4386/2969 4059/4399/2969 4058/4397/2969 4046/4384/2969
f 4048/4387/2970 4060/4400/2970 4059/4399/2970 4047/4386/2970
f 4049/4388/2971 4061/4401/2971 4060/4400/2971 4048/4387/2971
f 4050/4389/2972 4062/4402/2972 4061/4401/2972 4049/4388/2972
f 4051/4390/2973 4063/4403/2973 4062/4402/2973 4050/4389/2973
f 4052/4391/2974 4064/4404/2974 4063/4403/2974 4051/4390/2974
f 4053/4392/2975 4065/4405/2975 4064/4404/2975 4052/4391/2975
f 4054/4393/2976 4066/4406/2976 4065/4405/2976 4053/4392/2976
f 4055/4394/2977 4067/4407/2977 4066/4406/2977 4054/4393/2977
f 4056/4383/2978 4068/4396/2978 4067/4407/2978 4055/4394/2978
f 4069/4408/2979 4081/4409/2979 4092/4410/2979 4080/4411/2979
f 4070/4412/2980 4082/4413/2980 4081/4414/2980 4069/4415/2980
f 4071/4416/2981 4083/4417/2981 4082/4413/2981 4070/4412/2981
f 4072/4418/2982 4084/4419/2982 4083/4417/2982 4071/4416/2982
f 4073/4420/2983 4085/4421/2983 4084/4419/2983 4072/4418/2983
f 4074/4422/2984 4086/4423/2984 4085/4421/2984 4073/4420/2984
f 4075/4424/2985 4087/4425/2985 4086/4423/2985 4074/4422/2985
f 4076/4426/2986 4088/4427/2986 4087/4425/2986 4075/4424/2986
f 4077/4428/2987 4089/4429/2987 4088/4427/2987 4076/4426/2987
f 4078/4430/2988 4090/4431/2988 4089/4429/2988 4077/4428/2988
f 4079/4432/2989 4091/4433/2989 4090/4431/2989 4078/4430/2989
f 4080/4411/2990 4092/4410/2990 4091/4433/2990 4079/4432/2990
f 4081/4409/2991 4093/4434/2991 4104/4435/2991 4092/4410/2991
f 4082/4413/2992 4094/4436/2992 4093/4437/2992 4081/4414/2992
f 4083/4417/2706 4095/4438/2706 4094/4436/2706 4082/4413/2706
f 4084/4419/2705 4096/4439/2705 4095/4438/2705 4083/4417/2705
f 4085/4421/2993 4097/4440/2993 4096/4439/2993 4084/4419/2993
f 4086/4423/2994 4098/4441/2994 4097/4440/2994 4085/4421/2994
f 4087/4425/2995 4099/4442/2995 4098/4441/2995 4086/4423/2995
f 4088/4427/2996 4100/4443/2996 4099/4442/2996 4087/4425/2996
f 4089/4429/2712 4101/4444/2712 4100/4443/2712 4088/4427/2712
f 4090/4431/2711 4102/4445/2711 4101/4444/2711 4089/4429/2711
f 4091/4433/2997 4103/4446/2997 4102/4445/2997 4090/4431/2997
f 4092/4410/2998 4104/4435/2998 4103/4446/2998 4091/4433/2998
f 4093/4434/2999 4105/4447/2999 4116/4448/2999 4104/4435/2999
f 4094/4436/3000 4106/4449/3000 4105/4450/3000 4093/4437/3000
f 4095/4438/2718 4107/4451/2718 4106/4449/2718 4094/4436/2718
f 4096/4439/2717 4108/4452/2717 4107/4451/2717 4095/4438/2717
f 4097/4440/3001 4109/4453/3001 4108/4452/3001 4096/4439/3001
f 4098/4441/3002 4110/4454/3002 4109/4453/3002 4097/4440/3002
f 4099/4442/3003 4111/4455/3003 4110/4454/3003 4098/4441/3003
f 4100/4443/3004 4112/4456/3004 4111/4455/3004 4099/4442/3004
f 4101/4444/2724 4113/4457/2724 4112/4456/2724 4100/4443/2724
f 4102/4445/2723 4114/4458/2723 4113/4457/2723 4101/4444/2723
f 4103/4446/3005 4115/4459/3005 4114/4458/3005 4102/4445/3005
f 4104/4435/3006 4116/4448/3006 4115/4459/3006 4103/4446/3006
f 4105/4447/3007 4117/4460/3007 4128/4461/3007 4116/4448/3007
f 4106/4449/3008 4118/4462/3008 4117/4463/3008 4105/4450/3008
f 4107/4451/2730 4119/4464/2730 4118/4462/2730 4106/4449/2730
f 4108/4452/2729 4120/4465/2729 4119/4464/2729 4107/4451/2729
f 4109/4453/3009 4121/4466/3009 4120/4465/3009 4108/4452/3009
f 4110/4454/3010 4122/4467/3010 4121/4466/3010 4109/4453/3010
f 4111/4455/3011 4123/4468/3011 4122/4467/3011 4110/4454/3011
f 4112/4456/3012 4124/4469/3012 4123/4468/3012 4111/4455/3012
f 4113/4457/2736 4125/4470/2736 4124/4469/2736 4112/4456/2736
f 4114/4458/2735 4126/4471/2735 4125/4470/2735 4113/4457/2735
f 4115/4459/3013 4127/4472/3013 4126/4471/3013 4114/4458/3013
f 4116/4448/3014 4128/4461/3014 4127/4472/3014 4115/4459/3014
f 4117/4460/3015 4129/4473/3015 4140/4474/3015 4128/4461/3015
f 4118/4462/3016 4130/4475/3016 4129/4476/3016 4117/4463/3016
f 4119/4464/3017 4131/4477/3017 4130/4475/3017 4118/4462/3017
f 4120/4465/3018 4132/4478/3018 4131/4477/3018 4119/4464/3018
f 4121/4466/3019 4133/4479/3019 4132/4478/3019 4120/4465/3019
f 4122/4467/3020 4134/4480/3020 4133/4479/3020 4121/4466/3020
f 4123/4468/3021 4135/4481/3021 4134/4480/3021 4122/4467/3021
f 4124/4469/3022 4136/4482/3022 4135/4481/3022 4123/4468/3022
f 4125/4470/3023 4137/4483/3023 4136/4482/3023 4124/4469/3023
f 4126/4471/3024 4138/4484/3024 4137/4483/3024 4125/4470/3024
f 4127/4472/3025 4139/4485/3025 4138/4484/3025 4126/4471/3025
f 4128/4461/3026 4140/4474/3026 4139/4485/3026 4127/4472/3026
f 4129/4473/3027 4141/4486/3027 4152/4487/3027 4140/4474/3027
f 4130/4475/2755 4142/4488/2755 4141/4489/2755 4129/4476/2755
f 4131/4477/2754 4143/4490/2754 4142/4488/2754 4130/4475/2754
f 4132/4478/2753 4144/4491/2753 4143/4490/2753 4131/4477/2753
f 4133/4479/2752 4145/4492/2752 4144/4491/2752 4132/4478/2752
f 4134/4480/3028 4146/4493/3028 4145/4492/3028 4133/4479/3028
f 4135/4481/3029 4147/4494/3029 4146/4493/3029 4134/4480/3029
f 4136/4482/2761 4148/4495/2761 4147/4494/2761 4135/4481/2761
f 4137/4483/3030 4149/4496/3030 4148/4495/3030 4136/4482/3030
f 4138/4484/3031 4150/4497/3031 4149/4496/3031 4137/4483/3031
f 4139/4485/2758 4151/4498/2758 4150/4497/2758 4138/4484/2758
f 4140/4474/3032 4152/4487/3032 4151/4498/3032 4139/4485/3032
f 4141/4486/3033 4153/4499/3033 4164/4500/3033 4152/4487/3033
f 4142/4488/2767 4154/4501/2767 4153/4502/2767 4141/4489/2767
f 4143/4490/2766 4155/4503/2766 4154/4501/2766 4142/4488/2766
f 4144/4491/2765 4156/4504/2765 4155/4503/2765 4143/4490/2765
f 4145/4492/2764 4157/4505/2764 4156/4504/2764 4144/4491/2764
f 4146/4493/3034 4158/4506/3034 4157/4505/3034 4145/4492/3034
f 4147/4494/3035 4159/4507/3035 4158/4506/3035 4146/4493/3035
f 4148/4495/2773 4160/4508/2773 4159/4507/2773 4147/4494/2773
f 4149/4496/3036 4161/4509/3036 4160/4508/3036 4148/4495/3036
f 4150/4497/3037 4162/4510/3037 4161/4509/3037 4149/4496/3037
f 4151/4498/2770 4163/4511/2770 4162/4510/2770 4150/4497/2770
f 4152/4487/3038 4164/4500/3038 4163/4511/3038 4151/4498/3038
f 4153/4499/3039 4165/4512/3039 4176/4513/3039 4164/4500/3039
f 4154/4501/3040 4166/4514/3040 4165/4515/3040 4153/4502/3040
f 4155/4503/3041 4167/4516/3041 4166/4514/3041 4154/4501/3041
f 4156/4504/3042 4168/4517/3042 4167/4516/3042 4155/4503/3042
f 4157/4505/3043 4169/4518/3043 4168/4517/3043 4156/4504/3043
f 4158/4506/3044 4170/4519/3044 4169/4518/3044 4157/4505/3044
f 4159/4507/3045 4171/4520/3045 4170/4519/3045 4158/4506/3045
f 4160/4508/3046 4172/4521/3046 4171/4520/3046 4159/4507/3046
f 4161/4509/3047 4173/4522/3047 4172/4521/3047 4160/4508/3047
f 4162/4510/3048 4174/4523/3048 4173/4522/3048 4161/4509/3048
f 4163/4511/3049 4175/4524/3049 4174/4523/3049 4162/4510/3049
f 4164/4500/3050 4176/4513/3050 4175/4524/3050 4163/4511/3050
f 4165/4512/3051 4177/4525/3051 4188/4526/3051 4176/4513/3051
f 4166/4514/3052 4178/4527/3052 4177/4528/3052 4165/4515/3052
f 4167/4516/2790 4179/4529/2790 4178/4527/2790 4166/4514/2790
f 4168/4517/2789 4180/4530/2789 4179/4529/2789 4167/4516/2789
f 4169/4518/3053 4181/4531/3053 4180/4530/3053 4168/4517/3053
f 4170/4519/3054 4182/4532/3054 4181/4531/3054 4169/4518/3054
f 4171/4520/3055 4183/4533/3055 4182/4532/3055 4170/4519/3055
f 4172/4521/3056 4184/4534/3056 4183/4533/3056 4171/4520/3056
f 4173/4522/2796 4185/4535/2796 4184/4534/2796 4172/4521/2796
f 4174/4523/2795 4186/4536/2795 4185/4535/2795 4173/4522/2795
f 4175/4524/3057 4187/4537/3057 4186/4536/3057 4174/4523/3057
f 4176/4513/3058 4188/4526/3058 4187/4537/3058 4175/4524/3058
f 4177/4525/3059 4189/4538/3059 4200/4539/3059 4188/4526/3059
f 4178/4527/3060 4190/4540/3060 4189/4541/3060 4177/4528/3060
f 4179/4529/2802 4191/4542/2802 4190/4540/2802 4178/4527/2802
f 4180/4530/2801 4192/4543/2801 4191/4542/2801 4179/4529/2801
f 4181/4531/3061 4193/4544/3061 4192/4543/3061 4180/4530/3061
f 4182/4532/3062 4194/4545/3062 4193/4544/3062 4181/4531/3062
f 4183/4533/3063 4195/4546/3063 4194/4545/3063 4182/4532/3063
f 4184/4534/3064 4196/4547/3064 4195/4546/3064 4183/4533/3064
f 4185/4535/2808 4197/4548/2808 4196/4547/2808 4184/4534/2808
f 4186/4536/2807 4198/4549/2807 4197/4548/2807 4185/4535/2807
f 4187/4537/3065 4199/4550/3065 4198/4549/3065 4186/4536/3065
f 4188/4526/3066 4200/4539/3066 4199/4550/3066 4187/4537/3066
f 4189/4538/3067 4201/4551/3067 4212/4552/3067 4200/4539/3067
f 4190/4540/3068 4202/4553/3068 4201/4554/3068 4189/4541/3068
f 4191/4542/2814 4203/4555/2814 4202/4553/2814 4190/4540/2814
f 4192/4543/2813 4204/4556/2813 4203/4555/2813 4191/4542/2813
f 4193/4544/3069 4205/4557/3069 4204/4556/3069 4192/4543/3069
f 4194/4545/3070 4206/4558/3070 4205/4557/3070 4193/4544/3070
f 4195/4546/3071 4207/4559/3071 4206/4558/3071 4194/4545/3071
f 4196/4547/3072 4208/4560/3072 4207/4559/3072 4195/4546/3072
f 4197/4548/2820 4209/4561/2820 4208/4560/2820 4196/4547/2820
f 4198/4549/2819 4210/4562/2819 4209/4561/2819 4197/4548/2819
f 4199/4550/3073 4211/4563/3073 4210/4562/3073 4198/4549/3073
f 4200/4539/3074 4212/4552/3074 4211/4563/3074 4199/4550/3074
f 4201/4551/3075 4213/4564/3075 4224/4565/3075 4212/4552/3075
f 4202/4553/3076 4214/4566/3076 4213/4567/3076 4201/4554/3076
f 4203/4555/3077 4215/4568/3077 4214/4566/3077 4202/4553/3077
f 4204/4556/3078 4216/4569/3078 4215/4568/3078 4203/4555/3078
f 4205/4557/3079 4217/4570/3079 4216/4569/3079 4204/4556/3079
f 4206/4558/3080 4218/4571/3080 4217/4570/3080 4205/4557/3080
f 4207/4559/3081 4219/4572/3081 4218/4571/3081 4206/4558/3081
f 4208/4560/3082 4220/4573/3082 4219/4572/3082 4207/4559/3082
f 4209/4561/3083 4221/4574/3083 4220/4573/3083 4208/4560/3083
f 4210/4562/3084 4222/4575/3084 4221/4574/3084 4209/4561/3084
f 4211/4563/3085 4223/4576/3085 4222/4575/3085 4210/4562/3085
f 4212/4552/3086 4224/4565/3086 4223/4576/3086 4211/4563/3086
f 3408/3681/3087 3397/3683/3087 3398/3682/3087 3399/3684/3087 3400/3685/3087 3401/3686/3087 3402/3687/3087 3403/3688/3087 3404/3689/3087 3405/3690/3087 3406/3691/3087 3407/3692/3087
f 3468/3748/3087 3467/3769/3087 3466/3767/3087 3465/3765/3087 3464/3763/3087 3463/3761/3087 3462/3759/3087 3461/3757/3087 3460/3755/3087 3459/3753/3087 3458/3749/3087 3457/3752/3087
o _3-3__curve_.004__3-3__curve_.005
v 184.177048 260.000000 -217.268845
v 183.944229 263.660248 -213.616013
v 183.626175 265.000000 -208.626129
v 183.308121 263.660248 -203.636261
v 183.075302 260.000000 -199.983414
v 182.990082 255.000015 -198.646378
v 183.075302 250.000000 -199.983414
v 183.308121 246.339752 -203.636246
v 183.626175 245.000000 -208.626114
v 183.944229 246.339737 -213.615997
v 184.177048 249.999985 -217.268845
v 184.262268 254.999985 -218.605881
v 187.280991 260.000000 -217.053329
v 186.815582 263.660248 -213.422791
v 186.179810 265.000000 -208.463364
v 185.544037 263.660248 -203.503952
v 185.078629 260.000000 -199.873413
v 184.908264 255.000015 -198.544540
v 185.078629 250.000015 -199.873398
v 185.544037 246.339752 -203.503937
v 186.179810 245.000000 -208.463348
v 186.815582 246.339737 -213.422775
v 187.280991 249.999985 -217.053314
v 187.451355 254.999985 -218.382187
v 190.891174 260.000000 -216.353622
v 189.964951 263.660248 -212.812500
v 188.699707 265.000000 -207.975220
v 187.434464 263.660248 -203.137955
v 186.508240 260.000000 -199.596832
v 186.169220 255.000015 -198.300690
v 186.508240 250.000000 -199.596817
v 187.434464 246.339752 -203.137939
v 188.699707 245.000000 -207.975204
v 189.964951 246.339737 -212.812485
v 190.891174 249.999985 -216.353607
v 191.230194 254.999985 -217.649750
v 194.410278 260.000000 -215.185654
v 193.033249 263.660248 -211.794312
v 191.152191 265.000000 -207.161636
v 189.271133 263.660248 -202.528976
v 187.894104 260.000000 -199.137619
v 187.390076 255.000015 -197.896301
v 187.894104 250.000000 -199.137604
v 189.271133 246.339752 -202.528961
v 191.152191 245.000000 -207.161621
v 193.033249 246.339737 -211.794296
v 194.410278 249.999985 -215.185654
v 194.914307 254.999985 -216.426971
v 197.787689 260.000000 -213.548996
v 195.977020 263.660248 -210.367981
v 193.503586 265.000000 -206.022614
v 191.030151 263.660248 -201.677261
v 189.219482 260.000000 -198.496231
v 188.556732 255.000015 -197.331894
v 189.219482 250.000000 -198.496231
v 191.030151 246.339752 -201.677246
v 193.503586 245.000000 -206.022598
v 195.977005 246.339737 -210.367966
v 197.787689 249.999985 -213.548996
v 198.450439 254.999985 -214.713333
v 200.968414 260.000000 -211.446960
v 198.750244 263.660248 -208.535400
v 195.720169 265.000000 -204.558136
v 192.690094 263.660248 -200.580872
v 190.471924 260.000000 -197.669312
v 189.660004 255.000015 -196.603607
v 190.471909 250.000000 -197.669312
v 192.690079 246.339752 -200.580872
v 195.720169 245.000000 -204.558121
v 198.750244 246.339737 -208.535385
v 200.968414 249.999985 -211.446960
v 201.780334 254.999985 -212.512665
v 203.892044 260.000000 -208.891891
v 201.303833 263.660248 -206.303726
v 197.768265 265.000000 -202.768219
v 194.232712 263.660248 -199.232712
v 191.644501 260.000000 -196.644547
v 190.697144 255.000015 -195.697205
v 191.644485 250.000000 -196.644531
v 194.232697 246.339752 -199.232712
v 197.768265 245.000000 -202.768219
v 201.303818 246.339737 -206.303726
v 203.892029 249.999985 -208.891891
v 204.839386 254.999985 -209.839233
v 206.447037 260.000000 -205.968262
v 203.535461 263.660248 -203.750122
v 199.558151 265.000000 -200.720093
v 195.580856 263.660248 -197.690063
v 192.669266 260.000000 -195.471939
v 191.603546 255.000015 -194.660034
v 192.669250 250.000015 -195.471924
v 195.580841 246.339752 -197.690063
v 199.558136 245.000000 -200.720093
v 203.535446 246.339737 -203.750122
v 206.447037 249.999985 -205.968246
v 207.512756 254.999985 -206.780151
v 208.549026 260.000000 -202.787537
v 205.367996 263.660248 -200.976883
v 201.022614 265.000000 -198.503479
v 196.677246 263.660248 -196.030075
v 193.496201 260.000000 -194.219421
v 192.331863 255.000015 -193.556671
v 193.496201 250.000000 -194.219421
v 196.677231 246.339752 -196.030075
v 201.022598 245.000000 -198.503479
v 205.367981 246.339737 -200.976883
v 208.549026 249.999985 -202.787537
v 209.713364 254.999985 -203.450287
v 210.185654 260.000000 -199.410156
v 206.794312 263.660248 -198.033127
v 202.161636 265.000000 -196.152069
v 197.528976 263.660248 -194.271011
v 194.137619 260.000000 -192.893982
v 192.896301 255.000015 -192.389954
v 194.137619 250.000000 -192.893982
v 197.528961 246.339752 -194.271011
v 202.161621 245.000000 -196.152069
v 206.794296 246.339737 -198.033127
v 210.185654 249.999985 -199.410156
v 211.426971 254.999985 -199.914185
v 211.353622 260.000000 -195.891083
v 207.812500 263.660248 -194.964844
v 202.975235 265.000000 -193.699570
v 198.137985 263.660248 -192.434296
v 194.596863 260.000000 -191.508057
v 193.300705 255.000015 -191.169037
v 194.596848 250.000000 -191.508057
v 198.137970 246.339752 -192.434296
v 202.975220 245.000000 -193.699570
v 207.812485 246.339737 -194.964828
v 211.353607 249.999985 -195.891083
v 212.649765 254.999985 -196.230103
v 212.053345 260.000000 -192.280914
v 208.422806 263.660248 -191.815475
v 203.463394 265.000000 -191.179672
v 198.503983 263.660248 -190.543869
v 194.873444 260.000000 -190.078430
v 193.544571 255.000015 -189.908066
v 194.873444 250.000000 -190.078430
v 198.503967 246.339752 -190.543869
v 203.463379 245.000000 -191.179672
v 208.422791 246.339737 -191.815475
v 212.053345 249.999985 -192.280914
v 213.382217 254.999985 -192.451279
v 212.286438 260.000000 -188.626160
v 208.626175 263.660248 -188.626144
v 203.626175 265.000000 -188.626129
v 198.626175 263.660248 -188.626114
v 194.965927 260.000000 -188.626099
v 193.626175 255.000015 -188.626083
v 194.965912 250.000000 -188.626099
v 198.626160 246.339752 -188.626114
v 203.626160 245.000000 -188.626129
v 208.626160 246.339737 -188.626144
v 212.286423 249.999985 -188.626160
v 213.626175 254.999985 -188.626175
v 212.053375 260.000000 -184.971313
v 208.422821 263.660248 -185.436722
v 203.463409 265.000000 -186.072495
v 198.503998 263.660248 -186.708267
v 194.873459 260.000000 -187.173676
v 193.544586 255.000015 -187.344040
v 194.873444 250.000000 -187.173676
v 198.503983 246.339752 -186.708267
v 203.463394 245.000000 -186.072495
v 208.422821 246.339737 -185.436722
v 212.053360 249.999985 -184.971313
v 213.382233 254.999985 -184.800949
v 211.353668 260.000000 -181.361130
v 207.812531 263.660248 -182.287354
v 202.975266 265.000000 -183.552597
v 198.138000 263.660248 -184.817841
v 194.596878 260.000000 -185.744064
v 193.300735 255.000015 -186.083084
v 194.596863 250.000000 -185.744064
v 198.137985 246.339752 -184.817841
v 202.975250 245.000000 -183.552597
v 207.812531 246.339737 -182.287354
v 211.353653 249.999985 -181.361130
v 212.649796 254.999985 -181.022110
v 210.185699 260.000000 -177.842026
v 206.794357 263.660248 -179.219055
v 202.161682 265.000000 -181.100113
v 197.529022 263.660248 -182.981171
v 194.137665 260.000000 -184.358200
v 192.896347 255.000015 -184.862228
v 194.137665 250.000000 -184.358200
v 197.529007 246.339752 -182.981171
v 202.161667 245.000000 -181.100113
v 206.794342 246.339737 -179.219070
v 210.185699 249.999985 -177.842041
v 211.427017 254.999985 -177.337997
v 208.549042 260.000000 -174.464615
v 205.368027 263.660248 -176.275284
v 201.022659 265.000000 -178.748718
v 196.677307 263.660248 -181.222137
v 193.496277 260.000000 -183.032822
v 192.331940 255.000015 -183.695572
v 193.496277 250.000000 -183.032822
v 196.677292 246.339752 -181.222153
v 201.022644 245.000000 -178.748718
v 205.368011 246.339737 -176.275299
v 208.549042 249.999985 -174.464615
v 209.713379 254.999985 -173.801865
v 206.447083 260.000000 -171.283981
v 203.535492 263.660248 -173.502106
v 199.558182 265.000000 -176.532135
v 195.580872 263.660248 -179.562149
v 192.669281 260.000000 -181.780289
v 191.603561 255.000015 -182.592178
v 192.669281 250.000000 -181.780289
v 195.580872 246.339752 -179.562164
v 199.558182 245.000000 -176.532135
v 203.535477 246.339737 -173.502121
v 206.447083 249.999985 -171.283997
v 207.512802 254.999985 -170.472092
v 204.094238 260.000000 -168.569351
v 201.420578 263.660248 -171.069138
v 197.768265 265.000000 -174.483917
v 194.115967 263.660248 -177.898682
v 191.442291 260.000000 -180.398468
v 190.463654 255.000000 -181.313461
v 191.442276 250.000000 -180.398483
v 194.115952 246.339752 -177.898697
v 197.768265 245.000000 -174.483917
v 201.420563 246.339737 -171.069153
v 204.094238 250.000000 -168.569366
v 205.072876 254.999985 -167.654373
v 161.465576 260.000000 -125.933807
v 158.877396 263.660248 -128.521988
v 155.341858 265.000000 -132.057526
v 151.806320 263.660248 -135.593048
v 149.218140 260.000000 -138.181244
v 148.270782 255.000000 -139.128586
v 149.218124 250.000000 -138.181259
v 151.806320 246.339752 -135.593063
v 155.341858 245.000000 -132.057541
v 158.877380 246.339737 -128.522003
v 161.465576 249.999985 -125.933807
v 162.412933 254.999985 -124.986465
v -186.576355 244.995895 -217.286377
v -186.724625 248.653137 -213.626129
v -186.778900 249.991791 -208.626129
v -186.724625 248.653152 -203.626129
v -186.576355 244.995895 -199.965881
v -186.373825 240.000000 -198.626129
v -186.171295 235.004105 -199.965866
v -186.023026 231.346863 -203.626114
v -185.968750 230.008209 -208.626114
v -186.023026 231.346848 -213.626129
v -186.171295 235.004089 -217.286377
v -186.373825 239.999985 -218.626129
v 183.423645 259.995911 -217.286377
v 183.275375 263.653137 -213.626129
v 183.221100 264.991791 -208.626129
v 183.275375 263.653137 -203.626129
v 183.423645 259.995911 -199.965881
v 183.626175 255.000000 -198.626129
v 183.828705 250.004105 -199.965866
v 183.976974 246.346863 -203.626114
v 184.031250 245.008209 -208.626114
v 183.976974 246.346848 -213.626129
v 183.828705 250.004089 -217.286377
v 183.626175 254.999985 -218.626129
v 194.965912 245.000000 181.373932
v 198.626175 248.660248 181.373932
v 203.626175 250.000000 181.373932
v 208.626175 248.660263 181.373932
v 212.286423 245.000000 181.373932
v 213.626175 240.000000 181.373932
v 212.286438 235.000000 181.373932
v 208.626190 231.339752 181.373932
v 203.626190 230.000000 181.373932
v 198.626175 231.339737 181.373932
v 194.965927 234.999985 181.373932
v 193.626175 239.999985 181.373932
v 194.965912 245.000000 -188.626129
v 198.626175 248.660248 -188.626129
v 203.626175 250.000000 -188.626129
v 208.626175 248.660263 -188.626129
v 212.286423 245.000000 -188.626129
v 213.626175 240.000000 -188.626129
v 212.286438 235.000000 -188.626129
v 208.626190 231.339752 -188.626129
v 203.626190 230.000000 -188.626129
v 198.626175 231.339737 -188.626129
v 194.965927 234.999985 -188.626129
v 193.626175 239.999985 -188.626129
v 120.933838 245.000000 -166.465561
v 123.522018 248.660248 -163.877365
v 127.057556 250.000000 -160.341827
v 130.593079 248.660263 -156.806290
v 133.181274 245.000015 -154.218109
v 134.128616 240.000015 -153.270752
v 133.181290 235.000000 -154.218094
v 130.593094 231.339752 -156.806290
v 127.057571 230.000000 -160.341827
v 123.522034 231.339737 -163.877350
v 120.933838 234.999985 -166.465546
v 119.986496 239.999985 -167.412903
v 163.360245 245.000000 -208.891953
v 165.948425 248.660248 -206.303757
v 169.483963 250.000000 -202.768219
v 173.019485 248.660263 -199.232681
v 175.607681 245.000015 -196.644501
v 176.555023 240.000015 -195.697144
v 175.607697 235.000000 -196.644485
v 173.019501 231.339752 -199.232681
v 169.483978 230.000000 -202.768219
v 165.948441 231.339737 -206.303741
v 163.360245 234.999985 -208.891937
v 162.412903 239.999985 -209.839294
v -215.034088 245.000000 181.373932
v -211.373825 248.660248 181.373932
v -206.373825 250.000000 181.373932
v -201.373825 248.660263 181.373932
v -197.713577 245.000000 181.373932
v -196.373825 240.000000 181.373932
v -197.713562 235.000000 181.373932
v -201.373810 231.339752 181.373932
v -206.373810 230.000000 181.373932
v -211.373825 231.339737 181.373932
v -215.034073 234.999985 181.373932
v -216.373825 239.999985 181.373932
v -215.034088 245.000000 -188.626129
v -211.373825 248.660248 -188.626129
v -206.373825 250.000000 -188.626129
v -201.373825 248.660263 -188.626129
v -197.713577 245.000000 -188.626129
v -196.373825 240.000000 -188.626129
v -197.713562 235.000000 -188.626129
v -201.373810 231.339752 -188.626129
v -206.373810 230.000000 -188.626129
v -211.373825 231.339737 -188.626129
v -215.034073 234.999985 -188.626129
v -216.373825 239.999985 -188.626129
v -186.373825 245.000000 192.713684
v -186.373825 248.660248 196.373932
v -186.373825 250.000000 201.373932
v -186.373825 248.660263 206.373932
v -186.373825 245.000000 210.034180
v -186.373825 240.000000 211.373932
v -186.373825 235.000000 210.034195
v -186.373825 231.339752 206.373947
v -186.373825 230.000000 201.373947
v -186.373825 231.339737 196.373947
v -186.373825 234.999985 192.713684
v -186.373825 239.999985 191.373932
v 183.626175 245.000000 192.713684
v 183.626175 248.660248 196.373932
v 183.626175 250.000000 201.373932
v 183.626175 248.660263 206.373932
v 183.626175 245.000000 210.034180
v 183.626175 240.000000 211.373932
v 183.626175 235.000000 210.034195
v 183.626175 231.339752 206.373947
v 183.626175 230.000000 201.373947
v 183.626175 231.339737 196.373947
v 183.626175 234.999985 192.713684
v 183.626175 239.999985 191.373932
v 194.983383 245.000000 -188.075348
v 198.636230 248.660248 -188.308121
v 203.626114 250.000000 -188.626083
v 208.615997 248.660263 -188.944046
v 212.268829 245.000000 -189.176819
v 213.605881 240.000015 -189.262009
v 212.268845 235.000000 -189.176819
v 208.615997 231.339752 -188.944046
v 203.626129 230.000000 -188.626083
v 198.636246 231.339737 -188.308121
v 194.983398 234.999985 -188.075348
v 193.646347 239.999985 -187.990158
v 194.873428 245.000000 -190.078537
v 198.503967 248.660248 -190.543930
v 203.463394 250.000000 -191.179672
v 208.422806 248.660263 -191.815414
v 212.053360 245.000000 -192.280807
v 213.382233 240.000015 -192.451157
v 212.053360 235.000000 -192.280807
v 208.422821 231.339752 -191.815414
v 203.463409 230.000000 -191.179672
v 198.503983 231.339737 -190.543930
v 194.873428 234.999985 -190.078537
v 193.544556 239.999985 -189.908188
v 194.596848 245.000000 -191.508057
v 198.137970 248.660248 -192.434296
v 202.975235 250.000000 -193.699570
v 207.812485 248.660263 -194.964828
v 211.353607 245.000000 -195.891068
v 212.649750 240.000015 -196.230103
v 211.353622 235.000000 -195.891083
v 207.812500 231.339752 -194.964844
v 202.975250 230.000000 -193.699570
v 198.137985 231.339737 -192.434311
v 194.596863 235.000000 -191.508072
v 193.300720 239.999985 -191.169037
v 194.137619 245.000000 -192.893982
v 197.528961 248.660248 -194.271011
v 202.161636 250.000000 -196.152069
v 206.794296 248.660263 -198.033127
v 210.185654 245.000000 -199.410156
v 211.426971 240.000015 -199.914185
v 210.185654 235.000000 -199.410156
v 206.794312 231.339752 -198.033127
v 202.161652 230.000000 -196.152069
v 197.528976 231.339737 -194.271011
v 194.137619 234.999985 -192.893982
v 192.896301 239.999985 -192.389954
v 193.496201 245.000000 -194.219421
v 196.677231 248.660248 -196.030075
v 201.022614 250.000000 -198.503479
v 205.367981 248.660263 -200.976883
v 208.549026 245.000000 -202.787537
v 209.713364 240.000000 -203.450287
v 208.549026 235.000000 -202.787537
v 205.367996 231.339752 -200.976883
v 201.022629 230.000000 -198.503479
v 196.677246 231.339737 -196.030090
v 193.496201 234.999985 -194.219421
v 192.331863 239.999985 -193.556671
v 192.669266 245.000000 -195.471939
v 195.580841 248.660248 -197.690063
v 199.558151 250.000000 -200.720093
v 203.535446 248.660263 -203.750122
v 206.447037 245.000000 -205.968246
v 207.512756 240.000015 -206.780151
v 206.447052 235.000000 -205.968262
v 203.535461 231.339752 -203.750122
v 199.558151 230.000000 -200.720093
v 195.580856 231.339737 -197.690079
v 192.669266 234.999985 -195.471939
v 191.603546 239.999985 -194.660034
v 191.644485 245.000000 -196.644547
v 194.232697 248.660248 -199.232712
v 197.768265 250.000000 -202.768219
v 201.303818 248.660263 -206.303726
v 203.892029 245.000000 -208.891891
v 204.839386 240.000000 -209.839233
v 203.892044 235.000000 -208.891907
v 201.303833 231.339752 -206.303726
v 197.768265 230.000000 -202.768219
v 194.232712 231.339737 -199.232712
v 191.644501 234.999985 -196.644547
v 190.697144 239.999985 -195.697205
v 190.471924 245.000000 -197.669312
v 192.690094 248.660248 -200.580872
v 195.720169 250.000000 -204.558136
v 198.750244 248.660263 -208.535400
v 200.968414 245.000000 -211.446960
v 201.780334 240.000000 -212.512665
v 200.968430 235.000000 -211.446960
v 198.750259 231.339752 -208.535400
v 195.720169 230.000000 -204.558151
v 192.690094 231.339737 -200.580887
v 190.471924 234.999985 -197.669312
v 189.660004 239.999985 -196.603607
v 189.219482 245.000000 -198.496231
v 191.030151 248.660248 -201.677246
v 193.503586 250.000000 -206.022614
v 195.977020 248.660263 -210.367966
v 197.787689 245.000000 -213.548996
v 198.450439 240.000015 -214.713333
v 197.787689 235.000000 -213.548996
v 195.977020 231.339752 -210.367981
v 193.503586 230.000000 -206.022629
v 191.030167 231.339737 -201.677261
v 189.219482 234.999985 -198.496231
v 188.556732 239.999985 -197.331894
v 187.894104 245.000000 -199.137619
v 189.271133 248.660248 -202.528961
v 191.152191 250.000000 -207.161636
v 193.033249 248.660263 -211.794296
v 194.410278 245.000000 -215.185654
v 194.914307 240.000015 -216.426971
v 194.410278 235.000000 -215.185669
v 193.033249 231.339752 -211.794312
v 191.152191 230.000000 -207.161652
v 189.271133 231.339737 -202.528976
v 187.894104 234.999985 -199.137619
v 187.390076 239.999985 -197.896301
v 186.508240 245.000000 -199.596817
v 187.434464 248.660248 -203.137955
v 188.699707 250.000000 -207.975220
v 189.964951 248.660263 -212.812485
v 190.891174 245.000000 -216.353607
v 191.230194 240.000000 -217.649750
v 190.891174 235.000000 -216.353622
v 189.964951 231.339752 -212.812500
v 188.699707 230.000000 -207.975235
v 187.434464 231.339737 -203.137955
v 186.508240 234.999985 -199.596832
v 186.169220 239.999985 -198.300690
v 185.078720 245.000000 -199.873398
v 185.544098 248.660248 -203.503937
v 186.179810 250.000000 -208.463364
v 186.815521 248.660263 -213.422775
v 187.280899 245.000000 -217.053329
v 187.451233 240.000000 -218.382202
v 187.280899 235.000000 -217.053345
v 186.815521 231.339752 -213.422791
v 186.179810 230.000000 -208.463379
v 185.544098 231.339737 -203.503952
v 185.078720 234.999985 -199.873398
v 184.908386 239.999985 -198.544525
v 183.626251 245.000000 -199.965805
v 183.626236 248.660248 -203.626068
v 183.626221 250.000000 -208.626068
v 183.626205 248.660263 -213.626068
v 183.626190 245.000000 -217.286316
v 183.626190 240.000000 -218.626068
v 183.626190 235.000000 -217.286331
v 183.626205 231.339752 -213.626083
v 183.626221 230.000000 -208.626083
v 183.626236 231.339737 -203.626083
v 183.626251 234.999985 -199.965820
v 183.626251 239.999985 -198.626068
v 182.173767 245.000000 -199.873383
v 181.708374 248.660248 -203.503922
v 181.072632 250.000000 -208.463348
v 180.436890 248.660263 -213.422760
v 179.971497 245.000000 -217.053314
v 179.801147 240.000015 -218.382187
v 179.971497 235.000000 -217.053314
v 180.436890 231.339752 -213.422775
v 181.072632 230.000000 -208.463364
v 181.708374 231.339737 -203.503937
v 182.173767 234.999985 -199.873383
v 182.344116 239.999985 -198.544510
v 180.744247 245.000000 -199.596802
v 179.818008 248.660248 -203.137924
v 178.552734 250.000000 -207.975189
v 177.287476 248.660263 -212.812439
v 176.361221 245.000000 -216.353577
v 176.022202 240.000000 -217.649719
v 176.361221 235.000000 -216.353577
v 177.287460 231.339752 -212.812454
v 178.552734 230.000000 -207.975204
v 179.817993 231.339737 -203.137939
v 180.744247 234.999985 -199.596817
v 181.083267 239.999985 -198.300659
v 179.358322 245.000000 -199.137573
v 177.981293 248.660248 -202.528915
v 176.100235 250.000000 -207.161591
v 174.219177 248.660263 -211.794250
v 172.842148 245.000000 -215.185608
v 172.338120 240.000015 -216.426926
v 172.842148 235.000000 -215.185608
v 174.219177 231.339752 -211.794266
v 176.100235 230.000000 -207.161606
v 177.981293 231.339737 -202.528931
v 179.358322 234.999985 -199.137573
v 179.862350 239.999985 -197.896255
v 178.032883 245.000000 -198.496155
v 176.222229 248.660248 -201.677185
v 173.748825 250.000000 -206.022568
v 171.275421 248.660263 -210.367935
v 169.464767 245.000000 -213.548981
v 168.802017 240.000015 -214.713318
v 169.464767 235.000000 -213.548981
v 171.275421 231.339752 -210.367950
v 173.748825 230.000000 -206.022583
v 176.222229 231.339737 -201.677200
v 178.032883 234.999985 -198.496155
v 178.695633 239.999985 -197.331818
v 176.780380 245.000000 -197.669220
v 174.562241 248.660248 -200.580795
v 171.532211 250.000000 -204.558105
v 168.502182 248.660263 -208.535400
v 166.284058 245.000000 -211.446991
v 165.472153 240.000015 -212.512711
v 166.284042 235.000015 -211.446991
v 168.502182 231.339752 -208.535416
v 171.532211 230.000000 -204.558121
v 174.562225 231.339737 -200.580811
v 176.780365 234.999985 -197.669220
v 177.592270 239.999985 -196.603500
v 175.182892 245.000000 -196.247208
v 172.774292 248.660248 -199.003311
v 169.484085 250.000000 -202.768219
v 166.193878 248.660263 -206.533127
v 163.785278 245.000000 -209.289230
v 162.903671 240.000015 -210.298035
v 163.785278 235.000000 -209.289230
v 166.193863 231.339752 -206.533127
v 169.484085 230.000000 -202.768219
v 172.774292 231.339737 -199.003311
v 175.182892 234.999985 -196.247208
v 176.064499 239.999985 -195.238403
v 183.044891 245.000000 192.733200
v 183.290573 248.660248 196.385208
v 183.626175 250.000000 201.373932
v 183.961777 248.660263 206.362656
v 184.207458 245.000000 210.014648
v 184.297394 240.000000 211.351379
v 184.207458 235.000000 210.014664
v 183.961777 231.339752 206.362671
v 183.626175 230.000000 201.373947
v 183.290573 231.339737 196.385223
v 183.044891 234.999985 192.733215
v 182.954956 239.999985 191.396484
v 185.179932 245.000000 192.609161
v 185.670242 248.660248 196.236420
v 186.340042 250.000000 201.191360
v 187.009842 248.660263 206.146286
v 187.500153 245.000000 209.773560
v 187.679626 240.000000 211.101227
v 187.500153 235.000000 209.773560
v 187.009842 231.339752 206.146301
v 186.340042 230.000000 201.191376
v 185.670242 231.339737 196.236435
v 185.179932 234.999985 192.609161
v 185.000458 239.999985 191.281494
v 186.650269 245.000000 192.308243
v 187.619263 248.660248 195.837906
v 188.942947 250.000000 200.659515
v 190.266632 248.660263 205.481110
v 191.235626 245.000000 209.010773
v 191.590302 240.000000 210.302719
v 191.235626 235.000000 209.010788
v 190.266632 231.339752 205.481125
v 188.942947 230.000000 200.659531
v 187.619263 231.339737 195.837921
v 186.650269 234.999985 192.308258
v 186.295593 239.999985 191.016312
v 188.041016 245.000000 191.824585
v 189.465363 248.660248 195.196335
v 191.411057 250.000000 199.802231
v 193.356750 248.660263 204.408127
v 194.781082 245.000000 207.779877
v 195.302429 240.000000 209.014023
v 194.781097 235.000000 207.779877
v 193.356750 231.339752 204.408142
v 191.411057 230.000000 199.802246
v 189.465363 231.339737 195.196335
v 188.041031 234.999985 191.824585
v 187.519684 239.999985 190.590439
v 189.345734 245.000000 191.169312
v 191.194748 248.660248 194.328201
v 193.720535 250.000000 198.643341
v 196.246323 248.660263 202.958466
v 198.095322 245.000000 206.117371
v 198.772110 240.000000 207.273605
v 198.095337 235.000000 206.117386
v 196.246323 231.339752 202.958481
v 193.720535 230.000000 198.643356
v 191.194748 231.339737 194.328217
v 189.345749 234.999985 191.169312
v 188.668961 239.999985 190.013062
v 190.552170 245.000000 190.354034
v 192.790268 248.660248 193.250305
v 195.847565 250.000000 197.206680
v 198.904861 248.660263 201.163055
v 201.142960 245.000000 204.059326
v 201.962158 240.000000 205.119431
v 201.142960 235.000000 204.059326
v 198.904877 231.339752 201.163071
v 195.847565 230.000000 197.206680
v 192.790268 231.339737 193.250305
v 190.552170 234.999985 190.354034
v 189.732971 239.999985 189.293930
v 191.644577 245.000000 189.392334
v 194.232758 248.660248 191.980530
v 197.768295 250.000000 195.516068
v 201.303818 248.660263 199.051605
v 203.892014 245.000000 201.639786
v 204.839355 240.000000 202.587143
v 203.892014 235.000000 201.639801
v 201.303833 231.339752 199.051605
v 197.768295 230.000000 195.516068
v 194.232773 231.339737 191.980545
v 191.644577 234.999985 189.392349
v 190.697235 239.999985 188.444992
v 192.606277 245.000000 188.299927
v 195.502533 248.660248 190.538025
v 199.458908 250.000000 193.595337
v 203.415283 248.660263 196.652649
v 206.311539 245.000000 198.890747
v 207.371643 240.000000 199.709946
v 206.311554 235.000000 198.890747
v 203.415283 231.339752 196.652649
v 199.458908 230.000000 193.595337
v 195.502548 231.339737 190.538040
v 192.606277 234.999985 188.299927
v 191.546173 239.999985 187.480713
v 193.421539 245.000000 187.093506
v 196.580429 248.660248 188.942520
v 200.895569 250.000000 191.468323
v 205.210693 248.660263 193.994110
v 208.369598 245.000000 195.843124
v 209.525833 240.000000 196.519913
v 208.369598 235.000000 195.843140
v 205.210709 231.339752 193.994125
v 200.895569 230.000000 191.468323
v 196.580444 231.339737 188.942535
v 193.421555 234.999985 187.093521
v 192.265305 239.999985 186.416733
v 194.076813 245.000000 185.788803
v 197.448563 248.660248 187.213150
v 202.054459 250.000000 189.158844
v 206.660355 248.660263 191.104538
v 210.032104 245.000000 192.528885
v 211.266251 240.000000 193.050232
v 210.032104 235.000000 192.528885
v 206.660370 231.339752 191.104538
v 202.054474 230.000000 189.158844
v 197.448563 231.339737 187.213150
v 194.076813 235.000000 185.788803
v 192.842667 239.999985 185.267456
v 194.560471 245.000000 184.398056
v 198.090134 248.660248 185.367050
v 202.911743 250.000000 186.690735
v 207.733337 248.660263 188.014404
v 211.263000 245.000000 188.983414
v 212.554947 240.000000 189.338089
v 211.263016 235.000000 188.983414
v 207.733353 231.339752 188.014420
v 202.911758 230.000000 186.690735
v 198.090149 231.339737 185.367065
v 194.560486 234.999985 184.398056
v 193.268539 239.999985 184.043381
v 194.861389 245.000000 182.927673
v 198.488647 248.660248 183.418015
v 203.443588 250.000000 184.087814
v 208.398514 248.660263 184.757614
v 212.025787 245.000000 185.247955
v 213.353455 240.000000 185.427429
v 212.025787 235.000000 185.247955
v 208.398529 231.339752 184.757629
v 203.443604 230.000000 184.087814
v 198.488663 231.339737 183.418015
v 194.861389 234.999985 182.927673
v 193.533722 239.999985 182.748199
v 194.985458 245.000000 180.792587
v 198.637451 248.660248 181.038300
v 203.626175 250.000000 181.373932
v 208.614899 248.660263 181.709564
v 212.266891 245.000000 181.955276
v 213.603622 240.000000 182.045212
v 212.266907 235.000000 181.955276
v 208.614899 231.339752 181.709564
v 203.626190 230.000000 181.373932
v 198.637466 231.339737 181.038300
v 194.985458 235.000000 180.792587
v 193.648727 239.999985 180.702652
v -197.733093 245.000000 180.792648
v -201.385101 248.660248 181.038330
v -206.373825 250.000000 181.373932
v -211.362549 248.660263 181.709534
v -215.014542 245.000000 181.955215
v -216.351273 240.000015 182.045151
v -215.014557 235.000015 181.955215
v -211.362564 231.339752 181.709534
v -206.373840 230.000000 181.373932
v -201.385117 231.339737 181.038330
v -197.733109 234.999985 180.792648
v -196.396378 239.999985 180.702713
v -197.609055 245.000000 182.927704
v -201.236313 248.660248 183.418030
v -206.191254 250.000000 184.087814
v -211.146179 248.660263 184.757599
v -214.773453 245.000000 185.247925
v -216.101120 240.000015 185.427399
v -214.773453 235.000000 185.247925
v -211.146194 231.339752 184.757599
v -206.191269 230.000000 184.087814
v -201.236328 231.339737 183.418030
v -197.609055 234.999985 182.927704
v -196.281387 239.999985 182.748230
v -197.308136 245.000000 184.398056
v -200.837799 248.660248 185.367050
v -205.659409 250.000000 186.690735
v -210.481003 248.660263 188.014420
v -214.010666 245.000000 188.983414
v -215.302628 240.000015 189.338089
v -214.010681 235.000000 188.983414
v -210.481018 231.339752 188.014420
v -205.659424 230.000000 186.690735
v -200.837814 231.339737 185.367065
v -197.308151 234.999985 184.398056
v -196.016190 239.999985 184.043381
v -196.824478 245.000000 185.788803
v -200.196228 248.660248 187.213150
v -204.802124 250.000000 189.158844
v -209.408020 248.660263 191.104538
v -212.779770 245.000000 192.528885
v -214.013916 240.000015 193.050232
v -212.779770 235.000000 192.528885
v -209.408035 231.339752 191.104538
v -204.802139 230.000000 189.158844
v -200.196228 231.339737 187.213150
v -196.824478 234.999985 185.788803
v -195.590332 239.999985 185.267456
v -196.169205 245.000000 187.093521
v -199.328094 248.660248 188.942520
v -203.643234 250.000000 191.468323
v -207.958359 248.660263 193.994110
v -211.117264 245.000000 195.843124
v -212.273499 240.000015 196.519913
v -211.117264 235.000000 195.843140
v -207.958374 231.339752 193.994125
v -203.643250 230.000000 191.468323
v -199.328110 231.339737 188.942535
v -196.169220 234.999985 187.093521
v -195.012970 239.999985 186.416733
v -195.353943 245.000000 188.299927
v -198.250198 248.660248 190.538025
v -202.206573 250.000000 193.595337
v -206.162933 248.660263 196.652634
v -209.059204 245.000000 198.890747
v -210.119324 240.000015 199.709946
v -209.059219 235.000000 198.890747
v -206.162949 231.339752 196.652649
v -202.206589 230.000000 193.595337
v -198.250214 231.339737 190.538040
v -195.353943 234.999985 188.299927
v -194.293823 239.999985 187.480728
v -194.392242 245.000000 189.392349
v -196.980423 248.660248 191.980530
v -200.515961 250.000000 195.516068
v -204.051483 248.660263 199.051605
v -206.639679 245.000000 201.639786
v -207.587036 240.000015 202.587128
v -206.639694 235.000015 201.639801
v -204.051498 231.339752 199.051605
v -200.515961 230.000000 195.516068
v -196.980438 231.339737 191.980545
v -194.392242 234.999985 189.392349
v -193.444885 239.999985 188.445007
v -193.299820 245.000000 190.354050
v -195.537918 248.660248 193.250305
v -198.595230 250.000000 197.206680
v -201.652527 248.660263 201.163055
v -203.890640 245.000000 204.059311
v -204.709839 240.000015 205.119415
v -203.890640 235.000015 204.059326
v -201.652542 231.339752 201.163055
v -198.595230 230.000000 197.206696
v -195.537933 231.339737 193.250320
v -193.299820 234.999985 190.354050
v -192.480621 239.999985 189.293945
v -192.093414 245.000000 191.169312
v -193.942413 248.660248 194.328201
v -196.468216 250.000000 198.643341
v -198.994003 248.660263 202.958466
v -200.843018 245.000000 206.117371
v -201.519806 240.000015 207.273605
v -200.843033 235.000000 206.117371
v -198.994019 231.339752 202.958481
v -196.468216 230.000000 198.643356
v -193.942429 231.339737 194.328217
v -192.093414 234.999985 191.169312
v -191.416626 239.999985 190.013077
v -190.788696 245.000000 191.824585
v -192.213043 248.660248 195.196335
v -194.158737 250.000000 199.802231
v -196.104431 248.660263 204.408127
v -197.528763 245.000000 207.779877
v -198.050125 240.000015 209.014023
v -197.528778 235.000000 207.779877
v -196.104431 231.339752 204.408142
v -194.158737 230.000000 199.802246
v -192.213058 231.339737 195.196335
v -190.788712 234.999985 191.824585
v -190.267349 239.999985 190.590439
v -189.397949 245.000000 192.308258
v -190.366943 248.660248 195.837906
v -191.690628 250.000000 200.659515
v -193.014313 248.660263 205.481110
v -193.983307 245.000000 209.010773
v -194.337982 240.000000 210.302719
v -193.983307 235.000000 209.010788
v -193.014313 231.339752 205.481125
v -191.690628 230.000000 200.659531
v -190.366959 231.339737 195.837921
v -189.397949 234.999985 192.308258
v -189.043274 239.999985 191.016312
v -187.927612 245.000000 192.609161
v -188.417923 248.660248 196.236420
v -189.087723 250.000000 201.191360
v -189.757507 248.660263 206.146286
v -190.247833 245.000000 209.773560
v -190.427307 240.000015 211.101227
v -190.247833 235.000000 209.773560
v -189.757523 231.339752 206.146301
v -189.087723 230.000000 201.191376
v -188.417938 231.339737 196.236435
v -187.927612 234.999985 192.609161
v -187.748138 239.999985 191.281494
v -185.792542 245.000000 192.733200
v -186.038223 248.660248 196.385208
v -186.373825 250.000000 201.373932
v -186.709427 248.660263 206.362656
v -186.955109 245.000000 210.014648
v -187.045029 240.000015 211.351379
v -186.955109 235.000015 210.014664
v -186.709427 231.339752 206.362671
v -186.373825 230.000000 201.373947
v -186.038223 231.339737 196.385223
v -185.792542 234.999985 192.733215
v -185.702621 239.999985 191.396484
v -185.792542 245.000000 -199.985397
v -186.038223 248.660248 -203.637405
v -186.373825 250.000000 -208.626129
v -186.709427 248.660263 -213.614853
v -186.955109 245.000000 -217.266846
v -187.045044 240.000000 -218.603577
v -186.955109 235.000000 -217.266861
v -186.709427 231.339752 -213.614868
v -186.373825 230.000000 -208.626144
v -186.038223 231.339737 -203.637421
v -185.792542 234.999985 -199.985413
v -185.702606 239.999985 -198.648682
v -187.927582 245.000000 -199.861359
v -188.417892 248.660248 -203.488617
v -189.087692 250.000000 -208.443558
v -189.757492 248.660263 -213.398483
v -190.247803 245.000000 -217.025757
v -190.427277 240.000000 -218.353424
v -190.247803 235.000000 -217.025757
v -189.757492 231.339752 -213.398499
v -189.087692 230.000000 -208.443573
v -188.417892 231.339737 -203.488632
v -187.927582 234.999985 -199.861359
v -187.748108 239.999985 -198.533691
v -189.397919 245.000000 -199.560440
v -190.366913 248.660248 -203.090103
v -191.690598 250.000000 -207.911713
v -193.014282 248.660263 -212.733307
v -193.983276 245.000000 -216.262970
v -194.337952 240.000000 -217.554916
v -193.983276 235.000000 -216.262985
v -193.014282 231.339752 -212.733322
v -191.690598 230.000000 -207.911728
v -190.366913 231.339737 -203.090118
v -189.397919 234.999985 -199.560455
v -189.043243 239.999985 -198.268509
v -190.788666 245.000000 -199.076782
v -192.213013 248.660248 -202.448532
v -194.158707 250.000000 -207.054428
v -196.104401 248.660263 -211.660324
v -197.528732 245.000000 -215.032074
v -198.050079 240.000000 -216.266220
v -197.528748 235.000000 -215.032074
v -196.104401 231.339752 -211.660339
v -194.158707 230.000000 -207.054443
v -192.213013 231.339737 -202.448532
v -190.788681 234.999985 -199.076782
v -190.267334 239.999985 -197.842636
v -192.093384 245.000000 -198.421509
v -193.942398 248.660248 -201.580399
v -196.468185 250.000000 -205.895538
v -198.993973 248.660263 -210.210663
v -200.842972 245.000000 -213.369568
v -201.519760 240.000000 -214.525818
v -200.842987 235.000000 -213.369583
v -198.993973 231.339752 -210.210678
v -196.468185 230.000000 -205.895554
v -193.942398 231.339737 -201.580414
v -192.093399 234.999985 -198.421509
v -191.416611 239.999985 -197.265274
v -193.299820 245.000000 -197.606232
v -195.537918 248.660248 -200.502502
v -198.595215 250.000000 -204.458878
v -201.652512 248.660263 -208.415253
v -203.890610 245.000000 -211.311523
v -204.709808 240.000000 -212.371628
v -203.890610 235.000000 -211.311523
v -201.652527 231.339752 -208.415268
v -198.595215 230.000000 -204.458878
v -195.537918 231.339737 -200.502502
v -193.299820 234.999985 -197.606232
v -192.480621 239.999985 -196.546127
v -194.392227 245.000000 -196.644531
v -196.980408 248.660248 -199.232727
v -200.515945 250.000000 -202.768265
v -204.051468 248.660263 -206.303802
v -206.639664 245.000000 -208.891983
v -207.587006 240.000000 -209.839340
v -206.639664 235.000000 -208.891998
v -204.051483 231.339752 -206.303802
v -200.515945 230.000000 -202.768265
v -196.980423 231.339737 -199.232742
v -194.392227 234.999985 -196.644547
v -193.444885 239.999985 -195.697189
v -195.353928 245.000000 -195.552124
v -198.250183 248.660248 -197.790222
v -202.206558 250.000000 -200.847534
v -206.162933 248.660263 -203.904846
v -209.059189 245.000000 -206.142944
v -210.119293 240.000000 -206.962158
v -209.059204 235.000000 -206.142944
v -206.162933 231.339752 -203.904846
v -202.206558 230.000000 -200.847534
v -198.250198 231.339737 -197.790237
v -195.353928 234.999985 -195.552124
v -194.293823 239.999985 -194.732925
v -196.169189 245.000000 -194.345703
v -199.328079 248.660248 -196.194717
v -203.643219 250.000000 -198.720520
v -207.958344 248.660263 -201.246307
v -211.117233 245.000000 -203.095322
v -212.273483 240.000000 -203.772110
v -211.117249 235.000000 -203.095337
v -207.958359 231.339752 -201.246323
v -203.643219 230.000000 -198.720520
v -199.328094 231.339737 -196.194733
v -196.169205 235.000000 -194.345718
v -195.012955 239.999985 -193.668930
v -196.824463 245.000000 -193.041000
v -200.196213 248.660248 -194.465347
v -204.802109 250.000000 -196.411041
v -209.408005 248.660263 -198.356735
v -212.779755 245.000000 -199.781082
v -214.013901 240.000000 -200.302429
v -212.779755 235.000000 -199.781082
v -209.408020 231.339752 -198.356735
v -204.802124 230.000000 -196.411041
v -200.196213 231.339737 -194.465347
v -196.824463 235.000000 -193.041000
v -195.590317 239.999985 -192.519653
v -197.308136 245.000000 -191.650253
v -200.837784 248.660248 -192.619247
v -205.659393 250.000000 -193.942932
v -210.480988 248.660263 -195.266617
v -214.010651 245.000000 -196.235611
v -215.302597 240.000000 -196.590302
v -214.010666 235.000000 -196.235611
v -210.481003 231.339752 -195.266617
v -205.659409 230.000000 -193.942932
v -200.837799 231.339737 -192.619247
v -197.308136 234.999985 -191.650253
v -196.016190 239.999985 -191.295563
v -197.609039 245.000000 -190.179886
v -201.236298 248.660248 -190.670212
v -206.191238 250.000000 -191.340027
v -211.146164 248.660263 -192.009827
v -214.773438 245.000000 -192.500168
v -216.101105 240.000000 -192.679642
v -214.773438 235.000000 -192.500168
v -211.146179 231.339752 -192.009842
v -206.191254 230.000000 -191.340027
v -201.236313 231.339737 -190.670227
v -197.609039 234.999985 -190.179886
v -196.281372 239.999985 -190.000412
v -197.733109 245.000000 -188.044785
v -201.385101 248.660248 -188.290497
v -206.373825 250.000000 -188.626129
v -211.362549 248.660263 -188.961761
v -215.014542 245.000000 -189.207458
v -216.351273 240.000000 -189.297394
v -215.014557 235.000000 -189.207474
v -211.362549 231.339752 -188.961761
v -206.373840 230.000000 -188.626129
v -201.385117 231.339737 -188.290497
v -197.733109 234.999985 -188.044800
v -196.396378 239.999985 -187.954865
vt 0.000000 1.000000
vt 0.052632 1.000000
vt 0.052632 0.916667
vt 0.000000 0.916667
vt 0.000000 0.083333
vt 0.052632 0.083333
vt 0.052632 0.000000
vt 0.000000 0.000000
vt 0.000000 0.166667
vt 0.052632 0.166667
vt 0.000000 0.250000
vt 0.052632 0.250000
vt 0.000000 0.333333
vt 0.052632 0.333333
vt 0.000000 0.416667
vt 0.052632 0.416667
vt 0.000000 0.500000
vt 0.052632 0.500000
vt 0.000000 0.583333
vt 0.052632 0.583333
vt 0.000000 0.666667
vt 0.052632 0.666667
vt 0.000000 0.750000
vt 0.052632 0.750000
vt 0.000000 0.833333
vt 0.052632 0.833333
vt 0.105263 1.000000
vt 0.105263 0.916667
vt 0.105263 0.083333
vt 0.105263 0.000000
vt 0.105263 0.166667
vt 0.105263 0.250000
vt 0.105263 0.333333
vt 0.105263 0.416667
vt 0.105263 0.500000
vt 0.105263 0.583333
vt 0.105263 0.666667
vt 0.105263 0.750000
vt 0.105263 0.833333
vt 0.157895 1.000000
vt 0.157895 0.916667
vt 0.157895 0.083333
vt 0.157895 0.000000
vt 0.157895 0.166667
vt 0.157895 0.250000
vt 0.157895 0.333333
vt 0.157895 0.416667
vt 0.157895 0.500000
vt 0.157895 0.583333
vt 0.157895 0.666667
vt 0.157895 0.750000
vt 0.157895 0.833333
vt 0.210526 1.000000
vt 0.210526 0.916667
vt 0.210526 0.083333
vt 0.210526 0.000000
vt 0.210526 0.166667
vt 0.210526 0.250000
vt 0.210526 0.333333
vt 0.210526 0.416667
vt 0.210526 0.500000
vt 0.210526 0.583333
vt 0.210526 0.666667
vt 0.210526 0.750000
vt 0.210526 0.833333
vt 0.263158 1.000000
vt 0.263158 0.916667
vt 0.263158 0.083333
vt 0.263158 0.000000
vt 0.263158 0.166667
vt 0.263158 0.250000
vt 0.263158 0.333333
vt 0.263158 0.416667
vt 0.263158 0.500000
vt 0.263158 0.583333
vt 0.263158 0.666667
vt 0.263158 0.750000
vt 0.263158 0.833333
vt 0.315789 1.000000
vt 0.315789 0.916667
vt 0.315789 0.083333
vt 0.315789 0.000000
vt 0.315789 0.166667
vt 0.315789 0.250000
vt 0.315789 0.333333
vt 0.315789 0.416667
vt 0.315789 0.500000
vt 0.315789 0.583333
vt 0.315789 0.666667
vt 0.315789 0.750000
vt 0.315789 0.833333
vt 0.368421 1.000000
vt 0.368421 0.916667
vt 0.368421 0.083333
vt 0.368421 0.000000
vt 0.368421 0.166667
vt 0.368421 0.250000
vt 0.368421 0.333333
vt 0.368421 0.416667
vt 0.368421 0.500000
vt 0.368421 0.583333
vt 0.368421 0.666667
vt 0.368421 0.750000
vt 0.368421 0.833333
vt 0.421053 1.000000
vt 0.421053 0.916667
vt 0.421053 0.083333
vt 0.421053 0.000000
vt 0.421053 0.166667
vt 0.421053 0.250000
vt 0.421053 0.333333
vt 0.421053 0.416667
vt 0.421053 0.500000
vt 0.421053 0.583333
vt 0.421053 0.666667
vt 0.421053 0.750000
vt 0.421053 0.833333
vt 0.473684 1.000000
vt 0.473684 0.916667
vt 0.473684 0.083333
vt 0.473684 0.000000
vt 0.473684 0.166667
vt 0.473684 0.250000
vt 0.473684 0.333333
vt 0.473684 0.416667
vt 0.473684 0.500000
vt 0.473684 0.583333
vt 0.473684 0.666667
vt 0.473684 0.750000
vt 0.473684 0.833333
vt 0.526316 1.000000
vt 0.526316 0.916667
vt 0.526316 0.083333
vt 0.526316 0.000000
vt 0.526316 0.166667
vt 0.526316 0.250000
vt 0.526316 0.333333
vt 0.526316 0.416667
vt 0.526316 0.500000
vt 0.526316 0.583333
vt 0.526316 0.666667
vt 0.526316 0.750000
vt 0.526316 0.833333
vt 0.578947 1.000000
vt 0.578947 0.916667
vt 0.578947 0.083333
vt 0.578947 0.000000
vt 0.578947 0.166667
vt 0.578947 0.250000
vt 0.578947 0.333333
vt 0.578947 0.416667
vt 0.578947 0.500000
vt 0.578947 0.583333
vt 0.578947 0.666667
vt 0.578947 0.750000
vt 0.578947 0.833333
vt 0.631579 1.000000
vt 0.631579 0.916667
vt 0.631579 0.083333
vt 0.631579 0.000000
vt 0.631579 0.166667
vt 0.631579 0.250000
vt 0.631579 0.333333
vt 0.631579 0.416667
vt 0.631579 0.500000
vt 0.631579 0.583333
vt 0.631579 0.666667
vt 0.631579 0.750000
vt 0.631579 0.833333
vt 0.684211 1.000000
vt 0.684211 0.916667
vt 0.684211 0.083333
vt 0.684211 0.000000
vt 0.684211 0.166667
vt 0.684211 0.250000
vt 0.684211 0.333333
vt 0.684211 0.416667
vt 0.684211 0.500000
vt 0.684211 0.583333
vt 0.684211 0.666667
vt 0.684211 0.750000
vt 0.684211 0.833333
vt 0.736842 1.000000
vt 0.736842 0.916667
vt 0.736842 0.083333
vt 0.736842 0.000000
vt 0.736842 0.166667
vt 0.736842 0.250000
vt 0.736842 0.333333
vt 0.736842 0.416667
vt 0.736842 0.500000
vt 0.736842 0.583333
vt 0.736842 0.666667
vt 0.736842 0.750000
vt 0.736842 0.833333
vt 0.789474 1.000000
vt 0.789474 0.916667
vt 0.789474 0.083333
vt 0.789474 0.000000
vt 0.789474 0.166667
vt 0.789474 0.250000
vt 0.789474 0.333333
vt 0.789474 0.416667
vt 0.789474 0.500000
vt 0.789474 0.583333
vt 0.789474 0.666667
vt 0.789474 0.750000
vt 0.789474 0.833333
vt 0.842105 1.000000
vt 0.842105 0.916667
vt 0.842105 0.083333
vt 0.842105 0.000000
vt 0.842105 0.166667
vt 0.842105 0.250000
vt 0.842105 0.333333
vt 0.842105 0.416667
vt 0.842105 0.500000
vt 0.842105 0.583333
vt 0.842105 0.666667
vt 0.842105 0.750000
vt 0.842105 0.833333
vt 0.894737 1.000000
vt 0.894737 0.916667
vt 0.894737 0.083333
vt 0.894737 0.000000
vt 0.894737 0.166667
vt 0.894737 0.250000
vt 0.894737 0.333333
vt 0.894737 0.416667
vt 0.894737 0.500000
vt 0.894737 0.583333
vt 0.894737 0.666667
vt 0.894737 0.750000
vt 0.894737 0.833333
vt 0.947368 1.000000
vt 0.947368 0.916667
vt 0.947368 0.083333
vt 0.947368 0.000000
vt 0.947368 0.166667
vt 0.947368 0.250000
vt 0.947368 0.333333
vt 0.947368 0.416667
vt 0.947368 0.500000
vt 0.947368 0.583333
vt 0.947368 0.666667
vt 0.947368 0.750000
vt 0.947368 0.833333
vt 1.000000 1.000000
vt 1.000000 0.916667
vt 1.000000 0.083333
vt 1.000000 0.000000
vt 1.000000 0.166667
vt 1.000000 0.250000
vt 1.000000 0.333333
vt 1.000000 0.416667
vt 1.000000 0.500000
vt 1.000000 0.583333
vt 1.000000 0.666667
vt 1.000000 0.750000
vt 1.000000 0.833333
vt 0.000000 1.000000
vt 1.000000 1.000000
vt 1.000000 0.916667
vt 0.000000 0.916667
vt 0.000000 0.083333
vt 1.000000 0.083333
vt 1.000000 0.000000
vt 0.000000 0.000000
vt 0.000000 0.166667
vt 1.000000 0.166667
vt 0.000000 0.250000
vt 1.000000 0.250000
vt 0.000000 0.333333
vt 1.000000 0.333333
vt 0.000000 0.416667
vt 1.000000 0.416667
vt 0.000000 0.500000
vt 1.000000 0.500000
vt 0.000000 0.583333
vt 1.000000 0.583333
vt 0.000000 0.666667
vt 1.000000 0.666667
vt 0.000000 0.750000
vt 1.000000 0.750000
vt 0.000000 0.833333
vt 1.000000 0.833333
vt 0.000000 1.000000
vt 1.000000 1.000000
vt 1.000000 0.916667
vt 0.000000 0.916667
vt 0.000000 0.083333
vt 1.000000 0.083333
vt 1.000000 0.000000
vt 0.000000 0.000000
vt 0.000000 0.166667
vt 1.000000 0.166667
vt 0.000000 0.250000
vt 1.000000 0.250000
vt 0.000000 0.333333
vt 1.000000 0.333333
vt 0.000000 0.416667
vt 1.000000 0.416667
vt 0.000000 0.500000
vt 1.000000 0.500000
vt 0.000000 0.583333
vt 1.000000 0.583333
vt 0.000000 0.666667
vt 1.000000 0.666667
vt 0.000000 0.750000
vt 1.000000 0.750000
vt 0.000000 0.833333
vt 1.000000 0.833333
vt 0.000000 1.000000
vt 1.000000 1.000000
vt 1.000000 0.916667
vt 0.000000 0.916667
vt 0.000000 0.083333
vt 1.000000 0.083333
vt 1.000000 0.000000
vt 0.000000 0.000000
vt 0.000000 0.166667
vt 1.000000 0.166667
vt 0.000000 0.250000
vt 1.000000 0.250000
vt 0.000000 0.333333
vt 1.000000 0.333333
vt 0.000000 0.416667
vt 1.000000 0.416667
vt 0.000000 0.500000
vt 1.000000 0.500000
vt 0.000000 0.583333
vt 1.000000 0.583333
vt 0.000000 0.666667
vt 1.000000 0.666667
vt 0.000000 0.750000
vt 1.000000 0.750000
vt 0.000000 0.833333
vt 1.000000 0.833333
vt 0.000000 1.000000
vt 1.000000 1.000000
vt 1.000000 0.916667
vt 0.000000 0.916667
vt 0.000000 0.083333
vt 1.000000 0.083333
vt 1.000000 0.000000
vt 0.000000 0.000000
vt 0.000000 0.166667
vt 1.000000 0.166667
vt 0.000000 0.250000
vt 1.000000 0.250000
vt 0.000000 0.333333
vt 1.000000 0.333333
vt 0.000000 0.416667
vt 1.000000 0.416667
vt 0.000000 0.500000
vt 1.000000 0.500000
vt 0.000000 0.583333
vt 1.000000 0.583333
vt 0.000000 0.666667
vt 1.000000 0.666667
vt 0.000000 0.750000
vt 1.000000 0.750000
vt 0.000000 0.833333
vt 1.000000 0.833333
vt 0.000000 1.000000
vt 1.000000 1.000000
vt 1.000000 0.916667
vt 0.000000 0.916667
vt 0.000000 0.083333
vt 1.000000 0.083333
vt 1.000000 0.000000
vt 0.000000 0.000000
vt 0.000000 0.166667
vt 1.000000 0.166667
vt 0.000000 0.250000
vt 1.000000 0.250000
vt 0.000000 0.333333
vt 1.000000 0.333333
vt 0.000000 0.416667
vt 1.000000 0.416667
vt 0.000000 0.500000
vt 1.000000 0.500000
vt 0.000000 0.583333
vt 1.000000 0.583333
vt 0.000000 0.666667
vt 1.000000 0.666667
vt 0.000000 0.750000
vt 1.000000 0.750000
vt 0.000000 0.833333
vt 1.000000 0.833333
vt 0.000000 1.000000
vt 0.055556 1.000000
vt 0.055556 0.916667
vt 0.000000 0.916667
vt 0.000000 0.083333
vt 0.055556 0.083333
vt 0.055556 0.000000
vt 0.000000 0.000000
vt 0.000000 0.166667
vt 0.055556 0.166667
vt 0.000000 0.250000
vt 0.055556 0.250000
vt 0.000000 0.333333
vt 0.055556 0.333333
vt 0.000000 0.416667
vt 0.055556 0.416667
vt 0.000000 0.500000
vt 0.055556 0.500000
vt 0.000000 0.583333
vt 0.055556 0.583333
vt 0.000000 0.666667
vt 0.055556 0.666667
vt 0.000000 0.750000
vt 0.055556 0.750000
vt 0.000000 0.833333
vt 0.055556 0.833333
vt 0.111111 1.000000
vt 0.111111 0.916667
vt 0.111111 0.083333
vt 0.111111 0.000000
vt 0.111111 0.166667
vt 0.111111 0.250000
vt 0.111111 0.333333
vt 0.111111 0.416667
vt 0.111111 0.500000
vt 0.111111 0.583333
vt 0.111111 0.666667
vt 0.111111 0.750000
vt 0.111111 0.833333
vt 0.166667 1.000000
vt 0.166667 0.916667
vt 0.166667 0.083333
vt 0.166667 0.000000
vt 0.166667 0.166667
vt 0.166667 0.250000
vt 0.166667 0.333333
vt 0.166667 0.416667
vt 0.166667 0.500000
vt 0.166667 0.583333
vt 0.166667 0.666667
vt 0.166667 0.750000
vt 0.166667 0.833333
vt 0.222222 1.000000
vt 0.222222 0.916667
vt 0.222222 0.083333
vt 0.222222 0.000000
vt 0.222222 0.166667
vt 0.222222 0.250000
vt 0.222222 0.333333
vt 0.222222 0.416667
vt 0.222222 0.500000
vt 0.222222 0.583333
vt 0.222222 0.666667
vt 0.222222 0.750000
vt 0.222222 0.833333
vt 0.277778 1.000000
vt 0.277778 0.916667
vt 0.277778 0.083333
vt 0.277778 0.000000
vt 0.277778 0.166667
vt 0.277778 0.250000
vt 0.277778 0.333333
vt 0.277778 0.416667
vt 0.277778 0.500000
vt 0.277778 0.583333
vt 0.277778 0.666667
vt 0.277778 0.750000
vt 0.277778 0.833333
vt 0.333333 1.000000
vt 0.333333 0.916667
vt 0.333333 0.083333
vt 0.333333 0.000000
vt 0.333333 0.166667
vt 0.333333 0.250000
vt 0.333333 0.333333
vt 0.333333 0.416667
vt 0.333333 0.500000
vt 0.333333 0.583333
vt 0.333333 0.666667
vt 0.333333 0.750000
vt 0.333333 0.833333
vt 0.388889 1.000000
vt 0.388889 0.916667
vt 0.388889 0.083333
vt 0.388889 0.000000
vt 0.388889 0.166667
vt 0.388889 0.250000
vt 0.388889 0.333333
vt 0.388889 0.416667
vt 0.388889 0.500000
vt 0.388889 0.583333
vt 0.388889 0.666667
vt 0.388889 0.750000
vt 0.388889 0.833333
vt 0.444444 1.000000
vt 0.444444 0.916667
vt 0.444444 0.083333
vt 0.444444 0.000000
vt 0.444444 0.166667
vt 0.444444 0.250000
vt 0.444444 0.333333
vt 0.444444 0.416667
vt 0.444444 0.500000
vt 0.444444 0.583333
vt 0.444444 0.666667
vt 0.444444 0.750000
vt 0.444444 0.833333
vt 0.500000 1.000000
vt 0.500000 0.916667
vt 0.500000 0.083333
vt 0.500000 0.000000
vt 0.500000 0.166667
vt 0.500000 0.250000
vt 0.500000 0.333333
vt 0.500000 0.416667
vt 0.500000 0.500000
vt 0.500000 0.583333
vt 0.500000 0.666667
vt 0.500000 0.750000
vt 0.500000 0.833333
vt 0.555556 1.000000
vt 0.555556 0.916667
vt 0.555556 0.083333
vt 0.555556 0.000000
vt 0.555556 0.166667
vt 0.555556 0.250000
vt 0.555556 0.333333
vt 0.555556 0.416667
vt 0.555556 0.500000
vt 0.555556 0.583333
vt 0.555556 0.666667
vt 0.555556 0.750000
vt 0.555556 0.833333
vt 0.611111 1.000000
vt 0.611111 0.916667
vt 0.611111 0.083333
vt 0.611111 0.000000
vt 0.611111 0.166667
vt 0.611111 0.250000
vt 0.611111 0.333333
vt 0.611111 0.416667
vt 0.611111 0.500000
vt 0.611111 0.583333
vt 0.611111 0.666667
vt 0.611111 0.750000
vt 0.611111 0.833333
vt 0.666667 1.000000
vt 0.666667 0.916667
vt 0.666667 0.083333
vt 0.666667 0.000000
vt 0.666667 0.166667
vt 0.666667 0.250000
vt 0.666667 0.333333
vt 0.666667 0.416667
vt 0.666667 0.500000
vt 0.666667 0.583333
vt 0.666667 0.666667
vt 0.666667 0.750000
vt 0.666667 0.833333
vt 0.722222 1.000000
vt 0.722222 0.916667
vt 0.722222 0.083333
vt 0.722222 0.000000
vt 0.722222 0.166667
vt 0.722222 0.250000
vt 0.722222 0.333333
vt 0.722222 0.416667
vt 0.722222 0.500000
vt 0.722222 0.583333
vt 0.722222 0.666667
vt 0.722222 0.750000
vt 0.722222 0.833333
vt 0.777778 1.000000
vt 0.777778 0.916667
vt 0.777778 0.083333
vt 0.777778 0.000000
vt 0.777778 0.166667
vt 0.777778 0.250000
vt 0.777778 0.333333
vt 0.777778 0.416667
vt 0.777778 0.500000
vt 0.777778 0.583333
vt 0.777778 0.666667
vt 0.777778 0.750000
vt 0.777778 0.833333
vt 0.833333 1.000000
vt 0.833333 0.916667
vt 0.833333 0.083333
vt 0.833333 0.000000
vt 0.833333 0.166667
vt 0.833333 0.250000
vt 0.833333 0.333333
vt 0.833333 0.416667
vt 0.833333 0.500000
vt 0.833333 0.583333
vt 0.833333 0.666667
vt 0.833333 0.750000
vt 0.833333 0.833333
vt 0.888889 1.000000
vt 0.888889 0.916667
vt 0.888889 0.083333
vt 0.888889 0.000000
vt 0.888889 0.166667
vt 0.888889 0.250000
vt 0.888889 0.333333
vt 0.888889 0.416667
vt 0.888889 0.500000
vt 0.888889 0.583333
vt 0.888889 0.666667
vt 0.888889 0.750000
vt 0.888889 0.833333
vt 0.944444 1.000000
vt 0.944444 0.916667
vt 0.944444 0.083333
vt 0.944444 0.000000
vt 0.944444 0.166667
vt 0.944444 0.250000
vt 0.944444 0.333333
vt 0.944444 0.416667
vt 0.944444 0.500000
vt 0.944444 0.583333
vt 0.944444 0.666667
vt 0.944444 0.750000
vt 0.944444 0.833333
vt 1.000000 1.000000
vt 1.000000 0.916667
vt 1.000000 0.083333
vt 1.000000 0.000000
vt 1.000000 0.166667
vt 1.000000 0.250000
vt 1.000000 0.333333
vt 1.000000 0.416667
vt 1.000000 0.500000
vt 1.000000 0.583333
vt 1.000000 0.666667
vt 1.000000 0.750000
vt 1.000000 0.833333
vt 0.000000 1.000000
vt 0.083333 1.000000
vt 0.083333 0.916667
vt 0.000000 0.916667
vt 0.000000 0.083333
vt 0.083333 0.083333
vt 0.083333 0.000000
vt 0.000000 0.000000
vt 0.000000 0.166667
vt 0.083333 0.166667
vt 0.000000 0.250000
vt 0.083333 0.250000
vt 0.000000 0.333333
vt 0.083333 0.333333
vt 0.000000 0.416667
vt 0.083333 0.416667
vt 0.000000 0.500000
vt 0.083333 0.500000
vt 0.000000 0.583333
vt 0.083333 0.583333
vt 0.000000 0.666667
vt 0.083333 0.666667
vt 0.000000 0.750000
vt 0.083333 0.750000
vt 0.000000 0.833333
vt 0.083333 0.833333
vt 0.166667 1.000000
vt 0.166667 0.916667
vt 0.166667 0.083333
vt 0.166667 0.000000
vt 0.166667 0.166667
vt 0.166667 0.250000
vt 0.166667 0.333333
vt 0.166667 0.416667
vt 0.166667 0.500000
vt 0.166667 0.583333
vt 0.166667 0.666667
vt 0.166667 0.750000
vt 0.166667 0.833333
vt 0.250000 1.000000
vt 0.250000 0.916667
vt 0.250000 0.083333
vt 0.250000 0.000000
vt 0.250000 0.166667
vt 0.250000 0.250000
vt 0.250000 0.333333
vt 0.250000 0.416667
vt 0.250000 0.500000
vt 0.250000 0.583333
vt 0.250000 0.666667
vt 0.250000 0.750000
vt 0.250000 0.833333
vt 0.333333 1.000000
vt 0.333333 0.916667
vt 0.333333 0.083333
vt 0.333333 0.000000
vt 0.333333 0.166667
vt 0.333333 0.250000
vt 0.333333 0.333333
vt 0.333333 0.416667
vt 0.333333 0.500000
vt 0.333333 0.583333
vt 0.333333 0.666667
vt 0.333333 0.750000
vt 0.333333 0.833333
vt 0.416667 1.000000
vt 0.416667 0.916667
vt 0.416667 0.083333
vt 0.416667 0.000000
vt 0.416667 0.166667
vt 0.416667 0.250000
vt 0.416667 0.333333
vt 0.416667 0.416667
vt 0.416667 0.500000
vt 0.416667 0.583333
vt 0.416667 0.666667
vt 0.416667 0.750000
vt 0.416667 0.833333
vt 0.500000 1.000000
vt 0.500000 0.916667
vt 0.500000 0.083333
vt 0.500000 0.000000
vt 0.500000 0.166667
vt 0.500000 0.250000
vt 0.500000 0.333333
vt 0.500000 0.416667
vt 0.500000 0.500000
vt 0.500000 0.583333
vt 0.500000 0.666667
vt 0.500000 0.750000
vt 0.500000 0.833333
vt 0.583333 1.000000
vt 0.583333 0.916667
vt 0.583333 0.083333
vt 0.583333 0.000000
vt 0.583333 0.166667
vt 0.583333 0.250000
vt 0.583333 0.333333
vt 0.583333 0.416667
vt 0.583333 0.500000
vt 0.583333 0.583333
vt 0.583333 0.666667
vt 0.583333 0.750000
vt 0.583333 0.833333
vt 0.666667 1.000000
vt 0.666667 0.916667
vt 0.666667 0.083333
vt 0.666667 0.000000
vt 0.666667 0.166667
vt 0.666667 0.250000
vt 0.666667 0.333333
vt 0.666667 0.416667
vt 0.666667 0.500000
vt 0.666667 0.583333
vt 0.666667 0.666667
vt 0.666667 0.750000
vt 0.666667 0.833333
vt 0.750000 1.000000
vt 0.750000 0.916667
vt 0.750000 0.083333
vt 0.750000 0.000000
vt 0.750000 0.166667
vt 0.750000 0.250000
vt 0.750000 0.333333
vt 0.750000 0.416667
vt 0.750000 0.500000
vt 0.750000 0.583333
vt 0.750000 0.666667
vt 0.750000 0.750000
vt 0.750000 0.833333
vt 0.833333 1.000000
vt 0.833333 0.916667
vt 0.833333 0.083333
vt 0.833333 0.000000
vt 0.833333 0.166667
vt 0.833333 0.250000
vt 0.833333 0.333333
vt 0.833333 0.416667
vt 0.833333 0.500000
vt 0.833333 0.583333
vt 0.833333 0.666667
vt 0.833333 0.750000
vt 0.833333 0.833333
vt 0.916667 1.000000
vt 0.916667 0.916667
vt 0.916667 0.083333
vt 0.916667 0.000000
vt 0.916667 0.166667
vt 0.916667 0.250000
vt 0.916667 0.333333
vt 0.916667 0.416667
vt 0.916667 0.500000
vt 0.916667 0.583333
vt 0.916667 0.666667
vt 0.916667 0.750000
vt 0.916667 0.833333
vt 1.000000 1.000000
vt 1.000000 0.916667
vt 1.000000 0.083333
vt 1.000000 0.000000
vt 1.000000 0.166667
vt 1.000000 0.250000
vt 1.000000 0.333333
vt 1.000000 0.416667
vt 1.000000 0.500000
vt 1.000000 0.583333
vt 1.000000 0.666667
vt 1.000000 0.750000
vt 1.000000 0.833333
vt 0.000000 1.000000
vt 0.083333 1.000000
vt 0.083333 0.916667
vt 0.000000 0.916667
vt 0.000000 0.083333
vt 0.083333 0.083333
vt 0.083333 0.000000
vt 0.000000 0.000000
vt 0.000000 0.166667
vt 0.083333 0.166667
vt 0.000000 0.250000
vt 0.083333 0.250000
vt 0.000000 0.333333
vt 0.083333 0.333333
vt 0.000000 0.416667
vt 0.083333 0.416667
vt 0.000000 0.500000
vt 0.083333 0.500000
vt 0.000000 0.583333
vt 0.083333 0.583333
vt 0.000000 0.666667
vt 0.083333 0.666667
vt 0.000000 0.750000
vt 0.083333 0.750000
vt 0.000000 0.833333
vt 0.083333 0.833333
vt 0.166667 1.000000
vt 0.166667 0.916667
vt 0.166667 0.083333
vt 0.166667 0.000000
vt 0.166667 0.166667
vt 0.166667 0.250000
vt 0.166667 0.333333
vt 0.166667 0.416667
vt 0.166667 0.500000
vt 0.166667 0.583333
vt 0.166667 0.666667
vt 0.166667 0.750000
vt 0.166667 0.833333
vt 0.250000 1.000000
vt 0.250000 0.916667
vt 0.250000 0.083333
vt 0.250000 0.000000
vt 0.250000 0.166667
vt 0.250000 0.250000
vt 0.250000 0.333333
vt 0.250000 0.416667
vt 0.250000 0.500000
vt 0.250000 0.583333
vt 0.250000 0.666667
vt 0.250000 0.750000
vt 0.250000 0.833333
vt 0.333333 1.000000
vt 0.333333 0.916667
vt 0.333333 0.083333
vt 0.333333 0.000000
vt 0.333333 0.166667
vt 0.333333 0.250000
vt 0.333333 0.333333
vt 0.333333 0.416667
vt 0.333333 0.500000
vt 0.333333 0.583333
vt 0.333333 0.666667
vt 0.333333 0.750000
vt 0.333333 0.833333
vt 0.416667 1.000000
vt 0.416667 0.916667
vt 0.416667 0.083333
vt 0.416667 0.000000
vt 0.416667 0.166667
vt 0.416667 0.250000
vt 0.416667 0.333333
vt 0.416667 0.416667
vt 0.416667 0.500000
vt 0.416667 0.583333
vt 0.416667 0.666667
vt 0.416667 0.750000
vt 0.416667 0.833333
vt 0.500000 1.000000
vt 0.500000 0.916667
vt 0.500000 0.083333
vt 0.500000 0.000000
vt 0.500000 0.166667
vt 0.500000 0.250000
vt 0.500000 0.333333
vt 0.500000 0.416667
vt 0.500000 0.500000
vt 0.500000 0.583333
vt 0.500000 0.666667
vt 0.500000 0.750000
vt 0.500000 0.833333
vt 0.583333 1.000000
vt 0.583333 0.916667
vt 0.583333 0.083333
vt 0.583333 0.000000
vt 0.583333 0.166667
vt 0.583333 0.250000
vt 0.583333 0.333333
vt 0.583333 0.416667
vt 0.583333 0.500000
vt 0.583333 0.583333
vt 0.583333 0.666667
vt 0.583333 0.750000
vt 0.583333 0.833333
vt 0.666667 1.000000
vt 0.666667 0.916667
vt 0.666667 0.083333
vt 0.666667 0.000000
vt 0.666667 0.166667
vt 0.666667 0.250000
vt 0.666667 0.333333
vt 0.666667 0.416667
vt 0.666667 0.500000
vt 0.666667 0.583333
vt 0.666667 0.666667
vt 0.666667 0.750000
vt 0.666667 0.833333
vt 0.750000 1.000000
vt 0.750000 0.916667
vt 0.750000 0.083333
vt 0.750000 0.000000
vt 0.750000 0.166667
vt 0.750000 0.250000
vt 0.750000 0.333333
vt 0.750000 0.416667
vt 0.750000 0.500000
vt 0.750000 0.583333
vt 0.750000 0.666667
vt 0.750000 0.750000
vt 0.750000 0.833333
vt 0.833333 1.000000
vt 0.833333 0.916667
vt 0.833333 0.083333
vt 0.833333 0.000000
vt 0.833333 0.166667
vt 0.833333 0.250000
vt 0.833333 0.333333
vt 0.833333 0.416667
vt 0.833333 0.500000
vt 0.833333 0.583333
vt 0.833333 0.666667
vt 0.833333 0.750000
vt 0.833333 0.833333
vt 0.916667 1.000000
vt 0.916667 0.916667
vt 0.916667 0.083333
vt 0.916667 0.000000
vt 0.916667 0.166667
vt 0.916667 0.250000
vt 0.916667 0.333333
vt 0.916667 0.416667
vt 0.916667 0.500000
vt 0.916667 0.583333
vt 0.916667 0.666667
vt 0.916667 0.750000
vt 0.916667 0.833333
vt 1.000000 1.000000
vt 1.000000 0.916667
vt 1.000000 0.083333
vt 1.000000 0.000000
vt 1.000000 0.166667
vt 1.000000 0.250000
vt 1.000000 0.333333
vt 1.000000 0.416667
vt 1.000000 0.500000
vt 1.000000 0.583333
vt 1.000000 0.666667
vt 1.000000 0.750000
vt 1.000000 0.833333
vt 0.000000 1.000000
vt 0.083333 1.000000
vt 0.083333 0.916667
vt 0.000000 0.916667
vt 0.000000 0.083333
vt 0.083333 0.083333
vt 0.083333 0.000000
vt 0.000000 0.000000
vt 0.000000 0.166667
vt 0.083333 0.166667
vt 0.000000 0.250000
vt 0.083333 0.250000
vt 0.000000 0.333333
vt 0.083333 0.333333
vt 0.000000 0.416667
vt 0.083333 0.416667
vt 0.000000 0.500000
vt 0.083333 0.500000
vt 0.000000 0.583333
vt 0.083333 0.583333
vt 0.000000 0.666667
vt 0.083333 0.666667
vt 0.000000 0.750000
vt 0.083333 0.750000
vt 0.000000 0.833333
vt 0.083333 0.833333
vt 0.166667 1.000000
vt 0.166667 0.916667
vt 0.166667 0.083333
vt 0.166667 0.000000
vt 0.166667 0.166667
vt 0.166667 0.250000
vt 0.166667 0.333333
vt 0.166667 0.416667
vt 0.166667 0.500000
vt 0.166667 0.583333
vt 0.166667 0.666667
vt 0.166667 0.750000
vt 0.166667 0.833333
vt 0.250000 1.000000
vt 0.250000 0.916667
vt 0.250000 0.083333
vt 0.250000 0.000000
vt 0.250000 0.166667
vt 0.250000 0.250000
vt 0.250000 0.333333
vt 0.250000 0.416667
vt 0.250000 0.500000
vt 0.250000 0.583333
vt 0.250000 0.666667
vt 0.250000 0.750000
vt 0.250000 0.833333
vt 0.333333 1.000000
vt 0.333333 0.916667
vt 0.333333 0.083333
vt 0.333333 0.000000
vt 0.333333 0.166667
vt 0.333333 0.250000
vt 0.333333 0.333333
vt 0.333333 0.416667
vt 0.333333 0.500000
vt 0.333333 0.583333
vt 0.333333 0.666667
vt 0.333333 0.750000
vt 0.333333 0.833333
vt 0.416667 1.000000
vt 0.416667 0.916667
vt 0.416667 0.083333
vt 0.416667 0.000000
vt 0.416667 0.166667
vt 0.416667 0.250000
vt 0.416667 0.333333
vt 0.416667 0.416667
vt 0.416667 0.500000
vt 0.416667 0.583333
vt 0.416667 0.666667
vt 0.416667 0.750000
vt 0.416667 0.833333
vt 0.500000 1.000000
vt 0.500000 0.916667
vt 0.500000 0.083333
vt 0.500000 0.000000
vt 0.500000 0.166667
vt 0.500000 0.250000
vt 0.500000 0.333333
vt 0.500000 0.416667
vt 0.500000 0.500000
vt 0.500000 0.583333
vt 0.500000 0.666667
vt 0.500000 0.750000
vt 0.500000 0.833333
vt 0.583333 1.000000
vt 0.583333 0.916667
vt 0.583333 0.083333
vt 0.583333 0.000000
vt 0.583333 0.166667
vt 0.583333 0.250000
vt 0.583333 0.333333
vt 0.583333 0.416667
vt 0.583333 0.500000
vt 0.583333 0.583333
vt 0.583333 0.666667
vt 0.583333 0.750000
vt 0.583333 0.833333
vt 0.666667 1.000000
vt 0.666667 0.916667
vt 0.666667 0.083333
vt 0.666667 0.000000
vt 0.666667 0.166667
vt 0.666667 0.250000
vt 0.666667 0.333333
vt 0.666667 0.416667
vt 0.666667 0.500000
vt 0.666667 0.583333
vt 0.666667 0.666667
vt 0.666667 0.750000
vt 0.666667 0.833333
vt 0.750000 1.000000
vt 0.750000 0.916667
vt 0.750000 0.083333
vt 0.750000 0.000000
vt 0.750000 0.166667
vt 0.750000 0.250000
vt 0.750000 0.333333
vt 0.750000 0.416667
vt 0.750000 0.500000
vt 0.750000 0.583333
vt 0.750000 0.666667
vt 0.750000 0.750000
vt 0.750000 0.833333
vt 0.833333 1.000000
vt 0.833333 0.916667
vt 0.833333 0.083333
vt 0.833333 0.000000
vt 0.833333 0.166667
vt 0.833333 0.250000
vt 0.833333 0.333333
vt 0.833333 0.416667
vt 0.833333 0.500000
vt 0.833333 0.583333
vt 0.833333 0.666667
vt 0.833333 0.750000
vt 0.833333 0.833333
vt 0.916667 1.000000
vt 0.916667 0.916667
vt 0.916667 0.083333
vt 0.916667 0.000000
vt 0.916667 0.166667
vt 0.916667 0.250000
vt 0.916667 0.333333
vt 0.916667 0.416667
vt 0.916667 0.500000
vt 0.916667 0.583333
vt 0.916667 0.666667
vt 0.916667 0.750000
vt 0.916667 0.833333
vt 1.000000 1.000000
vt 1.000000 0.916667
vt 1.000000 0.083333
vt 1.000000 0.000000
vt 1.000000 0.166667
vt 1.000000 0.250000
vt 1.000000 0.333333
vt 1.000000 0.416667
vt 1.000000 0.500000
vt 1.000000 0.583333
vt 1.000000 0.666667
vt 1.000000 0.750000
vt 1.000000 0.833333
vn 0.0673 0.2586 -0.9636
vn 0.0483 0.7068 -0.7058
vn 0.0170 0.9659 -0.2585
vn -0.0159 0.9659 0.2586
vn -0.0404 0.7067 0.7064
vn -0.0521 0.2585 0.9646
vn -0.0521 -0.2585 0.9646
vn -0.0404 -0.7067 0.7064
vn -0.0159 -0.9659 0.2586
vn 0.0170 -0.9659 -0.2585
vn 0.0483 -0.7068 -0.7058
vn 0.0673 -0.2586 -0.9636
vn 0.1838 0.2583 -0.9484
vn 0.1347 0.7064 -0.6949
vn 0.0493 0.9658 -0.2546
vn -0.0493 0.9658 0.2546
vn -0.1345 0.7064 0.6949
vn -0.1835 0.2583 0.9485
vn -0.1835 -0.2583 0.9485
vn -0.1345 -0.7064 0.6949
vn -0.0493 -0.9658 0.2546
vn 0.0493 -0.9658 -0.2546
vn 0.1347 -0.7064 -0.6949
vn 0.1838 -0.2583 -0.9484
vn 0.3043 0.2583 -0.9169
vn 0.2230 0.7064 -0.6718
vn 0.0817 0.9658 -0.2461
vn -0.0816 0.9658 0.2461
vn -0.2227 0.7064 0.6719
vn -0.3038 0.2583 0.9170
vn -0.3038 -0.2583 0.9170
vn -0.2227 -0.7064 0.6719
vn -0.0816 -0.9658 0.2461
vn 0.0817 -0.9658 -0.2461
vn 0.2230 -0.7064 -0.6718
vn 0.3043 -0.2583 -0.9169
vn 0.4213 0.2583 -0.8694
vn 0.3087 0.7063 -0.6370
vn 0.1131 0.9658 -0.2334
vn -0.1130 0.9658 0.2334
vn -0.3084 0.7063 0.6371
vn -0.4208 0.2583 0.8696
vn -0.4208 -0.2583 0.8696
vn -0.3084 -0.7063 0.6371
vn -0.1130 -0.9658 0.2334
vn 0.1131 -0.9658 -0.2334
vn 0.3087 -0.7063 -0.6370
vn 0.4213 -0.2583 -0.8694
vn 0.5326 0.2583 -0.8060
vn 0.3903 0.7063 -0.5906
vn 0.1430 0.9658 -0.2164
vn -0.1430 0.9658 0.2164
vn -0.3901 0.7063 0.5907
vn -0.5323 0.2583 0.8062
vn -0.5323 -0.2583 0.8062
vn -0.3901 -0.7063 0.5907
vn -0.1430 -0.9658 0.2164
vn 0.1430 -0.9658 -0.2164
vn 0.3903 -0.7063 -0.5906
vn 0.5326 -0.2583 -0.8060
vn 0.6357 0.2583 -0.7274
vn 0.4658 0.7063 -0.5330
vn 0.1707 0.9658 -0.1953
vn -0.1707 0.9658 0.1953
vn -0.4658 0.7063 0.5330
vn -0.6357 0.2583 0.7274
vn -0.6357 -0.2583 0.7274
vn -0.4658 -0.7063 0.5330
vn -0.1707 -0.9658 0.1953
vn 0.1707 -0.9658 -0.1953
vn 0.4658 -0.7063 -0.5330
vn 0.6357 -0.2583 -0.7274
vn 0.7274 0.2583 -0.6357
vn 0.5330 0.7063 -0.4658
vn 0.1953 0.9658 -0.1707
vn -0.1953 0.9658 0.1707
vn -0.5330 0.7063 0.4658
vn -0.7274 0.2583 0.6357
vn -0.7274 -0.2583 0.6357
vn -0.5330 -0.7063 0.4658
vn -0.1953 -0.9658 0.1707
vn 0.1953 -0.9658 -0.1707
vn 0.5330 -0.7063 -0.4658
vn 0.7274 -0.2583 -0.6357
vn 0.8060 0.2583 -0.5326
vn 0.5906 0.7063 -0.3903
vn 0.2164 0.9658 -0.1430
vn -0.2164 0.9658 0.1430
vn -0.5907 0.7063 0.3901
vn -0.8062 0.2583 0.5322
vn -0.8062 -0.2583 0.5322
vn -0.5907 -0.7063 0.3901
vn -0.2164 -0.9658 0.1430
vn 0.2164 -0.9658 -0.1430
vn 0.5906 -0.7063 -0.3903
vn 0.8060 -0.2583 -0.5326
vn 0.8694 0.2583 -0.4213
vn 0.6370 0.7063 -0.3087
vn 0.2334 0.9658 -0.1131
vn -0.2334 0.9658 0.1130
vn -0.6371 0.7063 0.3084
vn -0.8696 0.2583 0.4208
vn -0.8696 -0.2583 0.4208
vn -0.6372 -0.7063 0.3084
vn -0.2334 -0.9658 0.1130
vn 0.2334 -0.9658 -0.1131
vn 0.6370 -0.7063 -0.3087
vn 0.8694 -0.2583 -0.4213
vn 0.9169 0.2583 -0.3043
vn 0.6718 0.7064 -0.2230
vn 0.2461 0.9658 -0.0817
vn -0.2461 0.9658 0.0816
vn -0.6719 0.7064 0.2227
vn -0.9170 0.2583 0.3038
vn -0.9170 -0.2583 0.3038
vn -0.6719 -0.7064 0.2227
vn -0.2461 -0.9658 0.0816
vn 0.2461 -0.9658 -0.0817
vn 0.6718 -0.7064 -0.2230
vn 0.9169 -0.2583 -0.3043
vn 0.9484 0.2583 -0.1838
vn 0.6949 0.7064 -0.1347
vn 0.2546 0.9658 -0.0493
vn -0.2546 0.9658 0.0493
vn -0.6949 0.7064 0.1345
vn -0.9485 0.2583 0.1835
vn -0.9485 -0.2583 0.1835
vn -0.6949 -0.7064 0.1345
vn -0.2546 -0.9658 0.0493
vn 0.2546 -0.9658 -0.0493
vn 0.6949 -0.7064 -0.1347
vn 0.9484 -0.2583 -0.1838
vn 0.9641 0.2583 -0.0615
vn 0.7064 0.7064 -0.0450
vn 0.2588 0.9658 -0.0165
vn -0.2588 0.9658 0.0165
vn -0.7064 0.7064 0.0450
vn -0.9641 0.2583 0.0614
vn -0.9641 -0.2583 0.0614
vn -0.7064 -0.7064 0.0450
vn -0.2588 -0.9658 0.0165
vn 0.2588 -0.9658 -0.0165
vn 0.7064 -0.7064 -0.0450
vn 0.9641 -0.2583 -0.0615
vn 0.9641 0.2583 0.0615
vn 0.7064 0.7064 0.0450
vn 0.2588 0.9658 0.0165
vn -0.2588 0.9658 -0.0165
vn -0.7064 0.7064 -0.0450
vn -0.9641 0.2583 -0.0614
vn -0.9641 -0.2583 -0.0614
vn -0.7064 -0.7064 -0.0450
vn -0.2588 -0.9658 -0.0165
vn 0.2588 -0.9658 0.0165
vn 0.7064 -0.7064 0.0450
vn 0.9641 -0.2583 0.0615
vn 0.9484 0.2583 0.1838
vn 0.6949 0.7064 0.1347
vn 0.2546 0.9658 0.0493
vn -0.2546 0.9658 -0.0493
vn -0.6949 0.7064 -0.1345
vn -0.9485 0.2583 -0.1835
vn -0.9485 -0.2583 -0.1835
vn -0.6949 -0.7064 -0.1345
vn -0.2546 -0.9658 -0.0493
vn 0.2546 -0.9658 0.0493
vn 0.6949 -0.7064 0.1347
vn 0.9484 -0.2583 0.1838
vn 0.9169 0.2583 0.3043
vn 0.6718 0.7064 0.2230
vn 0.2461 0.9658 0.0817
vn -0.2461 0.9658 -0.0816
vn -0.6719 0.7064 -0.2227
vn -0.9170 0.2583 -0.3038
vn -0.9170 -0.2583 -0.3038
vn -0.6719 -0.7064 -0.2227
vn -0.2461 -0.9658 -0.0816
vn 0.2461 -0.9658 0.0817
vn 0.6718 -0.7064 0.2230
vn 0.9169 -0.2583 0.3043
vn 0.8694 0.2583 0.4213
vn 0.6370 0.7063 0.3087
vn 0.2334 0.9658 0.1131
vn -0.2334 0.9658 -0.1131
vn -0.6371 0.7063 -0.3084
vn -0.8696 0.2583 -0.4208
vn -0.8696 -0.2583 -0.4208
vn -0.6372 -0.7063 -0.3084
vn -0.2334 -0.9658 -0.1130
vn 0.2334 -0.9658 0.1131
vn 0.6370 -0.7063 0.3087
vn 0.8694 -0.2583 0.4213
vn 0.8060 0.2583 0.5326
vn 0.5906 0.7063 0.3903
vn 0.2164 0.9658 0.1430
vn -0.2164 0.9658 -0.1430
vn -0.5907 0.7063 -0.3901
vn -0.8062 0.2583 -0.5323
vn -0.8062 -0.2583 -0.5323
vn -0.5907 -0.7063 -0.3901
vn -0.2164 -0.9658 -0.1430
vn 0.2164 -0.9658 0.1430
vn 0.5906 -0.7063 0.3903
vn 0.8060 -0.2583 0.5326
vn 0.7301 0.2585 0.6325
vn 0.5344 0.7066 0.4638
vn 0.1954 0.9658 0.1703
vn -0.1949 0.9658 -0.1709
vn -0.5302 0.7066 -0.4687
vn -0.7218 0.2584 -0.6421
vn -0.7218 -0.2584 -0.6421
vn -0.5302 -0.7066 -0.4687
vn -0.1949 -0.9658 -0.1709
vn 0.1954 -0.9658 0.1703
vn 0.5344 -0.7066 0.4638
vn 0.7301 -0.2585 0.6325
vn 0.6831 0.2588 0.6830
vn 0.5001 0.7070 0.5000
vn 0.1831 0.9659 0.1831
vn -0.1831 0.9659 -0.1831
vn -0.5000 0.7070 -0.5001
vn -0.6830 0.2588 -0.6831
vn -0.6830 -0.2587 -0.6831
vn -0.5000 -0.7070 -0.5001
vn -0.1831 -0.9659 -0.1831
vn 0.1831 -0.9659 0.1831
vn 0.5001 -0.7070 0.5000
vn 0.6831 -0.2588 0.6830
vn -0.0105 0.2586 -0.9659
vn -0.0286 0.7065 -0.7071
vn -0.0391 0.9651 -0.2588
vn -0.0391 0.9651 0.2588
vn -0.0286 0.7065 0.7071
vn -0.0105 0.2586 0.9659
vn 0.0105 -0.2586 0.9659
vn 0.0286 -0.7065 0.7071
vn 0.0391 -0.9651 0.2588
vn 0.0391 -0.9651 -0.2588
vn 0.0286 -0.7065 -0.7071
vn 0.0105 -0.2586 -0.9659
vn -0.9659 0.2588 0.0000
vn -0.7071 0.7071 0.0000
vn -0.2588 0.9659 0.0000
vn 0.2588 0.9659 0.0000
vn 0.7071 0.7071 0.0000
vn 0.9659 0.2588 0.0000
vn 0.9659 -0.2588 0.0000
vn 0.7071 -0.7071 0.0000
vn 0.2588 -0.9659 0.0000
vn -0.2588 -0.9659 0.0000
vn -0.7071 -0.7071 0.0000
vn -0.9659 -0.2588 0.0000
vn -0.6830 0.2588 -0.6830
vn -0.5000 0.7071 -0.5000
vn -0.1830 0.9659 -0.1830
vn 0.1830 0.9659 0.1830
vn 0.5000 0.7071 0.5000
vn 0.6830 0.2588 0.6830
vn 0.6830 -0.2588 0.6830
vn 0.5000 -0.7071 0.5000
vn 0.1830 -0.9659 0.1830
vn -0.1830 -0.9659 -0.1830
vn -0.5000 -0.7071 -0.5000
vn -0.6830 -0.2588 -0.6830
vn 0.0000 0.2588 -0.9659
vn 0.0000 0.7071 -0.7071
vn 0.0000 0.9659 -0.2588
vn 0.0000 0.9659 0.2588
vn 0.0000 0.7071 0.7071
vn 0.0000 0.2588 0.9659
vn 0.0000 -0.2588 0.9659
vn 0.0000 -0.7071 0.7071
vn 0.0000 -0.9659 0.2588
vn 0.0000 -0.9659 -0.2588
vn 0.0000 -0.7071 -0.7071
vn 0.0000 -0.2588 -0.9659
vn -0.9646 0.2585 0.0521
vn -0.7064 0.7067 0.0404
vn -0.2586 0.9659 0.0159
vn 0.2585 0.9659 -0.0170
vn 0.7058 0.7068 -0.0483
vn 0.9636 0.2586 -0.0672
vn 0.9636 -0.2586 -0.0672
vn 0.7058 -0.7068 -0.0483
vn 0.2585 -0.9659 -0.0170
vn -0.2586 -0.9659 0.0159
vn -0.7064 -0.7067 0.0404
vn -0.9646 -0.2585 0.0521
vn -0.6372 0.7063 0.3084
vn -0.2334 0.9658 0.1131
vn -0.6371 -0.7063 0.3084
vn -0.0613 0.2583 0.9641
vn -0.0450 0.7064 0.7064
vn -0.0165 0.9658 0.2588
vn 0.0165 0.9658 -0.2588
vn 0.0450 0.7064 -0.7064
vn 0.0615 0.2583 -0.9641
vn 0.0615 -0.2583 -0.9641
vn 0.0450 -0.7064 -0.7064
vn 0.0165 -0.9658 -0.2588
vn -0.0165 -0.9658 0.2588
vn -0.0450 -0.7064 0.7064
vn -0.0613 -0.2583 0.9641
vn 0.0613 0.2583 0.9641
vn 0.0450 0.7064 0.7064
vn 0.0165 0.9658 0.2588
vn -0.0165 0.9658 -0.2588
vn -0.0450 0.7064 -0.7064
vn -0.0615 0.2583 -0.9641
vn -0.0615 -0.2583 -0.9641
vn -0.0450 -0.7064 -0.7064
vn -0.0165 -0.9658 -0.2588
vn 0.0165 -0.9658 0.2588
vn 0.0450 -0.7064 0.7064
vn 0.0613 -0.2583 0.9641
vn 0.1835 0.2583 0.9485
vn 0.1345 0.7064 0.6949
vn 0.0493 0.9658 0.2546
vn -0.0493 0.9658 -0.2546
vn -0.1347 0.7064 -0.6949
vn -0.1838 0.2583 -0.9484
vn -0.1838 -0.2583 -0.9484
vn -0.1347 -0.7064 -0.6949
vn -0.0493 -0.9658 -0.2546
vn 0.0493 -0.9658 0.2546
vn 0.1345 -0.7064 0.6949
vn 0.1835 -0.2583 0.9485
vn 0.3038 0.2583 0.9170
vn 0.2227 0.7064 0.6719
vn 0.0816 0.9658 0.2461
vn -0.0817 0.9658 -0.2461
vn -0.2230 0.7064 -0.6718
vn -0.3043 0.2583 -0.9169
vn -0.3043 -0.2583 -0.9169
vn -0.2230 -0.7064 -0.6718
vn -0.0817 -0.9658 -0.2461
vn 0.0816 -0.9658 0.2461
vn 0.2227 -0.7064 0.6719
vn 0.3038 -0.2583 0.9170
vn 0.4208 0.2583 0.8696
vn 0.3084 0.7063 0.6371
vn 0.1130 0.9658 0.2334
vn -0.1131 0.9658 -0.2334
vn -0.3087 0.7063 -0.6370
vn -0.4213 0.2583 -0.8694
vn -0.4213 -0.2583 -0.8694
vn -0.3087 -0.7063 -0.6370
vn -0.1131 -0.9658 -0.2334
vn 0.1130 -0.9658 0.2334
vn 0.3084 -0.7063 0.6371
vn 0.4208 -0.2583 0.8696
vn 0.5322 0.2583 0.8062
vn 0.3901 0.7063 0.5907
vn 0.1430 0.9658 0.2164
vn -0.1430 0.9658 -0.2164
vn -0.3903 0.7063 -0.5906
vn -0.5326 0.2583 -0.8060
vn -0.5326 -0.2583 -0.8060
vn -0.3903 -0.7063 -0.5906
vn -0.1430 -0.9658 -0.2164
vn 0.1430 -0.9658 0.2164
vn 0.3901 -0.7063 0.5907
vn 0.5322 -0.2583 0.8062
vn 0.6430 0.2585 0.7210
vn 0.4692 0.7066 0.5296
vn 0.1709 0.9658 0.1947
vn -0.1701 0.9659 -0.1954
vn -0.4629 0.7068 -0.5349
vn -0.6311 0.2586 -0.7314
vn -0.6311 -0.2586 -0.7314
vn -0.4629 -0.7068 -0.5349
vn -0.1701 -0.9659 -0.1954
vn 0.1709 -0.9658 0.1947
vn 0.4692 -0.7066 0.5296
vn 0.6430 -0.2585 0.7210
vn -0.0552 0.2585 -0.9644
vn -0.0427 0.7066 -0.7063
vn -0.0168 0.9658 -0.2586
vn 0.0179 0.9659 0.2585
vn 0.0509 0.7068 0.7056
vn 0.0709 0.2586 0.9634
vn 0.0709 -0.2586 0.9634
vn 0.0509 -0.7068 0.7056
vn 0.0179 -0.9659 0.2585
vn -0.0168 -0.9658 -0.2586
vn -0.0427 -0.7066 -0.7063
vn -0.0551 -0.2585 -0.9644
vn -0.1937 0.2583 -0.9464
vn -0.1419 0.7063 -0.6935
vn -0.0519 0.9658 -0.2541
vn 0.0519 0.9658 0.2541
vn 0.1416 0.7063 0.6936
vn 0.1933 0.2583 0.9465
vn 0.1933 -0.2583 0.9465
vn 0.1416 -0.7063 0.6936
vn 0.0519 -0.9658 0.2541
vn -0.0519 -0.9658 -0.2541
vn -0.1419 -0.7063 -0.6935
vn -0.1937 -0.2583 -0.9464
vn -0.3174 0.2583 -0.9124
vn -0.2324 0.7063 -0.6686
vn -0.0851 0.9658 -0.2450
vn 0.0851 0.9658 0.2450
vn 0.2322 0.7063 0.6687
vn 0.3168 0.2583 0.9126
vn 0.3168 -0.2583 0.9126
vn 0.2322 -0.7063 0.6687
vn 0.0851 -0.9658 0.2450
vn -0.0851 -0.9658 -0.2450
vn -0.2324 -0.7063 -0.6686
vn -0.3174 -0.2583 -0.9124
vn -0.4336 0.2583 -0.8633
vn -0.3176 0.7064 -0.6326
vn -0.1163 0.9658 -0.2318
vn 0.1163 0.9658 0.2318
vn 0.3174 0.7064 0.6327
vn 0.4331 0.2583 0.8635
vn 0.4331 -0.2583 0.8635
vn 0.3174 -0.7064 0.6327
vn 0.1163 -0.9658 0.2318
vn -0.1163 -0.9658 -0.2318
vn -0.3176 -0.7064 -0.6326
vn -0.4336 -0.2583 -0.8633
vn -0.5409 0.2583 -0.8004
vn -0.3963 0.7064 -0.5865
vn -0.1452 0.9658 -0.2149
vn 0.1451 0.9658 0.2149
vn 0.3961 0.7064 0.5866
vn 0.5406 0.2583 0.8006
vn 0.5406 -0.2583 0.8006
vn 0.3961 -0.7064 0.5866
vn 0.1451 -0.9658 0.2149
vn -0.1452 -0.9658 -0.2149
vn -0.3963 -0.7064 -0.5865
vn -0.5409 -0.2583 -0.8004
vn -0.6383 0.2583 -0.7251
vn -0.4677 0.7064 -0.5313
vn -0.1713 0.9658 -0.1947
vn 0.1713 0.9658 0.1947
vn 0.4676 0.7064 0.5313
vn 0.6383 0.2583 0.7252
vn 0.6383 -0.2583 0.7252
vn 0.4677 -0.7064 0.5313
vn 0.1713 -0.9658 0.1946
vn -0.1713 -0.9658 -0.1946
vn -0.4677 -0.7064 -0.5313
vn -0.6383 -0.2583 -0.7251
vn -0.7251 0.2583 -0.6383
vn -0.5313 0.7064 -0.4677
vn -0.1946 0.9658 -0.1713
vn 0.1946 0.9658 0.1713
vn 0.5313 0.7064 0.4677
vn 0.7252 0.2583 0.6383
vn 0.7252 -0.2583 0.6383
vn 0.5313 -0.7064 0.4676
vn 0.1947 -0.9658 0.1713
vn -0.1946 -0.9658 -0.1713
vn -0.5313 -0.7064 -0.4677
vn -0.7251 -0.2583 -0.6383
vn -0.8004 0.2583 -0.5409
vn -0.5865 0.7064 -0.3963
vn -0.2149 0.9658 -0.1452
vn 0.2149 0.9658 0.1451
vn 0.5866 0.7064 0.3961
vn 0.8006 0.2583 0.5406
vn 0.8006 -0.2583 0.5406
vn 0.5866 -0.7064 0.3961
vn 0.2149 -0.9658 0.1451
vn -0.2149 -0.9658 -0.1451
vn -0.5865 -0.7064 -0.3963
vn -0.8004 -0.2583 -0.5409
vn -0.8633 0.2583 -0.4336
vn -0.6326 0.7064 -0.3176
vn -0.2318 0.9658 -0.1163
vn 0.2318 0.9658 0.1163
vn 0.6327 0.7064 0.3174
vn 0.8635 0.2583 0.4331
vn 0.8635 -0.2583 0.4332
vn 0.6327 -0.7064 0.3174
vn 0.2318 -0.9658 0.1163
vn -0.2318 -0.9658 -0.1163
vn -0.6326 -0.7064 -0.3176
vn -0.8633 -0.2583 -0.4336
vn -0.9124 0.2583 -0.3174
vn -0.6686 0.7063 -0.2324
vn -0.2450 0.9658 -0.0851
vn 0.2450 0.9658 0.0851
vn 0.6687 0.7063 0.2322
vn 0.9126 0.2583 0.3168
vn 0.9126 -0.2583 0.3168
vn 0.6687 -0.7063 0.2322
vn 0.2450 -0.9658 0.0851
vn -0.2450 -0.9658 -0.0851
vn -0.6686 -0.7063 -0.2324
vn -0.9124 -0.2583 -0.3174
vn -0.9464 0.2583 -0.1937
vn -0.6935 0.7063 -0.1419
vn -0.2541 0.9658 -0.0519
vn 0.2541 0.9658 0.0519
vn 0.6936 0.7063 0.1416
vn 0.9465 0.2583 0.1933
vn 0.9465 -0.2583 0.1933
vn 0.6936 -0.7063 0.1416
vn 0.2541 -0.9658 0.0519
vn -0.2541 -0.9658 -0.0519
vn -0.6935 -0.7063 -0.1419
vn -0.9464 -0.2583 -0.1937
vn -0.9644 0.2585 -0.0552
vn -0.7063 0.7066 -0.0427
vn -0.2586 0.9658 -0.0168
vn 0.2585 0.9659 0.0179
vn 0.7056 0.7068 0.0509
vn 0.9634 0.2586 0.0709
vn 0.9634 -0.2586 0.0709
vn 0.7056 -0.7068 0.0509
vn 0.2585 -0.9659 0.0179
vn -0.2586 -0.9658 -0.0168
vn -0.7063 -0.7066 -0.0427
vn -0.9644 -0.2585 -0.0552
vn 0.9644 0.2585 -0.0551
vn 0.7063 0.7066 -0.0427
vn 0.2586 0.9658 -0.0168
vn -0.2585 0.9659 0.0179
vn -0.7056 0.7068 0.0509
vn -0.9634 0.2586 0.0709
vn -0.9634 -0.2586 0.0709
vn -0.7056 -0.7068 0.0509
vn -0.2585 -0.9659 0.0179
vn 0.2586 -0.9658 -0.0168
vn 0.7063 -0.7066 -0.0427
vn 0.9644 -0.2585 -0.0551
vn 0.9464 0.2583 -0.1937
vn 0.6935 0.7063 -0.1419
vn 0.2541 0.9658 -0.0519
vn -0.2541 0.9658 0.0519
vn -0.6936 0.7063 0.1416
vn -0.9465 0.2583 0.1933
vn -0.9465 -0.2583 0.1933
vn -0.6936 -0.7063 0.1416
vn -0.2541 -0.9658 0.0519
vn 0.2541 -0.9658 -0.0519
vn 0.6935 -0.7063 -0.1419
vn 0.9464 -0.2583 -0.1937
vn 0.9124 0.2583 -0.3174
vn 0.6686 0.7063 -0.2324
vn 0.2450 0.9658 -0.0851
vn -0.2450 0.9658 0.0851
vn -0.6687 0.7063 0.2322
vn -0.9126 0.2583 0.3168
vn -0.9126 -0.2583 0.3168
vn -0.6687 -0.7063 0.2322
vn -0.2450 -0.9658 0.0851
vn 0.2450 -0.9658 -0.0851
vn 0.6686 -0.7063 -0.2324
vn 0.9124 -0.2583 -0.3174
vn 0.8633 0.2583 -0.4336
vn 0.6326 0.7064 -0.3176
vn 0.2318 0.9658 -0.1163
vn -0.2318 0.9658 0.1163
vn -0.6327 0.7064 0.3174
vn -0.8635 0.2583 0.4332
vn -0.8635 -0.2583 0.4332
vn -0.6327 -0.7064 0.3174
vn -0.2318 -0.9658 0.1163
vn 0.2318 -0.9658 -0.1163
vn 0.6326 -0.7064 -0.3176
vn 0.8633 -0.2583 -0.4336
vn 0.8004 0.2583 -0.5409
vn 0.5865 0.7064 -0.3963
vn 0.2149 0.9658 -0.1452
vn -0.2149 0.9658 0.1451
vn -0.5866 0.7064 0.3961
vn -0.8006 0.2583 0.5406
vn -0.8006 -0.2583 0.5406
vn -0.5866 -0.7064 0.3961
vn -0.2149 -0.9658 0.1451
vn 0.2149 -0.9658 -0.1452
vn 0.5865 -0.7064 -0.3963
vn 0.8004 -0.2583 -0.5409
vn 0.7251 0.2583 -0.6384
vn 0.5313 0.7064 -0.4677
vn 0.1946 0.9658 -0.1713
vn -0.1947 0.9658 0.1713
vn -0.5313 0.7064 0.4677
vn -0.7252 0.2583 0.6383
vn -0.7252 -0.2583 0.6383
vn -0.5313 -0.7064 0.4676
vn -0.1947 -0.9658 0.1713
vn 0.1946 -0.9658 -0.1713
vn 0.5313 -0.7064 -0.4677
vn 0.7251 -0.2583 -0.6383
vn 0.6384 0.2583 -0.7251
vn 0.4677 0.7064 -0.5313
vn 0.1713 0.9658 -0.1946
vn -0.1713 0.9658 0.1947
vn -0.4676 0.7064 0.5313
vn -0.6383 0.2583 0.7252
vn -0.6383 -0.2583 0.7252
vn -0.4676 -0.7064 0.5313
vn -0.1713 -0.9658 0.1947
vn 0.1713 -0.9658 -0.1946
vn 0.4677 -0.7064 -0.5313
vn 0.6384 -0.2583 -0.7251
vn 0.5409 0.2583 -0.8004
vn 0.3963 0.7064 -0.5865
vn 0.1452 0.9658 -0.2149
vn -0.1451 0.9658 0.2149
vn -0.3961 0.7064 0.5866
vn -0.5406 0.2583 0.8006
vn -0.5406 -0.2583 0.8006
vn -0.3961 -0.7064 0.5866
vn -0.1451 -0.9658 0.2149
vn 0.1452 -0.9658 -0.2149
vn 0.3963 -0.7064 -0.5865
vn 0.5409 -0.2583 -0.8004
vn 0.4336 0.2583 -0.8633
vn 0.3176 0.7064 -0.6326
vn 0.1163 0.9658 -0.2318
vn -0.1163 0.9658 0.2318
vn -0.3174 0.7064 0.6327
vn -0.4331 0.2583 0.8635
vn -0.4332 -0.2583 0.8635
vn -0.3174 -0.7064 0.6327
vn -0.1163 -0.9658 0.2318
vn 0.1163 -0.9658 -0.2318
vn 0.3176 -0.7064 -0.6326
vn 0.4336 -0.2583 -0.8633
vn 0.3174 0.2583 -0.9124
vn 0.2324 0.7063 -0.6686
vn 0.0851 0.9658 -0.2450
vn -0.0851 0.9658 0.2450
vn -0.2322 0.7063 0.6687
vn -0.3168 0.2583 0.9126
vn -0.3168 -0.2583 0.9126
vn -0.2322 -0.7063 0.6687
vn -0.0851 -0.9658 0.2450
vn 0.0851 -0.9658 -0.2450
vn 0.2324 -0.7063 -0.6686
vn 0.3174 -0.2583 -0.9124
vn 0.1937 0.2583 -0.9464
vn 0.1419 0.7063 -0.6935
vn 0.0519 0.9658 -0.2541
vn -0.0519 0.9658 0.2541
vn -0.1416 0.7063 0.6936
vn -0.1933 0.2583 0.9465
vn -0.1933 -0.2583 0.9465
vn -0.1416 -0.7063 0.6936
vn -0.0519 -0.9658 0.2541
vn 0.0519 -0.9658 -0.2541
vn 0.1419 -0.7063 -0.6935
vn 0.1937 -0.2583 -0.9464
vn 0.0552 0.2585 -0.9644
vn 0.0427 0.7066 -0.7063
vn 0.0168 0.9658 -0.2586
vn -0.0179 0.9659 0.2585
vn -0.0509 0.7068 0.7056
vn -0.0709 0.2586 0.9634
vn -0.0709 -0.2586 0.9634
vn -0.0509 -0.7068 0.7056
vn -0.0179 -0.9659 0.2585
vn 0.0168 -0.9658 -0.2586
vn 0.0427 -0.7066 -0.7063
vn 0.0551 -0.2585 -0.9644
vn 0.0551 0.2585 0.9644
vn 0.0427 0.7066 0.7063
vn 0.0168 0.9658 0.2586
vn -0.0179 0.9659 -0.2585
vn -0.0509 0.7068 -0.7056
vn -0.0709 0.2586 -0.9634
vn -0.0709 -0.2586 -0.9634
vn -0.0509 -0.7068 -0.7056
vn -0.0179 -0.9659 -0.2585
vn 0.0168 -0.9658 0.2586
vn 0.0427 -0.7066 0.7063
vn 0.0551 -0.2585 0.9644
vn 0.1937 0.2583 0.9464
vn 0.1419 0.7063 0.6935
vn -0.1416 0.7063 -0.6936
vn -0.1933 0.2583 -0.9465
vn -0.1933 -0.2583 -0.9465
vn -0.1416 -0.7063 -0.6936
vn 0.1419 -0.7063 0.6935
vn 0.1937 -0.2583 0.9464
vn 0.3174 0.2583 0.9124
vn 0.2324 0.7063 0.6686
vn -0.2322 0.7063 -0.6687
vn -0.3168 0.2583 -0.9126
vn -0.3168 -0.2583 -0.9126
vn -0.2322 -0.7063 -0.6687
vn 0.2324 -0.7063 0.6686
vn 0.3174 -0.2583 0.9124
vn 0.4336 0.2583 0.8633
vn 0.3176 0.7064 0.6326
vn -0.3174 0.7064 -0.6327
vn -0.4331 0.2583 -0.8635
vn -0.4331 -0.2583 -0.8635
vn -0.3174 -0.7064 -0.6327
vn 0.3176 -0.7064 0.6326
vn 0.4336 -0.2583 0.8633
vn 0.5409 0.2583 0.8004
vn 0.3963 0.7064 0.5865
vn 0.1452 0.9658 0.2149
vn -0.1451 0.9658 -0.2149
vn -0.3961 0.7064 -0.5866
vn -0.5406 0.2583 -0.8006
vn -0.5406 -0.2583 -0.8006
vn -0.3961 -0.7064 -0.5866
vn -0.1451 -0.9658 -0.2149
vn 0.1452 -0.9658 0.2149
vn 0.3963 -0.7064 0.5865
vn 0.5409 -0.2583 0.8004
vn 0.6383 0.2583 0.7251
vn 0.4677 0.7064 0.5313
vn -0.6383 0.2583 -0.7252
vn -0.6383 -0.2583 -0.7252
vn 0.6383 -0.2583 0.7251
vn 0.7251 0.2583 0.6383
vn -0.7252 0.2583 -0.6383
vn -0.7252 -0.2583 -0.6383
vn -0.5313 -0.7064 -0.4676
vn -0.1947 -0.9658 -0.1713
vn 0.1946 -0.9658 0.1713
vn 0.5313 -0.7064 0.4677
vn 0.7251 -0.2583 0.6383
vn 0.8004 0.2583 0.5409
vn 0.5865 0.7064 0.3963
vn 0.2149 0.9658 0.1452
vn -0.2149 0.9658 -0.1451
vn -0.5866 0.7064 -0.3961
vn -0.8006 0.2583 -0.5406
vn -0.8006 -0.2583 -0.5406
vn -0.5866 -0.7064 -0.3961
vn 0.5865 -0.7064 0.3963
vn 0.8004 -0.2583 0.5409
vn 0.8633 0.2583 0.4336
vn 0.6326 0.7064 0.3176
vn -0.6327 0.7064 -0.3174
vn -0.8635 0.2583 -0.4332
vn -0.8635 -0.2583 -0.4332
vn -0.6327 -0.7064 -0.3174
vn 0.6326 -0.7064 0.3176
vn 0.8633 -0.2583 0.4336
vn 0.9124 0.2583 0.3174
vn 0.6686 0.7063 0.2324
vn -0.6687 0.7063 -0.2322
vn -0.9126 0.2583 -0.3168
vn -0.9126 -0.2583 -0.3168
vn -0.6687 -0.7063 -0.2322
vn 0.6686 -0.7063 0.2324
vn 0.9124 -0.2583 0.3174
vn 0.9464 0.2583 0.1937
vn 0.6935 0.7063 0.1419
vn -0.6936 0.7063 -0.1416
vn -0.9465 0.2583 -0.1933
vn -0.9465 -0.2583 -0.1933
vn -0.6936 -0.7063 -0.1416
vn 0.6935 -0.7063 0.1419
vn 0.9464 -0.2583 0.1937
vn 0.9644 0.2585 0.0552
vn 0.7063 0.7066 0.0427
vn 0.2586 0.9658 0.0168
vn -0.2585 0.9659 -0.0179
vn -0.7056 0.7068 -0.0509
vn -0.9634 0.2586 -0.0709
vn -0.9634 -0.2586 -0.0709
vn -0.7056 -0.7068 -0.0509
vn -0.2585 -0.9659 -0.0179
vn 0.2586 -0.9658 0.0168
vn 0.7063 -0.7066 0.0427
vn 0.9644 -0.2585 0.0552
vn -0.7071 0.0000 0.7071
usemtl マテリアル.001
s off
f 4225/4577/3088 4237/4578/3088 4248/4579/3088 4236/4580/3088
f 4226/4581/3089 4238/4582/3089 4237/4583/3089 4225/4584/3089
f 4227/4585/3090 4239/4586/3090 4238/4582/3090 4226/4581/3090
f 4228/4587/3091 4240/4588/3091 4239/4586/3091 4227/4585/3091
f 4229/4589/3092 4241/4590/3092 4240/4588/3092 4228/4587/3092
f 4230/4591/3093 4242/4592/3093 4241/4590/3093 4229/4589/3093
f 4231/4593/3094 4243/4594/3094 4242/4592/3094 4230/4591/3094
f 4232/4595/3095 4244/4596/3095 4243/4594/3095 4231/4593/3095
f 4233/4597/3096 4245/4598/3096 4244/4596/3096 4232/4595/3096
f 4234/4599/3097 4246/4600/3097 4245/4598/3097 4233/4597/3097
f 4235/4601/3098 4247/4602/3098 4246/4600/3098 4234/4599/3098
f 4236/4580/3099 4248/4579/3099 4247/4602/3099 4235/4601/3099
f 4237/4578/3100 4249/4603/3100 4260/4604/3100 4248/4579/3100
f 4238/4582/3101 4250/4605/3101 4249/4606/3101 4237/4583/3101
f 4239/4586/3102 4251/4607/3102 4250/4605/3102 4238/4582/3102
f 4240/4588/3103 4252/4608/3103 4251/4607/3103 4239/4586/3103
f 4241/4590/3104 4253/4609/3104 4252/4608/3104 4240/4588/3104
f 4242/4592/3105 4254/4610/3105 4253/4609/3105 4241/4590/3105
f 4243/4594/3106 4255/4611/3106 4254/4610/3106 4242/4592/3106
f 4244/4596/3107 4256/4612/3107 4255/4611/3107 4243/4594/3107
f 4245/4598/3108 4257/4613/3108 4256/4612/3108 4244/4596/3108
f 4246/4600/3109 4258/4614/3109 4257/4613/3109 4245/4598/3109
f 4247/4602/3110 4259/4615/3110 4258/4614/3110 4246/4600/3110
f 4248/4579/3111 4260/4604/3111 4259/4615/3111 4247/4602/3111
f 4249/4603/3112 4261/4616/3112 4272/4617/3112 4260/4604/3112
f 4250/4605/3113 4262/4618/3113 4261/4619/3113 4249/4606/3113
f 4251/4607/3114 4263/4620/3114 4262/4618/3114 4250/4605/3114
f 4252/4608/3115 4264/4621/3115 4263/4620/3115 4251/4607/3115
f 4253/4609/3116 4265/4622/3116 4264/4621/3116 4252/4608/3116
f 4254/4610/3117 4266/4623/3117 4265/4622/3117 4253/4609/3117
f 4255/4611/3118 4267/4624/3118 4266/4623/3118 4254/4610/3118
f 4256/4612/3119 4268/4625/3119 4267/4624/3119 4255/4611/3119
f 4257/4613/3120 4269/4626/3120 4268/4625/3120 4256/4612/3120
f 4258/4614/3121 4270/4627/3121 4269/4626/3121 4257/4613/3121
f 4259/4615/3122 4271/4628/3122 4270/4627/3122 4258/4614/3122
f 4260/4604/3123 4272/4617/3123 4271/4628/3123 4259/4615/3123
f 4261/4616/3124 4273/4629/3124 4284/4630/3124 4272/4617/3124
f 4262/4618/3125 4274/4631/3125 4273/4632/3125 4261/4619/3125
f 4263/4620/3126 4275/4633/3126 4274/4631/3126 4262/4618/3126
f 4264/4621/3127 4276/4634/3127 4275/4633/3127 4263/4620/3127
f 4265/4622/3128 4277/4635/3128 4276/4634/3128 4264/4621/3128
f 4266/4623/3129 4278/4636/3129 4277/4635/3129 4265/4622/3129
f 4267/4624/3130 4279/4637/3130 4278/4636/3130 4266/4623/3130
f 4268/4625/3131 4280/4638/3131 4279/4637/3131 4267/4624/3131
f 4269/4626/3132 4281/4639/3132 4280/4638/3132 4268/4625/3132
f 4270/4627/3133 4282/4640/3133 4281/4639/3133 4269/4626/3133
f 4271/4628/3134 4283/4641/3134 4282/4640/3134 4270/4627/3134
f 4272/4617/3135 4284/4630/3135 4283/4641/3135 4271/4628/3135
f 4273/4629/3136 4285/4642/3136 4296/4643/3136 4284/4630/3136
f 4274/4631/3137 4286/4644/3137 4285/4645/3137 4273/4632/3137
f 4275/4633/3138 4287/4646/3138 4286/4644/3138 4274/4631/3138
f 4276/4634/3139 4288/4647/3139 4287/4646/3139 4275/4633/3139
f 4277/4635/3140 4289/4648/3140 4288/4647/3140 4276/4634/3140
f 4278/4636/3141 4290/4649/3141 4289/4648/3141 4277/4635/3141
f 4279/4637/3142 4291/4650/3142 4290/4649/3142 4278/4636/3142
f 4280/4638/3143 4292/4651/3143 4291/4650/3143 4279/4637/3143
f 4281/4639/3144 4293/4652/3144 4292/4651/3144 4280/4638/3144
f 4282/4640/3145 4294/4653/3145 4293/4652/3145 4281/4639/3145
f 4283/4641/3146 4295/4654/3146 4294/4653/3146 4282/4640/3146
f 4284/4630/3147 4296/4643/3147 4295/4654/3147 4283/4641/3147
f 4285/4642/3148 4297/4655/3148 4308/4656/3148 4296/4643/3148
f 4286/4644/3149 4298/4657/3149 4297/4658/3149 4285/4645/3149
f 4287/4646/3150 4299/4659/3150 4298/4657/3150 4286/4644/3150
f 4288/4647/3151 4300/4660/3151 4299/4659/3151 4287/4646/3151
f 4289/4648/3152 4301/4661/3152 4300/4660/3152 4288/4647/3152
f 4290/4649/3153 4302/4662/3153 4301/4661/3153 4289/4648/3153
f 4291/4650/3154 4303/4663/3154 4302/4662/3154 4290/4649/3154
f 4292/4651/3155 4304/4664/3155 4303/4663/3155 4291/4650/3155
f 4293/4652/3156 4305/4665/3156 4304/4664/3156 4292/4651/3156
f 4294/4653/3157 4306/4666/3157 4305/4665/3157 4293/4652/3157
f 4295/4654/3158 4307/4667/3158 4306/4666/3158 4294/4653/3158
f 4296/4643/3159 4308/4656/3159 4307/4667/3159 4295/4654/3159
f 4297/4655/3160 4309/4668/3160 4320/4669/3160 4308/4656/3160
f 4298/4657/3161 4310/4670/3161 4309/4671/3161 4297/4658/3161
f 4299/4659/3162 4311/4672/3162 4310/4670/3162 4298/4657/3162
f 4300/4660/3163 4312/4673/3163 4311/4672/3163 4299/4659/3163
f 4301/4661/3164 4313/4674/3164 4312/4673/3164 4300/4660/3164
f 4302/4662/3165 4314/4675/3165 4313/4674/3165 4301/4661/3165
f 4303/4663/3166 4315/4676/3166 4314/4675/3166 4302/4662/3166
f 4304/4664/3167 4316/4677/3167 4315/4676/3167 4303/4663/3167
f 4305/4665/3168 4317/4678/3168 4316/4677/3168 4304/4664/3168
f 4306/4666/3169 4318/4679/3169 4317/4678/3169 4305/4665/3169
f 4307/4667/3170 4319/4680/3170 4318/4679/3170 4306/4666/3170
f 4308/4656/3171 4320/4669/3171 4319/4680/3171 4307/4667/3171
f 4309/4668/3172 4321/4681/3172 4332/4682/3172 4320/4669/3172
f 4310/4670/3173 4322/4683/3173 4321/4684/3173 4309/4671/3173
f 4311/4672/3174 4323/4685/3174 4322/4683/3174 4310/4670/3174
f 4312/4673/3175 4324/4686/3175 4323/4685/3175 4311/4672/3175
f 4313/4674/3176 4325/4687/3176 4324/4686/3176 4312/4673/3176
f 4314/4675/3177 4326/4688/3177 4325/4687/3177 4313/4674/3177
f 4315/4676/3178 4327/4689/3178 4326/4688/3178 4314/4675/3178
f 4316/4677/3179 4328/4690/3179 4327/4689/3179 4315/4676/3179
f 4317/4678/3180 4329/4691/3180 4328/4690/3180 4316/4677/3180
f 4318/4679/3181 4330/4692/3181 4329/4691/3181 4317/4678/3181
f 4319/4680/3182 4331/4693/3182 4330/4692/3182 4318/4679/3182
f 4320/4669/3183 4332/4682/3183 4331/4693/3183 4319/4680/3183
f 4321/4681/3184 4333/4694/3184 4344/4695/3184 4332/4682/3184
f 4322/4683/3185 4334/4696/3185 4333/4697/3185 4321/4684/3185
f 4323/4685/3186 4335/4698/3186 4334/4696/3186 4322/4683/3186
f 4324/4686/3187 4336/4699/3187 4335/4698/3187 4323/4685/3187
f 4325/4687/3188 4337/4700/3188 4336/4699/3188 4324/4686/3188
f 4326/4688/3189 4338/4701/3189 4337/4700/3189 4325/4687/3189
f 4327/4689/3190 4339/4702/3190 4338/4701/3190 4326/4688/3190
f 4328/4690/3191 4340/4703/3191 4339/4702/3191 4327/4689/3191
f 4329/4691/3192 4341/4704/3192 4340/4703/3192 4328/4690/3192
f 4330/4692/3193 4342/4705/3193 4341/4704/3193 4329/4691/3193
f 4331/4693/3194 4343/4706/3194 4342/4705/3194 4330/4692/3194
f 4332/4682/3195 4344/4695/3195 4343/4706/3195 4331/4693/3195
f 4333/4694/3196 4345/4707/3196 4356/4708/3196 4344/4695/3196
f 4334/4696/3197 4346/4709/3197 4345/4710/3197 4333/4697/3197
f 4335/4698/3198 4347/4711/3198 4346/4709/3198 4334/4696/3198
f 4336/4699/3199 4348/4712/3199 4347/4711/3199 4335/4698/3199
f 4337/4700/3200 4349/4713/3200 4348/4712/3200 4336/4699/3200
f 4338/4701/3201 4350/4714/3201 4349/4713/3201 4337/4700/3201
f 4339/4702/3202 4351/4715/3202 4350/4714/3202 4338/4701/3202
f 4340/4703/3203 4352/4716/3203 4351/4715/3203 4339/4702/3203
f 4341/4704/3204 4353/4717/3204 4352/4716/3204 4340/4703/3204
f 4342/4705/3205 4354/4718/3205 4353/4717/3205 4341/4704/3205
f 4343/4706/3206 4355/4719/3206 4354/4718/3206 4342/4705/3206
f 4344/4695/3207 4356/4708/3207 4355/4719/3207 4343/4706/3207
f 4345/4707/3208 4357/4720/3208 4368/4721/3208 4356/4708/3208
f 4346/4709/3209 4358/4722/3209 4357/4723/3209 4345/4710/3209
f 4347/4711/3210 4359/4724/3210 4358/4722/3210 4346/4709/3210
f 4348/4712/3211 4360/4725/3211 4359/4724/3211 4347/4711/3211
f 4349/4713/3212 4361/4726/3212 4360/4725/3212 4348/4712/3212
f 4350/4714/3213 4362/4727/3213 4361/4726/3213 4349/4713/3213
f 4351/4715/3214 4363/4728/3214 4362/4727/3214 4350/4714/3214
f 4352/4716/3215 4364/4729/3215 4363/4728/3215 4351/4715/3215
f 4353/4717/3216 4365/4730/3216 4364/4729/3216 4352/4716/3216
f 4354/4718/3217 4366/4731/3217 4365/4730/3217 4353/4717/3217
f 4355/4719/3218 4367/4732/3218 4366/4731/3218 4354/4718/3218
f 4356/4708/3219 4368/4721/3219 4367/4732/3219 4355/4719/3219
f 4357/4720/3220 4369/4733/3220 4380/4734/3220 4368/4721/3220
f 4358/4722/3221 4370/4735/3221 4369/4736/3221 4357/4723/3221
f 4359/4724/3222 4371/4737/3222 4370/4735/3222 4358/4722/3222
f 4360/4725/3223 4372/4738/3223 4371/4737/3223 4359/4724/3223
f 4361/4726/3224 4373/4739/3224 4372/4738/3224 4360/4725/3224
f 4362/4727/3225 4374/4740/3225 4373/4739/3225 4361/4726/3225
f 4363/4728/3226 4375/4741/3226 4374/4740/3226 4362/4727/3226
f 4364/4729/3227 4376/4742/3227 4375/4741/3227 4363/4728/3227
f 4365/4730/3228 4377/4743/3228 4376/4742/3228 4364/4729/3228
f 4366/4731/3229 4378/4744/3229 4377/4743/3229 4365/4730/3229
f 4367/4732/3230 4379/4745/3230 4378/4744/3230 4366/4731/3230
f 4368/4721/3231 4380/4734/3231 4379/4745/3231 4367/4732/3231
f 4369/4733/3232 4381/4746/3232 4392/4747/3232 4380/4734/3232
f 4370/4735/3233 4382/4748/3233 4381/4749/3233 4369/4736/3233
f 4371/4737/3234 4383/4750/3234 4382/4748/3234 4370/4735/3234
f 4372/4738/3235 4384/4751/3235 4383/4750/3235 4371/4737/3235
f 4373/4739/3236 4385/4752/3236 4384/4751/3236 4372/4738/3236
f 4374/4740/3237 4386/4753/3237 4385/4752/3237 4373/4739/3237
f 4375/4741/3238 4387/4754/3238 4386/4753/3238 4374/4740/3238
f 4376/4742/3239 4388/4755/3239 4387/4754/3239 4375/4741/3239
f 4377/4743/3240 4389/4756/3240 4388/4755/3240 4376/4742/3240
f 4378/4744/3241 4390/4757/3241 4389/4756/3241 4377/4743/3241
f 4379/4745/3242 4391/4758/3242 4390/4757/3242 4378/4744/3242
f 4380/4734/3243 4392/4747/3243 4391/4758/3243 4379/4745/3243
f 4381/4746/3244 4393/4759/3244 4404/4760/3244 4392/4747/3244
f 4382/4748/3245 4394/4761/3245 4393/4762/3245 4381/4749/3245
f 4383/4750/3246 4395/4763/3246 4394/4761/3246 4382/4748/3246
f 4384/4751/3247 4396/4764/3247 4395/4763/3247 4383/4750/3247
f 4385/4752/3248 4397/4765/3248 4396/4764/3248 4384/4751/3248
f 4386/4753/3249 4398/4766/3249 4397/4765/3249 4385/4752/3249
f 4387/4754/3250 4399/4767/3250 4398/4766/3250 4386/4753/3250
f 4388/4755/3251 4400/4768/3251 4399/4767/3251 4387/4754/3251
f 4389/4756/3252 4401/4769/3252 4400/4768/3252 4388/4755/3252
f 4390/4757/3253 4402/4770/3253 4401/4769/3253 4389/4756/3253
f 4391/4758/3254 4403/4771/3254 4402/4770/3254 4390/4757/3254
f 4392/4747/3255 4404/4760/3255 4403/4771/3255 4391/4758/3255
f 4393/4759/3256 4405/4772/3256 4416/4773/3256 4404/4760/3256
f 4394/4761/3257 4406/4774/3257 4405/4775/3257 4393/4762/3257
f 4395/4763/3258 4407/4776/3258 4406/4774/3258 4394/4761/3258
f 4396/4764/3259 4408/4777/3259 4407/4776/3259 4395/4763/3259
f 4397/4765/3260 4409/4778/3260 4408/4777/3260 4396/4764/3260
f 4398/4766/3261 4410/4779/3261 4409/4778/3261 4397/4765/3261
f 4399/4767/3262 4411/4780/3262 4410/4779/3262 4398/4766/3262
f 4400/4768/3263 4412/4781/3263 4411/4780/3263 4399/4767/3263
f 4401/4769/3264 4413/4782/3264 4412/4781/3264 4400/4768/3264
f 4402/4770/3265 4414/4783/3265 4413/4782/3265 4401/4769/3265
f 4403/4771/3266 4415/4784/3266 4414/4783/3266 4402/4770/3266
f 4404/4760/3267 4416/4773/3267 4415/4784/3267 4403/4771/3267
f 4405/4772/3268 4417/4785/3268 4428/4786/3268 4416/4773/3268
f 4406/4774/3269 4418/4787/3269 4417/4788/3269 4405/4775/3269
f 4407/4776/3270 4419/4789/3270 4418/4787/3270 4406/4774/3270
f 4408/4777/3271 4420/4790/3271 4419/4789/3271 4407/4776/3271
f 4409/4778/3272 4421/4791/3272 4420/4790/3272 4408/4777/3272
f 4410/4779/3273 4422/4792/3273 4421/4791/3273 4409/4778/3273
f 4411/4780/3274 4423/4793/3274 4422/4792/3274 4410/4779/3274
f 4412/4781/3275 4424/4794/3275 4423/4793/3275 4411/4780/3275
f 4413/4782/3276 4425/4795/3276 4424/4794/3276 4412/4781/3276
f 4414/4783/3277 4426/4796/3277 4425/4795/3277 4413/4782/3277
f 4415/4784/3278 4427/4797/3278 4426/4796/3278 4414/4783/3278
f 4416/4773/3279 4428/4786/3279 4427/4797/3279 4415/4784/3279
f 4417/4785/3280 4429/4798/3280 4440/4799/3280 4428/4786/3280
f 4418/4787/3281 4430/4800/3281 4429/4801/3281 4417/4788/3281
f 4419/4789/3282 4431/4802/3282 4430/4800/3282 4418/4787/3282
f 4420/4790/3283 4432/4803/3283 4431/4802/3283 4419/4789/3283
f 4421/4791/3284 4433/4804/3284 4432/4803/3284 4420/4790/3284
f 4422/4792/3285 4434/4805/3285 4433/4804/3285 4421/4791/3285
f 4423/4793/3286 4435/4806/3286 4434/4805/3286 4422/4792/3286
f 4424/4794/3287 4436/4807/3287 4435/4806/3287 4423/4793/3287
f 4425/4795/3288 4437/4808/3288 4436/4807/3288 4424/4794/3288
f 4426/4796/3289 4438/4809/3289 4437/4808/3289 4425/4795/3289
f 4427/4797/3290 4439/4810/3290 4438/4809/3290 4426/4796/3290
f 4428/4786/3291 4440/4799/3291 4439/4810/3291 4427/4797/3291
f 4429/4798/3292 4441/4811/3292 4452/4812/3292 4440/4799/3292
f 4430/4800/3293 4442/4813/3293 4441/4814/3293 4429/4801/3293
f 4431/4802/3294 4443/4815/3294 4442/4813/3294 4430/4800/3294
f 4432/4803/3295 4444/4816/3295 4443/4815/3295 4431/4802/3295
f 4433/4804/3296 4445/4817/3296 4444/4816/3296 4432/4803/3296
f 4434/4805/3297 4446/4818/3297 4445/4817/3297 4433/4804/3297
f 4435/4806/3298 4447/4819/3298 4446/4818/3298 4434/4805/3298
f 4436/4807/3299 4448/4820/3299 4447/4819/3299 4435/4806/3299
f 4437/4808/3300 4449/4821/3300 4448/4820/3300 4436/4807/3300
f 4438/4809/3301 4450/4822/3301 4449/4821/3301 4437/4808/3301
f 4439/4810/3302 4451/4823/3302 4450/4822/3302 4438/4809/3302
f 4440/4799/3303 4452/4812/3303 4451/4823/3303 4439/4810/3303
f 4441/4811/3304 4453/4824/3304 4464/4825/3304 4452/4812/3304
f 4442/4813/3305 4454/4826/3305 4453/4827/3305 4441/4814/3305
f 4443/4815/3306 4455/4828/3306 4454/4826/3306 4442/4813/3306
f 4444/4816/3307 4456/4829/3307 4455/4828/3307 4443/4815/3307
f 4445/4817/3308 4457/4830/3308 4456/4829/3308 4444/4816/3308
f 4446/4818/3309 4458/4831/3309 4457/4830/3309 4445/4817/3309
f 4447/4819/3310 4459/4832/3310 4458/4831/3310 4446/4818/3310
f 4448/4820/3311 4460/4833/3311 4459/4832/3311 4447/4819/3311
f 4449/4821/3312 4461/4834/3312 4460/4833/3312 4448/4820/3312
f 4450/4822/3313 4462/4835/3313 4461/4834/3313 4449/4821/3313
f 4451/4823/3314 4463/4836/3314 4462/4835/3314 4450/4822/3314
f 4452/4812/3315 4464/4825/3315 4463/4836/3315 4451/4823/3315
f 4465/4837/3316 4477/4838/3316 4488/4839/3316 4476/4840/3316
f 4466/4841/3317 4478/4842/3317 4477/4843/3317 4465/4844/3317
f 4467/4845/3318 4479/4846/3318 4478/4842/3318 4466/4841/3318
f 4468/4847/3319 4480/4848/3319 4479/4846/3319 4467/4845/3319
f 4469/4849/3320 4481/4850/3320 4480/4848/3320 4468/4847/3320
f 4470/4851/3321 4482/4852/3321 4481/4850/3321 4469/4849/3321
f 4471/4853/3322 4483/4854/3322 4482/4852/3322 4470/4851/3322
f 4472/4855/3323 4484/4856/3323 4483/4854/3323 4471/4853/3323
f 4473/4857/3324 4485/4858/3324 4484/4856/3324 4472/4855/3324
f 4474/4859/3325 4486/4860/3325 4485/4858/3325 4473/4857/3325
f 4475/4861/3326 4487/4862/3326 4486/4860/3326 4474/4859/3326
f 4476/4840/3327 4488/4839/3327 4487/4862/3327 4475/4861/3327
f 4489/4863/3328 4501/4864/3328 4512/4865/3328 4500/4866/3328
f 4490/4867/3329 4502/4868/3329 4501/4869/3329 4489/4870/3329
f 4491/4871/3330 4503/4872/3330 4502/4868/3330 4490/4867/3330
f 4492/4873/3331 4504/4874/3331 4503/4872/3331 4491/4871/3331
f 4493/4875/3332 4505/4876/3332 4504/4874/3332 4492/4873/3332
f 4494/4877/3333 4506/4878/3333 4505/4876/3333 4493/4875/3333
f 4495/4879/3334 4507/4880/3334 4506/4878/3334 4494/4877/3334
f 4496/4881/3335 4508/4882/3335 4507/4880/3335 4495/4879/3335
f 4497/4883/3336 4509/4884/3336 4508/4882/3336 4496/4881/3336
f 4498/4885/3337 4510/4886/3337 4509/4884/3337 4497/4883/3337
f 4499/4887/3338 4511/4888/3338 4510/4886/3338 4498/4885/3338
f 4500/4866/3339 4512/4865/3339 4511/4888/3339 4499/4887/3339
f 4513/4889/3340 4525/4890/3340 4536/4891/3340 4524/4892/3340
f 4514/4893/3341 4526/4894/3341 4525/4895/3341 4513/4896/3341
f 4515/4897/3342 4527/4898/3342 4526/4894/3342 4514/4893/3342
f 4516/4899/3343 4528/4900/3343 4527/4898/3343 4515/4897/3343
f 4517/4901/3344 4529/4902/3344 4528/4900/3344 4516/4899/3344
f 4518/4903/3345 4530/4904/3345 4529/4902/3345 4517/4901/3345
f 4519/4905/3346 4531/4906/3346 4530/4904/3346 4518/4903/3346
f 4520/4907/3347 4532/4908/3347 4531/4906/3347 4519/4905/3347
f 4521/4909/3348 4533/4910/3348 4532/4908/3348 4520/4907/3348
f 4522/4911/3349 4534/4912/3349 4533/4910/3349 4521/4909/3349
f 4523/4913/3350 4535/4914/3350 4534/4912/3350 4522/4911/3350
f 4524/4892/3351 4536/4891/3351 4535/4914/3351 4523/4913/3351
f 4537/4915/3328 4549/4916/3328 4560/4917/3328 4548/4918/3328
f 4538/4919/3329 4550/4920/3329 4549/4921/3329 4537/4922/3329
f 4539/4923/3330 4551/4924/3330 4550/4920/3330 4538/4919/3330
f 4540/4925/3331 4552/4926/3331 4551/4924/3331 4539/4923/3331
f 4541/4927/3332 4553/4928/3332 4552/4926/3332 4540/4925/3332
f 4542/4929/3333 4554/4930/3333 4553/4928/3333 4541/4927/3333
f 4543/4931/3334 4555/4932/3334 4554/4930/3334 4542/4929/3334
f 4544/4933/3335 4556/4934/3335 4555/4932/3335 4543/4931/3335
f 4545/4935/3336 4557/4936/3336 4556/4934/3336 4544/4933/3336
f 4546/4937/3337 4558/4938/3337 4557/4936/3337 4545/4935/3337
f 4547/4939/3338 4559/4940/3338 4558/4938/3338 4546/4937/3338
f 4548/4918/3339 4560/4917/3339 4559/4940/3339 4547/4939/3339
f 4561/4941/3352 4573/4942/3352 4584/4943/3352 4572/4944/3352
f 4562/4945/3353 4574/4946/3353 4573/4947/3353 4561/4948/3353
f 4563/4949/3354 4575/4950/3354 4574/4946/3354 4562/4945/3354
f 4564/4951/3355 4576/4952/3355 4575/4950/3355 4563/4949/3355
f 4565/4953/3356 4577/4954/3356 4576/4952/3356 4564/4951/3356
f 4566/4955/3357 4578/4956/3357 4577/4954/3357 4565/4953/3357
f 4567/4957/3358 4579/4958/3358 4578/4956/3358 4566/4955/3358
f 4568/4959/3359 4580/4960/3359 4579/4958/3359 4567/4957/3359
f 4569/4961/3360 4581/4962/3360 4580/4960/3360 4568/4959/3360
f 4570/4963/3361 4582/4964/3361 4581/4962/3361 4569/4961/3361
f 4571/4965/3362 4583/4966/3362 4582/4964/3362 4570/4963/3362
f 4572/4944/3363 4584/4943/3363 4583/4966/3363 4571/4965/3363
f 4585/4967/3364 4597/4968/3364 4608/4969/3364 4596/4970/3364
f 4586/4971/3365 4598/4972/3365 4597/4973/3365 4585/4974/3365
f 4587/4975/3366 4599/4976/3366 4598/4972/3366 4586/4971/3366
f 4588/4977/3367 4600/4978/3367 4599/4976/3367 4587/4975/3367
f 4589/4979/3368 4601/4980/3368 4600/4978/3368 4588/4977/3368
f 4590/4981/3369 4602/4982/3369 4601/4980/3369 4589/4979/3369
f 4591/4983/3370 4603/4984/3370 4602/4982/3370 4590/4981/3370
f 4592/4985/3371 4604/4986/3371 4603/4984/3371 4591/4983/3371
f 4593/4987/3372 4605/4988/3372 4604/4986/3372 4592/4985/3372
f 4594/4989/3373 4606/4990/3373 4605/4988/3373 4593/4987/3373
f 4595/4991/3374 4607/4992/3374 4606/4990/3374 4594/4989/3374
f 4596/4970/3375 4608/4969/3375 4607/4992/3375 4595/4991/3375
f 4597/4968/3213 4609/4993/3213 4620/4994/3213 4608/4969/3213
f 4598/4972/3212 4610/4995/3212 4609/4996/3212 4597/4973/3212
f 4599/4976/3211 4611/4997/3211 4610/4995/3211 4598/4972/3211
f 4600/4978/3210 4612/4998/3210 4611/4997/3210 4599/4976/3210
f 4601/4980/3209 4613/4999/3209 4612/4998/3209 4600/4978/3209
f 4602/4982/3208 4614/5000/3208 4613/4999/3208 4601/4980/3208
f 4603/4984/3219 4615/5001/3219 4614/5000/3219 4602/4982/3219
f 4604/4986/3218 4616/5002/3218 4615/5001/3218 4603/4984/3218
f 4605/4988/3217 4617/5003/3217 4616/5002/3217 4604/4986/3217
f 4606/4990/3216 4618/5004/3216 4617/5003/3216 4605/4988/3216
f 4607/4992/3215 4619/5005/3215 4618/5004/3215 4606/4990/3215
f 4608/4969/3214 4620/4994/3214 4619/5005/3214 4607/4992/3214
f 4609/4993/3201 4621/5006/3201 4632/5007/3201 4620/4994/3201
f 4610/4995/3200 4622/5008/3200 4621/5009/3200 4609/4996/3200
f 4611/4997/3199 4623/5010/3199 4622/5008/3199 4610/4995/3199
f 4612/4998/3198 4624/5011/3198 4623/5010/3198 4611/4997/3198
f 4613/4999/3197 4625/5012/3197 4624/5011/3197 4612/4998/3197
f 4614/5000/3196 4626/5013/3196 4625/5012/3196 4613/4999/3196
f 4615/5001/3207 4627/5014/3207 4626/5013/3207 4614/5000/3207
f 4616/5002/3206 4628/5015/3206 4627/5014/3206 4615/5001/3206
f 4617/5003/3205 4629/5016/3205 4628/5015/3205 4616/5002/3205
f 4618/5004/3204 4630/5017/3204 4629/5016/3204 4617/5003/3204
f 4619/5005/3203 4631/5018/3203 4630/5017/3203 4618/5004/3203
f 4620/4994/3202 4632/5007/3202 4631/5018/3202 4619/5005/3202
f 4621/5006/3189 4633/5019/3189 4644/5020/3189 4632/5007/3189
f 4622/5008/3376 4634/5021/3376 4633/5022/3376 4621/5009/3376
f 4623/5010/3377 4635/5023/3377 4634/5021/3377 4622/5008/3377
f 4624/5011/3186 4636/5024/3186 4635/5023/3186 4623/5010/3186
f 4625/5012/3185 4637/5025/3185 4636/5024/3185 4624/5011/3185
f 4626/5013/3184 4638/5026/3184 4637/5025/3184 4625/5012/3184
f 4627/5014/3195 4639/5027/3195 4638/5026/3195 4626/5013/3195
f 4628/5015/3194 4640/5028/3194 4639/5027/3194 4627/5014/3194
f 4629/5016/3193 4641/5029/3193 4640/5028/3193 4628/5015/3193
f 4630/5017/3192 4642/5030/3192 4641/5029/3192 4629/5016/3192
f 4631/5018/3378 4643/5031/3378 4642/5030/3378 4630/5017/3378
f 4632/5007/3190 4644/5020/3190 4643/5031/3190 4631/5018/3190
f 4633/5019/3177 4645/5032/3177 4656/5033/3177 4644/5020/3177
f 4634/5021/3176 4646/5034/3176 4645/5035/3176 4633/5022/3176
f 4635/5023/3175 4647/5036/3175 4646/5034/3175 4634/5021/3175
f 4636/5024/3174 4648/5037/3174 4647/5036/3174 4635/5023/3174
f 4637/5025/3173 4649/5038/3173 4648/5037/3173 4636/5024/3173
f 4638/5026/3172 4650/5039/3172 4649/5038/3172 4637/5025/3172
f 4639/5027/3183 4651/5040/3183 4650/5039/3183 4638/5026/3183
f 4640/5028/3182 4652/5041/3182 4651/5040/3182 4639/5027/3182
f 4641/5029/3181 4653/5042/3181 4652/5041/3181 4640/5028/3181
f 4642/5030/3180 4654/5043/3180 4653/5042/3180 4641/5029/3180
f 4643/5031/3179 4655/5044/3179 4654/5043/3179 4642/5030/3179
f 4644/5020/3178 4656/5033/3178 4655/5044/3178 4643/5031/3178
f 4645/5032/3165 4657/5045/3165 4668/5046/3165 4656/5033/3165
f 4646/5034/3164 4658/5047/3164 4657/5048/3164 4645/5035/3164
f 4647/5036/3163 4659/5049/3163 4658/5047/3163 4646/5034/3163
f 4648/5037/3162 4660/5050/3162 4659/5049/3162 4647/5036/3162
f 4649/5038/3161 4661/5051/3161 4660/5050/3161 4648/5037/3161
f 4650/5039/3160 4662/5052/3160 4661/5051/3160 4649/5038/3160
f 4651/5040/3171 4663/5053/3171 4662/5052/3171 4650/5039/3171
f 4652/5041/3170 4664/5054/3170 4663/5053/3170 4651/5040/3170
f 4653/5042/3169 4665/5055/3169 4664/5054/3169 4652/5041/3169
f 4654/5043/3168 4666/5056/3168 4665/5055/3168 4653/5042/3168
f 4655/5044/3167 4667/5057/3167 4666/5056/3167 4654/5043/3167
f 4656/5033/3166 4668/5046/3166 4667/5057/3166 4655/5044/3166
f 4657/5045/3153 4669/5058/3153 4680/5059/3153 4668/5046/3153
f 4658/5047/3152 4670/5060/3152 4669/5061/3152 4657/5048/3152
f 4659/5049/3151 4671/5062/3151 4670/5060/3151 4658/5047/3151
f 4660/5050/3150 4672/5063/3150 4671/5062/3150 4659/5049/3150
f 4661/5051/3149 4673/5064/3149 4672/5063/3149 4660/5050/3149
f 4662/5052/3148 4674/5065/3148 4673/5064/3148 4661/5051/3148
f 4663/5053/3159 4675/5066/3159 4674/5065/3159 4662/5052/3159
f 4664/5054/3158 4676/5067/3158 4675/5066/3158 4663/5053/3158
f 4665/5055/3157 4677/5068/3157 4676/5067/3157 4664/5054/3157
f 4666/5056/3156 4678/5069/3156 4677/5068/3156 4665/5055/3156
f 4667/5057/3155 4679/5070/3155 4678/5069/3155 4666/5056/3155
f 4668/5046/3154 4680/5059/3154 4679/5070/3154 4667/5057/3154
f 4669/5058/3141 4681/5071/3141 4692/5072/3141 4680/5059/3141
f 4670/5060/3140 4682/5073/3140 4681/5074/3140 4669/5061/3140
f 4671/5062/3139 4683/5075/3139 4682/5073/3139 4670/5060/3139
f 4672/5063/3138 4684/5076/3138 4683/5075/3138 4671/5062/3138
f 4673/5064/3137 4685/5077/3137 4684/5076/3137 4672/5063/3137
f 4674/5065/3136 4686/5078/3136 4685/5077/3136 4673/5064/3136
f 4675/5066/3147 4687/5079/3147 4686/5078/3147 4674/5065/3147
f 4676/5067/3146 4688/5080/3146 4687/5079/3146 4675/5066/3146
f 4677/5068/3145 4689/5081/3145 4688/5080/3145 4676/5067/3145
f 4678/5069/3144 4690/5082/3144 4689/5081/3144 4677/5068/3144
f 4679/5070/3143 4691/5083/3143 4690/5082/3143 4678/5069/3143
f 4680/5059/3142 4692/5072/3142 4691/5083/3142 4679/5070/3142
f 4681/5071/3129 4693/5084/3129 4704/5085/3129 4692/5072/3129
f 4682/5073/3128 4694/5086/3128 4693/5087/3128 4681/5074/3128
f 4683/5075/3127 4695/5088/3127 4694/5086/3127 4682/5073/3127
f 4684/5076/3126 4696/5089/3126 4695/5088/3126 4683/5075/3126
f 4685/5077/3125 4697/5090/3125 4696/5089/3125 4684/5076/3125
f 4686/5078/3124 4698/5091/3124 4697/5090/3124 4685/5077/3124
f 4687/5079/3135 4699/5092/3135 4698/5091/3135 4686/5078/3135
f 4688/5080/3134 4700/5093/3134 4699/5092/3134 4687/5079/3134
f 4689/5081/3133 4701/5094/3133 4700/5093/3133 4688/5080/3133
f 4690/5082/3132 4702/5095/3132 4701/5094/3132 4689/5081/3132
f 4691/5083/3131 4703/5096/3131 4702/5095/3131 4690/5082/3131
f 4692/5072/3130 4704/5085/3130 4703/5096/3130 4691/5083/3130
f 4693/5084/3117 4705/5097/3117 4716/5098/3117 4704/5085/3117
f 4694/5086/3116 4706/5099/3116 4705/5100/3116 4693/5087/3116
f 4695/5088/3115 4707/5101/3115 4706/5099/3115 4694/5086/3115
f 4696/5089/3114 4708/5102/3114 4707/5101/3114 4695/5088/3114
f 4697/5090/3113 4709/5103/3113 4708/5102/3113 4696/5089/3113
f 4698/5091/3112 4710/5104/3112 4709/5103/3112 4697/5090/3112
f 4699/5092/3123 4711/5105/3123 4710/5104/3123 4698/5091/3123
f 4700/5093/3122 4712/5106/3122 4711/5105/3122 4699/5092/3122
f 4701/5094/3121 4713/5107/3121 4712/5106/3121 4700/5093/3121
f 4702/5095/3120 4714/5108/3120 4713/5107/3120 4701/5094/3120
f 4703/5096/3119 4715/5109/3119 4714/5108/3119 4702/5095/3119
f 4704/5085/3118 4716/5098/3118 4715/5109/3118 4703/5096/3118
f 4705/5097/3105 4717/5110/3105 4728/5111/3105 4716/5098/3105
f 4706/5099/3104 4718/5112/3104 4717/5113/3104 4705/5100/3104
f 4707/5101/3103 4719/5114/3103 4718/5112/3103 4706/5099/3103
f 4708/5102/3102 4720/5115/3102 4719/5114/3102 4707/5101/3102
f 4709/5103/3101 4721/5116/3101 4720/5115/3101 4708/5102/3101
f 4710/5104/3100 4722/5117/3100 4721/5116/3100 4709/5103/3100
f 4711/5105/3111 4723/5118/3111 4722/5117/3111 4710/5104/3111
f 4712/5106/3110 4724/5119/3110 4723/5118/3110 4711/5105/3110
f 4713/5107/3109 4725/5120/3109 4724/5119/3109 4712/5106/3109
f 4714/5108/3108 4726/5121/3108 4725/5120/3108 4713/5107/3108
f 4715/5109/3107 4727/5122/3107 4726/5121/3107 4714/5108/3107
f 4716/5098/3106 4728/5111/3106 4727/5122/3106 4715/5109/3106
f 4717/5110/3379 4729/5123/3379 4740/5124/3379 4728/5111/3379
f 4718/5112/3380 4730/5125/3380 4729/5126/3380 4717/5113/3380
f 4719/5114/3381 4731/5127/3381 4730/5125/3381 4718/5112/3381
f 4720/5115/3382 4732/5128/3382 4731/5127/3382 4719/5114/3382
f 4721/5116/3383 4733/5129/3383 4732/5128/3383 4720/5115/3383
f 4722/5117/3384 4734/5130/3384 4733/5129/3384 4721/5116/3384
f 4723/5118/3385 4735/5131/3385 4734/5130/3385 4722/5117/3385
f 4724/5119/3386 4736/5132/3386 4735/5131/3386 4723/5118/3386
f 4725/5120/3387 4737/5133/3387 4736/5132/3387 4724/5119/3387
f 4726/5121/3388 4738/5134/3388 4737/5133/3388 4725/5120/3388
f 4727/5122/3389 4739/5135/3389 4738/5134/3389 4726/5121/3389
f 4728/5111/3390 4740/5124/3390 4739/5135/3390 4727/5122/3390
f 4729/5123/3391 4741/5136/3391 4752/5137/3391 4740/5124/3391
f 4730/5125/3392 4742/5138/3392 4741/5139/3392 4729/5126/3392
f 4731/5127/3393 4743/5140/3393 4742/5138/3393 4730/5125/3393
f 4732/5128/3394 4744/5141/3394 4743/5140/3394 4731/5127/3394
f 4733/5129/3395 4745/5142/3395 4744/5141/3395 4732/5128/3395
f 4734/5130/3396 4746/5143/3396 4745/5142/3396 4733/5129/3396
f 4735/5131/3397 4747/5144/3397 4746/5143/3397 4734/5130/3397
f 4736/5132/3398 4748/5145/3398 4747/5144/3398 4735/5131/3398
f 4737/5133/3399 4749/5146/3399 4748/5145/3399 4736/5132/3399
f 4738/5134/3400 4750/5147/3400 4749/5146/3400 4737/5133/3400
f 4739/5135/3401 4751/5148/3401 4750/5147/3401 4738/5134/3401
f 4740/5124/3402 4752/5137/3402 4751/5148/3402 4739/5135/3402
f 4741/5136/3403 4753/5149/3403 4764/5150/3403 4752/5137/3403
f 4742/5138/3404 4754/5151/3404 4753/5152/3404 4741/5139/3404
f 4743/5140/3405 4755/5153/3405 4754/5151/3405 4742/5138/3405
f 4744/5141/3406 4756/5154/3406 4755/5153/3406 4743/5140/3406
f 4745/5142/3407 4757/5155/3407 4756/5154/3407 4744/5141/3407
f 4746/5143/3408 4758/5156/3408 4757/5155/3408 4745/5142/3408
f 4747/5144/3409 4759/5157/3409 4758/5156/3409 4746/5143/3409
f 4748/5145/3410 4760/5158/3410 4759/5157/3410 4747/5144/3410
f 4749/5146/3411 4761/5159/3411 4760/5158/3411 4748/5145/3411
f 4750/5147/3412 4762/5160/3412 4761/5159/3412 4749/5146/3412
f 4751/5148/3413 4763/5161/3413 4762/5160/3413 4750/5147/3413
f 4752/5137/3414 4764/5150/3414 4763/5161/3414 4751/5148/3414
f 4753/5149/3415 4765/5162/3415 4776/5163/3415 4764/5150/3415
f 4754/5151/3416 4766/5164/3416 4765/5165/3416 4753/5152/3416
f 4755/5153/3417 4767/5166/3417 4766/5164/3417 4754/5151/3417
f 4756/5154/3418 4768/5167/3418 4767/5166/3418 4755/5153/3418
f 4757/5155/3419 4769/5168/3419 4768/5167/3419 4756/5154/3419
f 4758/5156/3420 4770/5169/3420 4769/5168/3420 4757/5155/3420
f 4759/5157/3421 4771/5170/3421 4770/5169/3421 4758/5156/3421
f 4760/5158/3422 4772/5171/3422 4771/5170/3422 4759/5157/3422
f 4761/5159/3423 4773/5172/3423 4772/5171/3423 4760/5158/3423
f 4762/5160/3424 4774/5173/3424 4773/5172/3424 4761/5159/3424
f 4763/5161/3425 4775/5174/3425 4774/5173/3425 4762/5160/3425
f 4764/5150/3426 4776/5163/3426 4775/5174/3426 4763/5161/3426
f 4765/5162/3427 4777/5175/3427 4788/5176/3427 4776/5163/3427
f 4766/5164/3428 4778/5177/3428 4777/5178/3428 4765/5165/3428
f 4767/5166/3429 4779/5179/3429 4778/5177/3429 4766/5164/3429
f 4768/5167/3430 4780/5180/3430 4779/5179/3430 4767/5166/3430
f 4769/5168/3431 4781/5181/3431 4780/5180/3431 4768/5167/3431
f 4770/5169/3432 4782/5182/3432 4781/5181/3432 4769/5168/3432
f 4771/5170/3433 4783/5183/3433 4782/5182/3433 4770/5169/3433
f 4772/5171/3434 4784/5184/3434 4783/5183/3434 4771/5170/3434
f 4773/5172/3435 4785/5185/3435 4784/5184/3435 4772/5171/3435
f 4774/5173/3436 4786/5186/3436 4785/5185/3436 4773/5172/3436
f 4775/5174/3437 4787/5187/3437 4786/5186/3437 4774/5173/3437
f 4776/5163/3438 4788/5176/3438 4787/5187/3438 4775/5174/3438
f 4777/5175/3439 4789/5188/3439 4800/5189/3439 4788/5176/3439
f 4778/5177/3440 4790/5190/3440 4789/5191/3440 4777/5178/3440
f 4779/5179/3441 4791/5192/3441 4790/5190/3441 4778/5177/3441
f 4780/5180/3442 4792/5193/3442 4791/5192/3442 4779/5179/3442
f 4781/5181/3443 4793/5194/3443 4792/5193/3443 4780/5180/3443
f 4782/5182/3444 4794/5195/3444 4793/5194/3444 4781/5181/3444
f 4783/5183/3445 4795/5196/3445 4794/5195/3445 4782/5182/3445
f 4784/5184/3446 4796/5197/3446 4795/5196/3446 4783/5183/3446
f 4785/5185/3447 4797/5198/3447 4796/5197/3447 4784/5184/3447
f 4786/5186/3448 4798/5199/3448 4797/5198/3448 4785/5185/3448
f 4787/5187/3449 4799/5200/3449 4798/5199/3449 4786/5186/3449
f 4788/5176/3450 4800/5189/3450 4799/5200/3450 4787/5187/3450
f 4789/5188/3451 4801/5201/3451 4812/5202/3451 4800/5189/3451
f 4790/5190/3452 4802/5203/3452 4801/5204/3452 4789/5191/3452
f 4791/5192/3453 4803/5205/3453 4802/5203/3453 4790/5190/3453
f 4792/5193/3454 4804/5206/3454 4803/5205/3454 4791/5192/3454
f 4793/5194/3455 4805/5207/3455 4804/5206/3455 4792/5193/3455
f 4794/5195/3456 4806/5208/3456 4805/5207/3456 4793/5194/3456
f 4795/5196/3457 4807/5209/3457 4806/5208/3457 4794/5195/3457
f 4796/5197/3458 4808/5210/3458 4807/5209/3458 4795/5196/3458
f 4797/5198/3459 4809/5211/3459 4808/5210/3459 4796/5197/3459
f 4798/5199/3460 4810/5212/3460 4809/5211/3460 4797/5198/3460
f 4799/5200/3461 4811/5213/3461 4810/5212/3461 4798/5199/3461
f 4800/5189/3462 4812/5202/3462 4811/5213/3462 4799/5200/3462
f 4813/5214/3463 4825/5215/3463 4836/5216/3463 4824/5217/3463
f 4814/5218/3464 4826/5219/3464 4825/5220/3464 4813/5221/3464
f 4815/5222/3465 4827/5223/3465 4826/5219/3465 4814/5218/3465
f 4816/5224/3466 4828/5225/3466 4827/5223/3466 4815/5222/3466
f 4817/5226/3467 4829/5227/3467 4828/5225/3467 4816/5224/3467
f 4818/5228/3468 4830/5229/3468 4829/5227/3468 4817/5226/3468
f 4819/5230/3469 4831/5231/3469 4830/5229/3469 4818/5228/3469
f 4820/5232/3470 4832/5233/3470 4831/5231/3470 4819/5230/3470
f 4821/5234/3471 4833/5235/3471 4832/5233/3471 4820/5232/3471
f 4822/5236/3472 4834/5237/3472 4833/5235/3472 4821/5234/3472
f 4823/5238/3473 4835/5239/3473 4834/5237/3473 4822/5236/3473
f 4824/5217/3474 4836/5216/3474 4835/5239/3474 4823/5238/3474
f 4825/5215/3475 4837/5240/3475 4848/5241/3475 4836/5216/3475
f 4826/5219/3476 4838/5242/3476 4837/5243/3476 4825/5220/3476
f 4827/5223/3477 4839/5244/3477 4838/5242/3477 4826/5219/3477
f 4828/5225/3478 4840/5245/3478 4839/5244/3478 4827/5223/3478
f 4829/5227/3479 4841/5246/3479 4840/5245/3479 4828/5225/3479
f 4830/5229/3480 4842/5247/3480 4841/5246/3480 4829/5227/3480
f 4831/5231/3481 4843/5248/3481 4842/5247/3481 4830/5229/3481
f 4832/5233/3482 4844/5249/3482 4843/5248/3482 4831/5231/3482
f 4833/5235/3483 4845/5250/3483 4844/5249/3483 4832/5233/3483
f 4834/5237/3484 4846/5251/3484 4845/5250/3484 4833/5235/3484
f 4835/5239/3485 4847/5252/3485 4846/5251/3485 4834/5237/3485
f 4836/5216/3486 4848/5241/3486 4847/5252/3486 4835/5239/3486
f 4837/5240/3487 4849/5253/3487 4860/5254/3487 4848/5241/3487
f 4838/5242/3488 4850/5255/3488 4849/5256/3488 4837/5243/3488
f 4839/5244/3489 4851/5257/3489 4850/5255/3489 4838/5242/3489
f 4840/5245/3490 4852/5258/3490 4851/5257/3490 4839/5244/3490
f 4841/5246/3491 4853/5259/3491 4852/5258/3491 4840/5245/3491
f 4842/5247/3492 4854/5260/3492 4853/5259/3492 4841/5246/3492
f 4843/5248/3493 4855/5261/3493 4854/5260/3493 4842/5247/3493
f 4844/5249/3494 4856/5262/3494 4855/5261/3494 4843/5248/3494
f 4845/5250/3495 4857/5263/3495 4856/5262/3495 4844/5249/3495
f 4846/5251/3496 4858/5264/3496 4857/5263/3496 4845/5250/3496
f 4847/5252/3497 4859/5265/3497 4858/5264/3497 4846/5251/3497
f 4848/5241/3498 4860/5254/3498 4859/5265/3498 4847/5252/3498
f 4849/5253/3499 4861/5266/3499 4872/5267/3499 4860/5254/3499
f 4850/5255/3500 4862/5268/3500 4861/5269/3500 4849/5256/3500
f 4851/5257/3501 4863/5270/3501 4862/5268/3501 4850/5255/3501
f 4852/5258/3502 4864/5271/3502 4863/5270/3502 4851/5257/3502
f 4853/5259/3503 4865/5272/3503 4864/5271/3503 4852/5258/3503
f 4854/5260/3504 4866/5273/3504 4865/5272/3504 4853/5259/3504
f 4855/5261/3505 4867/5274/3505 4866/5273/3505 4854/5260/3505
f 4856/5262/3506 4868/5275/3506 4867/5274/3506 4855/5261/3506
f 4857/5263/3507 4869/5276/3507 4868/5275/3507 4856/5262/3507
f 4858/5264/3508 4870/5277/3508 4869/5276/3508 4857/5263/3508
f 4859/5265/3509 4871/5278/3509 4870/5277/3509 4858/5264/3509
f 4860/5254/3510 4872/5267/3510 4871/5278/3510 4859/5265/3510
f 4861/5266/3511 4873/5279/3511 4884/5280/3511 4872/5267/3511
f 4862/5268/3512 4874/5281/3512 4873/5282/3512 4861/5269/3512
f 4863/5270/3513 4875/5283/3513 4874/5281/3513 4862/5268/3513
f 4864/5271/3514 4876/5284/3514 4875/5283/3514 4863/5270/3514
f 4865/5272/3515 4877/5285/3515 4876/5284/3515 4864/5271/3515
f 4866/5273/3516 4878/5286/3516 4877/5285/3516 4865/5272/3516
f 4867/5274/3517 4879/5287/3517 4878/5286/3517 4866/5273/3517
f 4868/5275/3518 4880/5288/3518 4879/5287/3518 4867/5274/3518
f 4869/5276/3519 4881/5289/3519 4880/5288/3519 4868/5275/3519
f 4870/5277/3520 4882/5290/3520 4881/5289/3520 4869/5276/3520
f 4871/5278/3521 4883/5291/3521 4882/5290/3521 4870/5277/3521
f 4872/5267/3522 4884/5280/3522 4883/5291/3522 4871/5278/3522
f 4873/5279/3523 4885/5292/3523 4896/5293/3523 4884/5280/3523
f 4874/5281/3524 4886/5294/3524 4885/5295/3524 4873/5282/3524
f 4875/5283/3525 4887/5296/3525 4886/5294/3525 4874/5281/3525
f 4876/5284/3526 4888/5297/3526 4887/5296/3526 4875/5283/3526
f 4877/5285/3527 4889/5298/3527 4888/5297/3527 4876/5284/3527
f 4878/5286/3528 4890/5299/3528 4889/5298/3528 4877/5285/3528
f 4879/5287/3529 4891/5300/3529 4890/5299/3529 4878/5286/3529
f 4880/5288/3530 4892/5301/3530 4891/5300/3530 4879/5287/3530
f 4881/5289/3531 4893/5302/3531 4892/5301/3531 4880/5288/3531
f 4882/5290/3532 4894/5303/3532 4893/5302/3532 4881/5289/3532
f 4883/5291/3533 4895/5304/3533 4894/5303/3533 4882/5290/3533
f 4884/5280/3534 4896/5293/3534 4895/5304/3534 4883/5291/3534
f 4885/5292/3535 4897/5305/3535 4908/5306/3535 4896/5293/3535
f 4886/5294/3536 4898/5307/3536 4897/5308/3536 4885/5295/3536
f 4887/5296/3537 4899/5309/3537 4898/5307/3537 4886/5294/3537
f 4888/5297/3538 4900/5310/3538 4899/5309/3538 4887/5296/3538
f 4889/5298/3539 4901/5311/3539 4900/5310/3539 4888/5297/3539
f 4890/5299/3540 4902/5312/3540 4901/5311/3540 4889/5298/3540
f 4891/5300/3541 4903/5313/3541 4902/5312/3541 4890/5299/3541
f 4892/5301/3542 4904/5314/3542 4903/5313/3542 4891/5300/3542
f 4893/5302/3543 4905/5315/3543 4904/5314/3543 4892/5301/3543
f 4894/5303/3544 4906/5316/3544 4905/5315/3544 4893/5302/3544
f 4895/5304/3545 4907/5317/3545 4906/5316/3545 4894/5303/3545
f 4896/5293/3546 4908/5306/3546 4907/5317/3546 4895/5304/3546
f 4897/5305/3547 4909/5318/3547 4920/5319/3547 4908/5306/3547
f 4898/5307/3548 4910/5320/3548 4909/5321/3548 4897/5308/3548
f 4899/5309/3549 4911/5322/3549 4910/5320/3549 4898/5307/3549
f 4900/5310/3550 4912/5323/3550 4911/5322/3550 4899/5309/3550
f 4901/5311/3551 4913/5324/3551 4912/5323/3551 4900/5310/3551
f 4902/5312/3552 4914/5325/3552 4913/5324/3552 4901/5311/3552
f 4903/5313/3553 4915/5326/3553 4914/5325/3553 4902/5312/3553
f 4904/5314/3554 4916/5327/3554 4915/5326/3554 4903/5313/3554
f 4905/5315/3555 4917/5328/3555 4916/5327/3555 4904/5314/3555
f 4906/5316/3556 4918/5329/3556 4917/5328/3556 4905/5315/3556
f 4907/5317/3557 4919/5330/3557 4918/5329/3557 4906/5316/3557
f 4908/5306/3558 4920/5319/3558 4919/5330/3558 4907/5317/3558
f 4909/5318/3559 4921/5331/3559 4932/5332/3559 4920/5319/3559
f 4910/5320/3560 4922/5333/3560 4921/5334/3560 4909/5321/3560
f 4911/5322/3561 4923/5335/3561 4922/5333/3561 4910/5320/3561
f 4912/5323/3562 4924/5336/3562 4923/5335/3562 4911/5322/3562
f 4913/5324/3563 4925/5337/3563 4924/5336/3563 4912/5323/3563
f 4914/5325/3564 4926/5338/3564 4925/5337/3564 4913/5324/3564
f 4915/5326/3565 4927/5339/3565 4926/5338/3565 4914/5325/3565
f 4916/5327/3566 4928/5340/3566 4927/5339/3566 4915/5326/3566
f 4917/5328/3567 4929/5341/3567 4928/5340/3567 4916/5327/3567
f 4918/5329/3568 4930/5342/3568 4929/5341/3568 4917/5328/3568
f 4919/5330/3569 4931/5343/3569 4930/5342/3569 4918/5329/3569
f 4920/5319/3570 4932/5332/3570 4931/5343/3570 4919/5330/3570
f 4921/5331/3571 4933/5344/3571 4944/5345/3571 4932/5332/3571
f 4922/5333/3572 4934/5346/3572 4933/5347/3572 4921/5334/3572
f 4923/5335/3573 4935/5348/3573 4934/5346/3573 4922/5333/3573
f 4924/5336/3574 4936/5349/3574 4935/5348/3574 4923/5335/3574
f 4925/5337/3575 4937/5350/3575 4936/5349/3575 4924/5336/3575
f 4926/5338/3576 4938/5351/3576 4937/5350/3576 4925/5337/3576
f 4927/5339/3577 4939/5352/3577 4938/5351/3577 4926/5338/3577
f 4928/5340/3578 4940/5353/3578 4939/5352/3578 4927/5339/3578
f 4929/5341/3579 4941/5354/3579 4940/5353/3579 4928/5340/3579
f 4930/5342/3580 4942/5355/3580 4941/5354/3580 4929/5341/3580
f 4931/5343/3581 4943/5356/3581 4942/5355/3581 4930/5342/3581
f 4932/5332/3582 4944/5345/3582 4943/5356/3582 4931/5343/3582
f 4933/5344/3583 4945/5357/3583 4956/5358/3583 4944/5345/3583
f 4934/5346/3584 4946/5359/3584 4945/5360/3584 4933/5347/3584
f 4935/5348/3585 4947/5361/3585 4946/5359/3585 4934/5346/3585
f 4936/5349/3586 4948/5362/3586 4947/5361/3586 4935/5348/3586
f 4937/5350/3587 4949/5363/3587 4948/5362/3587 4936/5349/3587
f 4938/5351/3588 4950/5364/3588 4949/5363/3588 4937/5350/3588
f 4939/5352/3589 4951/5365/3589 4950/5364/3589 4938/5351/3589
f 4940/5353/3590 4952/5366/3590 4951/5365/3590 4939/5352/3590
f 4941/5354/3591 4953/5367/3591 4952/5366/3591 4940/5353/3591
f 4942/5355/3592 4954/5368/3592 4953/5367/3592 4941/5354/3592
f 4943/5356/3593 4955/5369/3593 4954/5368/3593 4942/5355/3593
f 4944/5345/3594 4956/5358/3594 4955/5369/3594 4943/5356/3594
f 4945/5357/3595 4957/5370/3595 4968/5371/3595 4956/5358/3595
f 4946/5359/3596 4958/5372/3596 4957/5373/3596 4945/5360/3596
f 4947/5361/3597 4959/5374/3597 4958/5372/3597 4946/5359/3597
f 4948/5362/3598 4960/5375/3598 4959/5374/3598 4947/5361/3598
f 4949/5363/3599 4961/5376/3599 4960/5375/3599 4948/5362/3599
f 4950/5364/3600 4962/5377/3600 4961/5376/3600 4949/5363/3600
f 4951/5365/3601 4963/5378/3601 4962/5377/3601 4950/5364/3601
f 4952/5366/3602 4964/5379/3602 4963/5378/3602 4951/5365/3602
f 4953/5367/3603 4965/5380/3603 4964/5379/3603 4952/5366/3603
f 4954/5368/3604 4966/5381/3604 4965/5380/3604 4953/5367/3604
f 4955/5369/3605 4967/5382/3605 4966/5381/3605 4954/5368/3605
f 4956/5358/3606 4968/5371/3606 4967/5382/3606 4955/5369/3606
f 4969/5383/3607 4981/5384/3607 4992/5385/3607 4980/5386/3607
f 4970/5387/3608 4982/5388/3608 4981/5389/3608 4969/5390/3608
f 4971/5391/3609 4983/5392/3609 4982/5388/3609 4970/5387/3609
f 4972/5393/3610 4984/5394/3610 4983/5392/3610 4971/5391/3610
f 4973/5395/3611 4985/5396/3611 4984/5394/3611 4972/5393/3611
f 4974/5397/3612 4986/5398/3612 4985/5396/3612 4973/5395/3612
f 4975/5399/3613 4987/5400/3613 4986/5398/3613 4974/5397/3613
f 4976/5401/3614 4988/5402/3614 4987/5400/3614 4975/5399/3614
f 4977/5403/3615 4989/5404/3615 4988/5402/3615 4976/5401/3615
f 4978/5405/3616 4990/5406/3616 4989/5404/3616 4977/5403/3616
f 4979/5407/3617 4991/5408/3617 4990/5406/3617 4978/5405/3617
f 4980/5386/3618 4992/5385/3618 4991/5408/3618 4979/5407/3618
f 4981/5384/3619 4993/5409/3619 5004/5410/3619 4992/5385/3619
f 4982/5388/3620 4994/5411/3620 4993/5412/3620 4981/5389/3620
f 4983/5392/3621 4995/5413/3621 4994/5411/3621 4982/5388/3621
f 4984/5394/3622 4996/5414/3622 4995/5413/3622 4983/5392/3622
f 4985/5396/3623 4997/5415/3623 4996/5414/3623 4984/5394/3623
f 4986/5398/3624 4998/5416/3624 4997/5415/3624 4985/5396/3624
f 4987/5400/3625 4999/5417/3625 4998/5416/3625 4986/5398/3625
f 4988/5402/3626 5000/5418/3626 4999/5417/3626 4987/5400/3626
f 4989/5404/3627 5001/5419/3627 5000/5418/3627 4988/5402/3627
f 4990/5406/3628 5002/5420/3628 5001/5419/3628 4989/5404/3628
f 4991/5408/3629 5003/5421/3629 5002/5420/3629 4990/5406/3629
f 4992/5385/3630 5004/5410/3630 5003/5421/3630 4991/5408/3630
f 4993/5409/3631 5005/5422/3631 5016/5423/3631 5004/5410/3631
f 4994/5411/3632 5006/5424/3632 5005/5425/3632 4993/5412/3632
f 4995/5413/3633 5007/5426/3633 5006/5424/3633 4994/5411/3633
f 4996/5414/3634 5008/5427/3634 5007/5426/3634 4995/5413/3634
f 4997/5415/3635 5009/5428/3635 5008/5427/3635 4996/5414/3635
f 4998/5416/3636 5010/5429/3636 5009/5428/3636 4997/5415/3636
f 4999/5417/3637 5011/5430/3637 5010/5429/3637 4998/5416/3637
f 5000/5418/3638 5012/5431/3638 5011/5430/3638 4999/5417/3638
f 5001/5419/3639 5013/5432/3639 5012/5431/3639 5000/5418/3639
f 5002/5420/3640 5014/5433/3640 5013/5432/3640 5001/5419/3640
f 5003/5421/3641 5015/5434/3641 5014/5433/3641 5002/5420/3641
f 5004/5410/3642 5016/5423/3642 5015/5434/3642 5003/5421/3642
f 5005/5422/3643 5017/5435/3643 5028/5436/3643 5016/5423/3643
f 5006/5424/3644 5018/5437/3644 5017/5438/3644 5005/5425/3644
f 5007/5426/3645 5019/5439/3645 5018/5437/3645 5006/5424/3645
f 5008/5427/3646 5020/5440/3646 5019/5439/3646 5007/5426/3646
f 5009/5428/3647 5021/5441/3647 5020/5440/3647 5008/5427/3647
f 5010/5429/3648 5022/5442/3648 5021/5441/3648 5009/5428/3648
f 5011/5430/3649 5023/5443/3649 5022/5442/3649 5010/5429/3649
f 5012/5431/3650 5024/5444/3650 5023/5443/3650 5011/5430/3650
f 5013/5432/3651 5025/5445/3651 5024/5444/3651 5012/5431/3651
f 5014/5433/3652 5026/5446/3652 5025/5445/3652 5013/5432/3652
f 5015/5434/3653 5027/5447/3653 5026/5446/3653 5014/5433/3653
f 5016/5423/3654 5028/5436/3654 5027/5447/3654 5015/5434/3654
f 5017/5435/3655 5029/5448/3655 5040/5449/3655 5028/5436/3655
f 5018/5437/3656 5030/5450/3656 5029/5451/3656 5017/5438/3656
f 5019/5439/3657 5031/5452/3657 5030/5450/3657 5018/5437/3657
f 5020/5440/3658 5032/5453/3658 5031/5452/3658 5019/5439/3658
f 5021/5441/3659 5033/5454/3659 5032/5453/3659 5020/5440/3659
f 5022/5442/3660 5034/5455/3660 5033/5454/3660 5021/5441/3660
f 5023/5443/3661 5035/5456/3661 5034/5455/3661 5022/5442/3661
f 5024/5444/3662 5036/5457/3662 5035/5456/3662 5023/5443/3662
f 5025/5445/3663 5037/5458/3663 5036/5457/3663 5024/5444/3663
f 5026/5446/3664 5038/5459/3664 5037/5458/3664 5025/5445/3664
f 5027/5447/3665 5039/5460/3665 5038/5459/3665 5026/5446/3665
f 5028/5436/3666 5040/5449/3666 5039/5460/3666 5027/5447/3666
f 5029/5448/3667 5041/5461/3667 5052/5462/3667 5040/5449/3667
f 5030/5450/3668 5042/5463/3668 5041/5464/3668 5029/5451/3668
f 5031/5452/3669 5043/5465/3669 5042/5463/3669 5030/5450/3669
f 5032/5453/3670 5044/5466/3670 5043/5465/3670 5031/5452/3670
f 5033/5454/3671 5045/5467/3671 5044/5466/3671 5032/5453/3671
f 5034/5455/3672 5046/5468/3672 5045/5467/3672 5033/5454/3672
f 5035/5456/3673 5047/5469/3673 5046/5468/3673 5034/5455/3673
f 5036/5457/3674 5048/5470/3674 5047/5469/3674 5035/5456/3674
f 5037/5458/3675 5049/5471/3675 5048/5470/3675 5036/5457/3675
f 5038/5459/3676 5050/5472/3676 5049/5471/3676 5037/5458/3676
f 5039/5460/3677 5051/5473/3677 5050/5472/3677 5038/5459/3677
f 5040/5449/3678 5052/5462/3678 5051/5473/3678 5039/5460/3678
f 5041/5461/3679 5053/5474/3679 5064/5475/3679 5052/5462/3679
f 5042/5463/3680 5054/5476/3680 5053/5477/3680 5041/5464/3680
f 5043/5465/3681 5055/5478/3681 5054/5476/3681 5042/5463/3681
f 5044/5466/3682 5056/5479/3682 5055/5478/3682 5043/5465/3682
f 5045/5467/3683 5057/5480/3683 5056/5479/3683 5044/5466/3683
f 5046/5468/3684 5058/5481/3684 5057/5480/3684 5045/5467/3684
f 5047/5469/3685 5059/5482/3685 5058/5481/3685 5046/5468/3685
f 5048/5470/3686 5060/5483/3686 5059/5482/3686 5047/5469/3686
f 5049/5471/3687 5061/5484/3687 5060/5483/3687 5048/5470/3687
f 5050/5472/3688 5062/5485/3688 5061/5484/3688 5049/5471/3688
f 5051/5473/3689 5063/5486/3689 5062/5485/3689 5050/5472/3689
f 5052/5462/3690 5064/5475/3690 5063/5486/3690 5051/5473/3690
f 5053/5474/3691 5065/5487/3691 5076/5488/3691 5064/5475/3691
f 5054/5476/3692 5066/5489/3692 5065/5490/3692 5053/5477/3692
f 5055/5478/3693 5067/5491/3693 5066/5489/3693 5054/5476/3693
f 5056/5479/3694 5068/5492/3694 5067/5491/3694 5055/5478/3694
f 5057/5480/3695 5069/5493/3695 5068/5492/3695 5056/5479/3695
f 5058/5481/3696 5070/5494/3696 5069/5493/3696 5057/5480/3696
f 5059/5482/3697 5071/5495/3697 5070/5494/3697 5058/5481/3697
f 5060/5483/3698 5072/5496/3698 5071/5495/3698 5059/5482/3698
f 5061/5484/3699 5073/5497/3699 5072/5496/3699 5060/5483/3699
f 5062/5485/3700 5074/5498/3700 5073/5497/3700 5061/5484/3700
f 5063/5486/3701 5075/5499/3701 5074/5498/3701 5062/5485/3701
f 5064/5475/3702 5076/5488/3702 5075/5499/3702 5063/5486/3702
f 5065/5487/3703 5077/5500/3703 5088/5501/3703 5076/5488/3703
f 5066/5489/3704 5078/5502/3704 5077/5503/3704 5065/5490/3704
f 5067/5491/3705 5079/5504/3705 5078/5502/3705 5066/5489/3705
f 5068/5492/3706 5080/5505/3706 5079/5504/3706 5067/5491/3706
f 5069/5493/3707 5081/5506/3707 5080/5505/3707 5068/5492/3707
f 5070/5494/3708 5082/5507/3708 5081/5506/3708 5069/5493/3708
f 5071/5495/3709 5083/5508/3709 5082/5507/3709 5070/5494/3709
f 5072/5496/3710 5084/5509/3710 5083/5508/3710 5071/5495/3710
f 5073/5497/3711 5085/5510/3711 5084/5509/3711 5072/5496/3711
f 5074/5498/3712 5086/5511/3712 5085/5510/3712 5073/5497/3712
f 5075/5499/3713 5087/5512/3713 5086/5511/3713 5074/5498/3713
f 5076/5488/3714 5088/5501/3714 5087/5512/3714 5075/5499/3714
f 5077/5500/3715 5089/5513/3715 5100/5514/3715 5088/5501/3715
f 5078/5502/3716 5090/5515/3716 5089/5516/3716 5077/5503/3716
f 5079/5504/3717 5091/5517/3717 5090/5515/3717 5078/5502/3717
f 5080/5505/3718 5092/5518/3718 5091/5517/3718 5079/5504/3718
f 5081/5506/3719 5093/5519/3719 5092/5518/3719 5080/5505/3719
f 5082/5507/3720 5094/5520/3720 5093/5519/3720 5081/5506/3720
f 5083/5508/3721 5095/5521/3721 5094/5520/3721 5082/5507/3721
f 5084/5509/3722 5096/5522/3722 5095/5521/3722 5083/5508/3722
f 5085/5510/3723 5097/5523/3723 5096/5522/3723 5084/5509/3723
f 5086/5511/3724 5098/5524/3724 5097/5523/3724 5085/5510/3724
f 5087/5512/3725 5099/5525/3725 5098/5524/3725 5086/5511/3725
f 5088/5501/3726 5100/5514/3726 5099/5525/3726 5087/5512/3726
f 5089/5513/3727 5101/5526/3727 5112/5527/3727 5100/5514/3727
f 5090/5515/3728 5102/5528/3728 5101/5529/3728 5089/5516/3728
f 5091/5517/3729 5103/5530/3729 5102/5528/3729 5090/5515/3729
f 5092/5518/3730 5104/5531/3730 5103/5530/3730 5091/5517/3730
f 5093/5519/3731 5105/5532/3731 5104/5531/3731 5092/5518/3731
f 5094/5520/3732 5106/5533/3732 5105/5532/3732 5093/5519/3732
f 5095/5521/3733 5107/5534/3733 5106/5533/3733 5094/5520/3733
f 5096/5522/3734 5108/5535/3734 5107/5534/3734 5095/5521/3734
f 5097/5523/3735 5109/5536/3735 5108/5535/3735 5096/5522/3735
f 5098/5524/3736 5110/5537/3736 5109/5536/3736 5097/5523/3736
f 5099/5525/3737 5111/5538/3737 5110/5537/3737 5098/5524/3737
f 5100/5514/3738 5112/5527/3738 5111/5538/3738 5099/5525/3738
f 5101/5526/3739 5113/5539/3739 5124/5540/3739 5112/5527/3739
f 5102/5528/3740 5114/5541/3740 5113/5542/3740 5101/5529/3740
f 5103/5530/3741 5115/5543/3741 5114/5541/3741 5102/5528/3741
f 5104/5531/3742 5116/5544/3742 5115/5543/3742 5103/5530/3742
f 5105/5532/3743 5117/5545/3743 5116/5544/3743 5104/5531/3743
f 5106/5533/3744 5118/5546/3744 5117/5545/3744 5105/5532/3744
f 5107/5534/3745 5119/5547/3745 5118/5546/3745 5106/5533/3745
f 5108/5535/3746 5120/5548/3746 5119/5547/3746 5107/5534/3746
f 5109/5536/3747 5121/5549/3747 5120/5548/3747 5108/5535/3747
f 5110/5537/3748 5122/5550/3748 5121/5549/3748 5109/5536/3748
f 5111/5538/3749 5123/5551/3749 5122/5550/3749 5110/5537/3749
f 5112/5527/3750 5124/5540/3750 5123/5551/3750 5111/5538/3750
f 5125/5552/3751 5137/5553/3751 5148/5554/3751 5136/5555/3751
f 5126/5556/3752 5138/5557/3752 5137/5558/3752 5125/5559/3752
f 5127/5560/3753 5139/5561/3753 5138/5557/3753 5126/5556/3753
f 5128/5562/3754 5140/5563/3754 5139/5561/3754 5127/5560/3754
f 5129/5564/3755 5141/5565/3755 5140/5563/3755 5128/5562/3755
f 5130/5566/3756 5142/5567/3756 5141/5565/3756 5129/5564/3756
f 5131/5568/3757 5143/5569/3757 5142/5567/3757 5130/5566/3757
f 5132/5570/3758 5144/5571/3758 5143/5569/3758 5131/5568/3758
f 5133/5572/3759 5145/5573/3759 5144/5571/3759 5132/5570/3759
f 5134/5574/3760 5146/5575/3760 5145/5573/3760 5133/5572/3760
f 5135/5576/3761 5147/5577/3761 5146/5575/3761 5134/5574/3761
f 5136/5555/3762 5148/5554/3762 5147/5577/3762 5135/5576/3762
f 5137/5553/3763 5149/5578/3763 5160/5579/3763 5148/5554/3763
f 5138/5557/3764 5150/5580/3764 5149/5581/3764 5137/5558/3764
f 5139/5561/3478 5151/5582/3478 5150/5580/3478 5138/5557/3478
f 5140/5563/3477 5152/5583/3477 5151/5582/3477 5139/5561/3477
f 5141/5565/3765 5153/5584/3765 5152/5583/3765 5140/5563/3765
f 5142/5567/3766 5154/5585/3766 5153/5584/3766 5141/5565/3766
f 5143/5569/3767 5155/5586/3767 5154/5585/3767 5142/5567/3767
f 5144/5571/3768 5156/5587/3768 5155/5586/3768 5143/5569/3768
f 5145/5573/3484 5157/5588/3484 5156/5587/3484 5144/5571/3484
f 5146/5575/3483 5158/5589/3483 5157/5588/3483 5145/5573/3483
f 5147/5577/3769 5159/5590/3769 5158/5589/3769 5146/5575/3769
f 5148/5554/3770 5160/5579/3770 5159/5590/3770 5147/5577/3770
f 5149/5578/3771 5161/5591/3771 5172/5592/3771 5160/5579/3771
f 5150/5580/3772 5162/5593/3772 5161/5594/3772 5149/5581/3772
f 5151/5582/3490 5163/5595/3490 5162/5593/3490 5150/5580/3490
f 5152/5583/3489 5164/5596/3489 5163/5595/3489 5151/5582/3489
f 5153/5584/3773 5165/5597/3773 5164/5596/3773 5152/5583/3773
f 5154/5585/3774 5166/5598/3774 5165/5597/3774 5153/5584/3774
f 5155/5586/3775 5167/5599/3775 5166/5598/3775 5154/5585/3775
f 5156/5587/3776 5168/5600/3776 5167/5599/3776 5155/5586/3776
f 5157/5588/3496 5169/5601/3496 5168/5600/3496 5156/5587/3496
f 5158/5589/3495 5170/5602/3495 5169/5601/3495 5157/5588/3495
f 5159/5590/3777 5171/5603/3777 5170/5602/3777 5158/5589/3777
f 5160/5579/3778 5172/5592/3778 5171/5603/3778 5159/5590/3778
f 5161/5591/3779 5173/5604/3779 5184/5605/3779 5172/5592/3779
f 5162/5593/3780 5174/5606/3780 5173/5607/3780 5161/5594/3780
f 5163/5595/3502 5175/5608/3502 5174/5606/3502 5162/5593/3502
f 5164/5596/3501 5176/5609/3501 5175/5608/3501 5163/5595/3501
f 5165/5597/3781 5177/5610/3781 5176/5609/3781 5164/5596/3781
f 5166/5598/3782 5178/5611/3782 5177/5610/3782 5165/5597/3782
f 5167/5599/3783 5179/5612/3783 5178/5611/3783 5166/5598/3783
f 5168/5600/3784 5180/5613/3784 5179/5612/3784 5167/5599/3784
f 5169/5601/3508 5181/5614/3508 5180/5613/3508 5168/5600/3508
f 5170/5602/3507 5182/5615/3507 5181/5614/3507 5169/5601/3507
f 5171/5603/3785 5183/5616/3785 5182/5615/3785 5170/5602/3785
f 5172/5592/3786 5184/5605/3786 5183/5616/3786 5171/5603/3786
f 5173/5604/3787 5185/5617/3787 5196/5618/3787 5184/5605/3787
f 5174/5606/3788 5186/5619/3788 5185/5620/3788 5173/5607/3788
f 5175/5608/3789 5187/5621/3789 5186/5619/3789 5174/5606/3789
f 5176/5609/3790 5188/5622/3790 5187/5621/3790 5175/5608/3790
f 5177/5610/3791 5189/5623/3791 5188/5622/3791 5176/5609/3791
f 5178/5611/3792 5190/5624/3792 5189/5623/3792 5177/5610/3792
f 5179/5612/3793 5191/5625/3793 5190/5624/3793 5178/5611/3793
f 5180/5613/3794 5192/5626/3794 5191/5625/3794 5179/5612/3794
f 5181/5614/3795 5193/5627/3795 5192/5626/3795 5180/5613/3795
f 5182/5615/3796 5194/5628/3796 5193/5627/3796 5181/5614/3796
f 5183/5616/3797 5195/5629/3797 5194/5628/3797 5182/5615/3797
f 5184/5605/3798 5196/5618/3798 5195/5629/3798 5183/5616/3798
f 5185/5617/3799 5197/5630/3799 5208/5631/3799 5196/5618/3799
f 5186/5619/3800 5198/5632/3800 5197/5633/3800 5185/5620/3800
f 5187/5621/3526 5199/5634/3526 5198/5632/3526 5186/5619/3526
f 5188/5622/3525 5200/5635/3525 5199/5634/3525 5187/5621/3525
f 5189/5623/3524 5201/5636/3524 5200/5635/3524 5188/5622/3524
f 5190/5624/3801 5202/5637/3801 5201/5636/3801 5189/5623/3801
f 5191/5625/3802 5203/5638/3802 5202/5637/3802 5190/5624/3802
f 5192/5626/3533 5204/5639/3533 5203/5638/3533 5191/5625/3533
f 5193/5627/3532 5205/5640/3532 5204/5639/3532 5192/5626/3532
f 5194/5628/3531 5206/5641/3531 5205/5640/3531 5193/5627/3531
f 5195/5629/3530 5207/5642/3530 5206/5641/3530 5194/5628/3530
f 5196/5618/3803 5208/5631/3803 5207/5642/3803 5195/5629/3803
f 5197/5630/3804 5209/5643/3804 5220/5644/3804 5208/5631/3804
f 5198/5632/3539 5210/5645/3539 5209/5646/3539 5197/5633/3539
f 5199/5634/3538 5211/5647/3538 5210/5645/3538 5198/5632/3538
f 5200/5635/3537 5212/5648/3537 5211/5647/3537 5199/5634/3537
f 5201/5636/3536 5213/5649/3536 5212/5648/3536 5200/5635/3536
f 5202/5637/3805 5214/5650/3805 5213/5649/3805 5201/5636/3805
f 5203/5638/3806 5215/5651/3806 5214/5650/3806 5202/5637/3806
f 5204/5639/3807 5216/5652/3807 5215/5651/3807 5203/5638/3807
f 5205/5640/3808 5217/5653/3808 5216/5652/3808 5204/5639/3808
f 5206/5641/3809 5218/5654/3809 5217/5653/3809 5205/5640/3809
f 5207/5642/3810 5219/5655/3810 5218/5654/3810 5206/5641/3810
f 5208/5631/3811 5220/5644/3811 5219/5655/3811 5207/5642/3811
f 5209/5643/3812 5221/5656/3812 5232/5657/3812 5220/5644/3812
f 5210/5645/3813 5222/5658/3813 5221/5659/3813 5209/5646/3813
f 5211/5647/3814 5223/5660/3814 5222/5658/3814 5210/5645/3814
f 5212/5648/3815 5224/5661/3815 5223/5660/3815 5211/5647/3815
f 5213/5649/3816 5225/5662/3816 5224/5661/3816 5212/5648/3816
f 5214/5650/3817 5226/5663/3817 5225/5662/3817 5213/5649/3817
f 5215/5651/3818 5227/5664/3818 5226/5663/3818 5214/5650/3818
f 5216/5652/3819 5228/5665/3819 5227/5664/3819 5215/5651/3819
f 5217/5653/3556 5229/5666/3556 5228/5665/3556 5216/5652/3556
f 5218/5654/3555 5230/5667/3555 5229/5666/3555 5217/5653/3555
f 5219/5655/3820 5231/5668/3820 5230/5667/3820 5218/5654/3820
f 5220/5644/3821 5232/5657/3821 5231/5668/3821 5219/5655/3821
f 5221/5656/3822 5233/5669/3822 5244/5670/3822 5232/5657/3822
f 5222/5658/3823 5234/5671/3823 5233/5672/3823 5221/5659/3823
f 5223/5660/3562 5235/5673/3562 5234/5671/3562 5222/5658/3562
f 5224/5661/3561 5236/5674/3561 5235/5673/3561 5223/5660/3561
f 5225/5662/3824 5237/5675/3824 5236/5674/3824 5224/5661/3824
f 5226/5663/3825 5238/5676/3825 5237/5675/3825 5225/5662/3825
f 5227/5664/3826 5239/5677/3826 5238/5676/3826 5226/5663/3826
f 5228/5665/3827 5240/5678/3827 5239/5677/3827 5227/5664/3827
f 5229/5666/3568 5241/5679/3568 5240/5678/3568 5228/5665/3568
f 5230/5667/3567 5242/5680/3567 5241/5679/3567 5229/5666/3567
f 5231/5668/3828 5243/5681/3828 5242/5680/3828 5230/5667/3828
f 5232/5657/3829 5244/5670/3829 5243/5681/3829 5231/5668/3829
f 5233/5669/3830 5245/5682/3830 5256/5683/3830 5244/5670/3830
f 5234/5671/3831 5246/5684/3831 5245/5685/3831 5233/5672/3831
f 5235/5673/3574 5247/5686/3574 5246/5684/3574 5234/5671/3574
f 5236/5674/3573 5248/5687/3573 5247/5686/3573 5235/5673/3573
f 5237/5675/3832 5249/5688/3832 5248/5687/3832 5236/5674/3832
f 5238/5676/3833 5250/5689/3833 5249/5688/3833 5237/5675/3833
f 5239/5677/3834 5251/5690/3834 5250/5689/3834 5238/5676/3834
f 5240/5678/3835 5252/5691/3835 5251/5690/3835 5239/5677/3835
f 5241/5679/3580 5253/5692/3580 5252/5691/3580 5240/5678/3580
f 5242/5680/3579 5254/5693/3579 5253/5692/3579 5241/5679/3579
f 5243/5681/3836 5255/5694/3836 5254/5693/3836 5242/5680/3836
f 5244/5670/3837 5256/5683/3837 5255/5694/3837 5243/5681/3837
f 5245/5682/3838 5257/5695/3838 5268/5696/3838 5256/5683/3838
f 5246/5684/3839 5258/5697/3839 5257/5698/3839 5245/5685/3839
f 5247/5686/3586 5259/5699/3586 5258/5697/3586 5246/5684/3586
f 5248/5687/3585 5260/5700/3585 5259/5699/3585 5247/5686/3585
f 5249/5688/3840 5261/5701/3840 5260/5700/3840 5248/5687/3840
f 5250/5689/3841 5262/5702/3841 5261/5701/3841 5249/5688/3841
f 5251/5690/3842 5263/5703/3842 5262/5702/3842 5250/5689/3842
f 5252/5691/3843 5264/5704/3843 5263/5703/3843 5251/5690/3843
f 5253/5692/3592 5265/5705/3592 5264/5704/3592 5252/5691/3592
f 5254/5693/3591 5266/5706/3591 5265/5705/3591 5253/5692/3591
f 5255/5694/3844 5267/5707/3844 5266/5706/3844 5254/5693/3844
f 5256/5683/3845 5268/5696/3845 5267/5707/3845 5255/5694/3845
f 5257/5695/3846 5269/5708/3846 5280/5709/3846 5268/5696/3846
f 5258/5697/3847 5270/5710/3847 5269/5711/3847 5257/5698/3847
f 5259/5699/3848 5271/5712/3848 5270/5710/3848 5258/5697/3848
f 5260/5700/3849 5272/5713/3849 5271/5712/3849 5259/5699/3849
f 5261/5701/3850 5273/5714/3850 5272/5713/3850 5260/5700/3850
f 5262/5702/3851 5274/5715/3851 5273/5714/3851 5261/5701/3851
f 5263/5703/3852 5275/5716/3852 5274/5715/3852 5262/5702/3852
f 5264/5704/3853 5276/5717/3853 5275/5716/3853 5263/5703/3853
f 5265/5705/3854 5277/5718/3854 5276/5717/3854 5264/5704/3854
f 5266/5706/3855 5278/5719/3855 5277/5718/3855 5265/5705/3855
f 5267/5707/3856 5279/5720/3856 5278/5719/3856 5266/5706/3856
f 5268/5696/3857 5280/5709/3857 5279/5720/3857 5267/5707/3857
f 4464/4825/3858 4453/4827/3858 4454/4826/3858 4455/4828/3858 4456/4829/3858 4457/4830/3858 4458/4831/3858 4459/4832/3858 4460/4833/3858 4461/4834/3858 4462/4835/3858 4463/4836/3858
f 4524/4892/3858 4523/4913/3858 4522/4911/3858 4521/4909/3858 4520/4907/3858 4519/4905/3858 4518/4903/3858 4517/4901/3858 4516/4899/3858 4515/4897/3858 4514/4893/3858 4513/4896/3858
o _3-3__curve_.005__3-3__curve_.006
v 212.268829 290.000000 184.177063
v 208.615997 293.660248 183.944244
v 203.626114 295.000000 183.626190
v 198.636246 293.660248 183.308136
v 194.983398 290.000000 183.075317
v 193.646362 285.000000 182.990097
v 194.983398 280.000000 183.075317
v 198.636230 276.339752 183.308136
v 203.626099 275.000000 183.626190
v 208.615982 276.339752 183.944244
v 212.268829 280.000000 184.177063
v 213.605865 285.000000 184.262283
v 212.053314 290.000000 187.281006
v 208.422775 293.660248 186.815598
v 203.463348 295.000000 186.179825
v 198.503937 293.660248 185.544052
v 194.873398 290.000000 185.078644
v 193.544525 285.000000 184.908279
v 194.873383 280.000000 185.078644
v 198.503922 276.339752 185.544052
v 203.463333 275.000000 186.179825
v 208.422760 276.339752 186.815598
v 212.053299 280.000000 187.281006
v 213.382172 285.000000 187.451370
v 211.353607 290.000000 190.891190
v 207.812485 293.660248 189.964966
v 202.975204 295.000000 188.699722
v 198.137939 293.660248 187.434479
v 194.596817 290.000000 186.508255
v 193.300674 285.000000 186.169235
v 194.596802 280.000000 186.508255
v 198.137924 276.339752 187.434479
v 202.975189 275.000000 188.699722
v 207.812469 276.339752 189.964966
v 211.353592 280.000000 190.891190
v 212.649734 285.000000 191.230209
v 210.185638 290.000000 194.410294
v 206.794296 293.660248 193.033264
v 202.161621 295.000000 191.152206
v 197.528961 293.660248 189.271149
v 194.137604 290.000000 187.894119
v 192.896286 285.000000 187.390091
v 194.137589 280.000000 187.894119
v 197.528946 276.339752 189.271149
v 202.161606 275.000000 191.152206
v 206.794281 276.339752 193.033264
v 210.185638 280.000000 194.410294
v 211.426956 285.000000 194.914322
v 208.548981 290.000000 197.787704
v 205.367966 293.660248 195.977036
v 201.022598 295.000000 193.503601
v 196.677246 293.660248 191.030167
v 193.496216 290.000000 189.219498
v 192.331879 285.000000 188.556747
v 193.496216 280.000000 189.219498
v 196.677231 276.339752 191.030167
v 201.022583 275.000000 193.503601
v 205.367950 276.339752 195.977020
v 208.548981 280.000000 197.787704
v 209.713318 285.000000 198.450455
v 206.446945 290.000000 200.968430
v 203.535385 293.660248 198.750259
v 199.558121 295.000000 195.720184
v 195.580856 293.660248 192.690109
v 192.669296 290.000000 190.471939
v 191.603592 285.000000 189.660019
v 192.669296 280.000000 190.471924
v 195.580856 276.339752 192.690094
v 199.558105 275.000000 195.720184
v 203.535370 276.339752 198.750259
v 206.446945 280.000000 200.968430
v 207.512650 285.000000 201.780350
v 203.891876 290.000000 203.892059
v 201.303711 293.660248 201.303848
v 197.768204 295.000000 197.768280
v 194.232697 293.660248 194.232727
v 191.644531 290.000000 191.644516
v 190.697189 285.000000 190.697159
v 191.644516 280.000000 191.644501
v 194.232697 276.339752 194.232712
v 197.768204 275.000000 197.768280
v 201.303711 276.339752 201.303833
v 203.891876 280.000000 203.892044
v 204.839218 285.000000 204.839401
v 200.968246 290.000000 206.447052
v 198.750107 293.660248 203.535477
v 195.720078 295.000000 199.558167
v 192.690048 293.660248 195.580872
v 190.471924 290.000000 192.669281
v 189.660019 285.000000 191.603561
v 190.471909 280.000000 192.669266
v 192.690048 276.339752 195.580856
v 195.720078 275.000000 199.558151
v 198.750107 276.339752 203.535461
v 200.968231 280.000000 206.447052
v 201.780136 285.000000 207.512772
v 197.787521 290.000000 208.549042
v 195.976868 293.660248 205.368011
v 193.503464 295.000000 201.022629
v 191.030060 293.660248 196.677261
v 189.219406 290.000000 193.496216
v 188.556656 285.000000 192.331879
v 189.219406 280.000000 193.496216
v 191.030060 276.339752 196.677246
v 193.503464 275.000000 201.022614
v 195.976868 276.339752 205.367996
v 197.787521 280.000000 208.549042
v 198.450272 285.000000 209.713379
v 194.410141 290.000000 210.185669
v 193.033112 293.660248 206.794327
v 191.152054 295.000000 202.161652
v 189.270996 293.660248 197.528992
v 187.893967 290.000000 194.137634
v 187.389938 285.000000 192.896317
v 187.893967 280.000000 194.137634
v 189.270996 276.339752 197.528976
v 191.152054 275.000000 202.161636
v 193.033112 276.339752 206.794312
v 194.410141 280.000000 210.185669
v 194.914169 285.000000 211.426987
v 190.891068 290.000000 211.353638
v 189.964828 293.660248 207.812515
v 188.699554 295.000000 202.975250
v 187.434280 293.660248 198.138000
v 186.508041 290.000000 194.596878
v 186.169022 285.000000 193.300720
v 186.508041 280.000000 194.596863
v 187.434280 276.339752 198.137985
v 188.699554 275.000000 202.975235
v 189.964813 276.339752 207.812500
v 190.891068 280.000000 211.353622
v 191.230087 285.000000 212.649780
v 187.280899 290.000000 212.053360
v 186.815460 293.660248 208.422821
v 186.179657 295.000000 203.463409
v 185.543854 293.660248 198.503998
v 185.078415 290.000000 194.873459
v 184.908051 285.000000 193.544586
v 185.078415 280.000000 194.873459
v 185.543854 276.339752 198.503983
v 186.179657 275.000000 203.463394
v 186.815460 276.339752 208.422806
v 187.280899 280.000000 212.053360
v 187.451263 285.000000 213.382233
v 183.626144 290.000000 212.286453
v 183.626129 293.660248 208.626190
v 183.626114 295.000000 203.626190
v 183.626099 293.660248 198.626190
v 183.626083 290.000000 194.965942
v 183.626068 285.000000 193.626190
v 183.626083 280.000000 194.965927
v 183.626099 276.339752 198.626175
v 183.626114 275.000000 203.626175
v 183.626129 276.339752 208.626175
v 183.626144 280.000000 212.286438
v 183.626160 285.000000 213.626190
v 179.971298 290.000000 212.053391
v 180.436707 293.660248 208.422836
v 181.072479 295.000000 203.463425
v 181.708252 293.660248 198.504013
v 182.173660 290.000000 194.873474
v 182.344025 285.000000 193.544601
v 182.173660 280.000000 194.873459
v 181.708252 276.339752 198.503998
v 181.072479 275.000000 203.463409
v 180.436707 276.339752 208.422836
v 179.971298 280.000000 212.053375
v 179.800934 285.000000 213.382248
v 176.361115 290.000000 211.353683
v 177.287338 293.660248 207.812546
v 178.552582 295.000000 202.975281
v 179.817825 293.660248 198.138016
v 180.744049 290.000000 194.596893
v 181.083069 285.000000 193.300751
v 180.744049 280.000000 194.596878
v 179.817825 276.339752 198.138000
v 178.552582 275.000000 202.975266
v 177.287338 276.339752 207.812546
v 176.361115 280.000000 211.353668
v 176.022095 285.000000 212.649811
v 172.842010 290.000000 210.185715
v 174.219040 293.660248 206.794373
v 176.100098 295.000000 202.161697
v 177.981155 293.660248 197.529037
v 179.358185 290.000000 194.137680
v 179.862213 285.000000 192.896362
v 179.358185 280.000000 194.137680
v 177.981155 276.339752 197.529022
v 176.100098 275.000000 202.161682
v 174.219055 276.339752 206.794357
v 172.842026 280.000000 210.185715
v 172.337982 285.000000 211.427032
v 169.464600 290.000000 208.549057
v 171.275269 293.660248 205.368042
v 173.748703 295.000000 201.022675
v 176.222122 293.660248 196.677322
v 178.032806 290.000000 193.496292
v 178.695557 285.000000 192.331955
v 178.032806 280.000000 193.496292
v 176.222137 276.339752 196.677307
v 173.748703 275.000000 201.022659
v 171.275284 276.339752 205.368027
v 169.464600 280.000000 208.549057
v 168.801849 285.000000 209.713394
v 166.283966 290.000000 206.447098
v 168.502090 293.660248 203.535507
v 171.532120 295.000000 199.558197
v 174.562134 293.660248 195.580887
v 176.780273 290.000000 192.669296
v 177.592163 285.000000 191.603577
v 176.780273 280.000000 192.669296
v 174.562149 276.339752 195.580887
v 171.532120 275.000000 199.558197
v 168.502106 276.339752 203.535492
v 166.283981 280.000000 206.447098
v 165.472076 285.000000 207.512817
v 163.569336 290.000000 204.094254
v 166.069122 293.660248 201.420593
v 169.483902 295.000000 197.768280
v 172.898666 293.660248 194.115982
v 175.398453 290.000000 191.442307
v 176.313446 285.000000 190.463669
v 175.398468 280.000000 191.442291
v 172.898682 276.339752 194.115967
v 169.483902 275.000000 197.768280
v 166.069138 276.339752 201.420578
v 163.569351 280.000000 204.094254
v 162.654358 285.000000 205.072891
v 120.933792 290.000000 161.465576
v 123.521973 293.660248 158.877396
v 127.057510 295.000000 155.341858
v 130.593033 293.660248 151.806320
v 133.181229 290.000000 149.218140
v 134.128571 285.000000 148.270782
v 133.181244 280.000000 149.218124
v 130.593048 276.339752 151.806320
v 127.057526 275.000000 155.341858
v 123.521988 276.339752 158.877380
v 120.933792 280.000000 161.465576
v 119.986450 285.000000 162.412933
v 212.286377 274.995880 -186.576340
v 208.626129 278.653137 -186.724609
v 203.626129 279.991791 -186.778885
v 198.626129 278.653137 -186.724609
v 194.965881 274.995911 -186.576340
v 193.626129 270.000000 -186.373810
v 194.965866 265.004120 -186.171280
v 198.626114 261.346863 -186.023010
v 203.626114 260.008209 -185.968735
v 208.626129 261.346863 -186.023010
v 212.286377 265.004089 -186.171280
v 213.626129 270.000000 -186.373810
v 212.286362 289.995911 183.423660
v 208.626114 293.653137 183.275391
v 203.626114 294.991791 183.221115
v 198.626114 293.653137 183.275391
v 194.965866 289.995911 183.423660
v 193.626114 285.000000 183.626190
v 194.965851 280.004120 183.828720
v 198.626099 276.346863 183.976990
v 203.626099 275.008209 184.031265
v 208.626114 276.346863 183.976990
v 212.286362 280.004089 183.828720
v 213.626114 285.000000 183.626190
v -186.373947 275.000000 194.965912
v -186.373947 278.660248 198.626175
v -186.373947 280.000000 203.626175
v -186.373947 278.660248 208.626175
v -186.373947 275.000000 212.286423
v -186.373947 270.000000 213.626175
v -186.373947 265.000000 212.286438
v -186.373947 261.339752 208.626190
v -186.373947 260.000000 203.626190
v -186.373947 261.339752 198.626175
v -186.373947 265.000000 194.965927
v -186.373947 270.000000 193.626175
v 183.626114 275.000000 194.965927
v 183.626114 278.660248 198.626190
v 183.626114 280.000000 203.626190
v 183.626114 278.660248 208.626190
v 183.626114 275.000000 212.286438
v 183.626114 270.000000 213.626190
v 183.626114 265.000000 212.286453
v 183.626114 261.339752 208.626205
v 183.626114 260.000000 203.626205
v 183.626114 261.339752 198.626190
v 183.626114 265.000000 194.965942
v 183.626114 270.000000 193.626190
v 161.465561 275.000000 120.933853
v 158.877365 278.660248 123.522034
v 155.341827 280.000000 127.057571
v 151.806290 278.660248 130.593094
v 149.218109 275.000000 133.181290
v 148.270752 270.000000 134.128632
v 149.218094 265.000000 133.181305
v 151.806290 261.339752 130.593109
v 155.341827 260.000000 127.057587
v 158.877350 261.339752 123.522049
v 161.465546 265.000000 120.933853
v 162.412903 270.000000 119.986511
v 203.891937 275.000000 163.360260
v 201.303741 278.660248 165.948441
v 197.768204 280.000000 169.483978
v 194.232666 278.660248 173.019501
v 191.644485 275.000000 175.607697
v 190.697128 270.000000 176.555038
v 191.644470 265.000000 175.607712
v 194.232666 261.339752 173.019516
v 197.768204 260.000000 169.483994
v 201.303726 261.339752 165.948456
v 203.891922 265.000000 163.360260
v 204.839279 270.000000 162.412918
v -186.373917 275.000000 -215.034088
v -186.373917 278.660248 -211.373825
v -186.373917 280.000000 -206.373825
v -186.373932 278.660248 -201.373825
v -186.373932 275.000000 -197.713577
v -186.373932 270.000000 -196.373825
v -186.373932 265.000000 -197.713562
v -186.373932 261.339752 -201.373810
v -186.373917 260.000000 -206.373810
v -186.373917 261.339752 -211.373825
v -186.373917 265.000000 -215.034073
v -186.373917 270.000000 -216.373825
v 183.626144 275.000000 -215.034073
v 183.626144 278.660248 -211.373810
v 183.626144 280.000000 -206.373810
v 183.626129 278.660248 -201.373810
v 183.626129 275.000000 -197.713562
v 183.626129 270.000000 -196.373810
v 183.626129 265.000000 -197.713547
v 183.626129 261.339752 -201.373795
v 183.626144 260.000000 -206.373795
v 183.626144 261.339752 -211.373810
v 183.626144 265.000000 -215.034058
v 183.626144 270.000000 -216.373810
v -197.713684 275.000000 -186.373825
v -201.373932 278.660248 -186.373825
v -206.373932 280.000000 -186.373840
v -211.373932 278.660248 -186.373840
v -215.034180 275.000000 -186.373840
v -216.373932 270.000000 -186.373840
v -215.034195 265.000000 -186.373840
v -211.373947 261.339752 -186.373840
v -206.373947 260.000000 -186.373840
v -201.373947 261.339752 -186.373825
v -197.713684 265.000000 -186.373825
v -196.373932 270.000000 -186.373825
v -197.713699 275.000000 183.626175
v -201.373947 278.660248 183.626175
v -206.373947 280.000000 183.626160
v -211.373947 278.660248 183.626160
v -215.034195 275.000000 183.626160
v -216.373947 270.000000 183.626160
v -215.034210 265.000000 183.626160
v -211.373962 261.339752 183.626160
v -206.373962 260.000000 183.626160
v -201.373962 261.339752 183.626175
v -197.713699 265.000000 183.626175
v -196.373947 270.000000 183.626175
v 183.075333 275.000000 194.983398
v 183.308105 278.660248 198.636246
v 183.626068 280.000000 203.626129
v 183.944031 278.660248 208.616013
v 184.176804 275.000000 212.268845
v 184.261993 270.000000 213.605896
v 184.176804 265.000000 212.268860
v 183.944031 261.339752 208.616013
v 183.626068 260.000000 203.626144
v 183.308105 261.339752 198.636261
v 183.075333 265.000000 194.983414
v 182.990143 270.000000 193.646362
v 185.078522 275.000000 194.873444
v 185.543915 278.660248 198.503983
v 186.179657 280.000000 203.463409
v 186.815399 278.660248 208.422821
v 187.280792 275.000000 212.053375
v 187.451141 270.000000 213.382248
v 187.280792 265.000000 212.053375
v 186.815399 261.339752 208.422836
v 186.179657 260.000000 203.463425
v 185.543915 261.339752 198.503998
v 185.078522 265.000000 194.873444
v 184.908173 270.000000 193.544571
v 186.508041 275.000000 194.596863
v 187.434280 278.660248 198.137985
v 188.699554 280.000000 202.975250
v 189.964813 278.660248 207.812500
v 190.891052 275.000000 211.353622
v 191.230087 270.000000 212.649765
v 190.891068 265.000000 211.353638
v 189.964828 261.339752 207.812515
v 188.699554 260.000000 202.975266
v 187.434296 261.339752 198.138000
v 186.508057 265.000000 194.596878
v 186.169022 270.000000 193.300735
v 187.893967 275.000000 194.137634
v 189.270996 278.660248 197.528976
v 191.152054 280.000000 202.161652
v 193.033112 278.660248 206.794312
v 194.410141 275.000000 210.185669
v 194.914169 270.000000 211.426987
v 194.410141 265.000000 210.185669
v 193.033112 261.339752 206.794327
v 191.152054 260.000000 202.161667
v 189.270996 261.339752 197.528992
v 187.893967 265.000000 194.137634
v 187.389938 270.000000 192.896317
v 189.219406 275.000000 193.496216
v 191.030060 278.660248 196.677246
v 193.503464 280.000000 201.022629
v 195.976868 278.660248 205.367996
v 197.787521 275.000000 208.549042
v 198.450272 270.000000 209.713379
v 197.787521 265.000000 208.549042
v 195.976868 261.339752 205.368011
v 193.503464 260.000000 201.022644
v 191.030075 261.339752 196.677261
v 189.219406 265.000000 193.496216
v 188.556656 270.000000 192.331879
v 190.471924 275.000000 192.669281
v 192.690048 278.660248 195.580856
v 195.720078 280.000000 199.558167
v 198.750107 278.660248 203.535461
v 200.968231 275.000000 206.447052
v 201.780136 270.000000 207.512772
v 200.968246 265.000000 206.447067
v 198.750107 261.339752 203.535477
v 195.720078 260.000000 199.558167
v 192.690063 261.339752 195.580872
v 190.471924 265.000000 192.669281
v 189.660019 270.000000 191.603561
v 191.644531 275.000000 191.644501
v 194.232697 278.660248 194.232712
v 197.768204 280.000000 197.768280
v 201.303711 278.660248 201.303833
v 203.891876 275.000000 203.892044
v 204.839218 270.000000 204.839401
v 203.891891 265.000000 203.892059
v 201.303711 261.339752 201.303848
v 197.768204 260.000000 197.768280
v 194.232697 261.339752 194.232727
v 191.644531 265.000000 191.644516
v 190.697189 270.000000 190.697159
v 192.669296 275.000000 190.471939
v 195.580856 278.660248 192.690109
v 199.558121 280.000000 195.720184
v 203.535385 278.660248 198.750259
v 206.446945 275.000000 200.968430
v 207.512650 270.000000 201.780350
v 206.446945 265.000000 200.968445
v 203.535385 261.339752 198.750275
v 199.558136 260.000000 195.720184
v 195.580872 261.339752 192.690109
v 192.669296 265.000000 190.471939
v 191.603592 270.000000 189.660019
v 193.496216 275.000000 189.219498
v 196.677231 278.660248 191.030167
v 201.022598 280.000000 193.503601
v 205.367950 278.660248 195.977036
v 208.548981 275.000000 197.787704
v 209.713318 270.000000 198.450455
v 208.548981 265.000000 197.787704
v 205.367966 261.339752 195.977036
v 201.022614 260.000000 193.503601
v 196.677246 261.339752 191.030182
v 193.496216 265.000000 189.219498
v 192.331879 270.000000 188.556747
v 194.137604 275.000000 187.894119
v 197.528946 278.660248 189.271149
v 202.161621 280.000000 191.152206
v 206.794281 278.660248 193.033264
v 210.185638 275.000000 194.410294
v 211.426956 270.000000 194.914322
v 210.185654 265.000000 194.410294
v 206.794296 261.339752 193.033264
v 202.161636 260.000000 191.152206
v 197.528961 261.339752 189.271149
v 194.137604 265.000000 187.894119
v 192.896286 270.000000 187.390091
v 194.596802 275.000000 186.508255
v 198.137939 278.660248 187.434479
v 202.975204 280.000000 188.699722
v 207.812469 278.660248 189.964966
v 211.353592 275.000000 190.891190
v 212.649734 270.000000 191.230209
v 211.353607 265.000000 190.891190
v 207.812485 261.339752 189.964966
v 202.975220 260.000000 188.699722
v 198.137939 261.339752 187.434479
v 194.596817 265.000000 186.508255
v 193.300674 270.000000 186.169235
v 194.873383 275.000000 185.078735
v 198.503922 278.660248 185.544113
v 203.463348 280.000000 186.179825
v 208.422760 278.660248 186.815536
v 212.053314 275.000000 187.280914
v 213.382187 270.000000 187.451248
v 212.053329 265.000000 187.280914
v 208.422775 261.339752 186.815536
v 203.463364 260.000000 186.179825
v 198.503937 261.339752 185.544113
v 194.873383 265.000000 185.078735
v 193.544510 270.000000 184.908401
v 194.965790 275.000000 183.626266
v 198.626053 278.660248 183.626251
v 203.626053 280.000000 183.626236
v 208.626053 278.660248 183.626221
v 212.286301 275.000000 183.626205
v 213.626053 270.000000 183.626205
v 212.286316 265.000000 183.626205
v 208.626068 261.339752 183.626221
v 203.626068 260.000000 183.626236
v 198.626068 261.339752 183.626251
v 194.965805 265.000000 183.626266
v 193.626053 270.000000 183.626266
v 194.873367 275.000000 182.173782
v 198.503906 278.660248 181.708389
v 203.463333 280.000000 181.072647
v 208.422745 278.660248 180.436905
v 212.053299 275.000000 179.971512
v 213.382172 270.000000 179.801163
v 212.053299 265.000000 179.971512
v 208.422760 261.339752 180.436905
v 203.463348 260.000000 181.072647
v 198.503922 261.339752 181.708389
v 194.873367 265.000000 182.173782
v 193.544495 270.000000 182.344131
v 194.596786 275.000000 180.744263
v 198.137909 278.660248 179.818024
v 202.975174 280.000000 178.552750
v 207.812424 278.660248 177.287491
v 211.353561 275.000000 176.361237
v 212.649704 270.000000 176.022217
v 211.353561 265.000000 176.361237
v 207.812439 261.339752 177.287476
v 202.975189 260.000000 178.552750
v 198.137924 261.339752 179.818008
v 194.596802 265.000000 180.744263
v 193.300644 270.000000 181.083282
v 194.137558 275.000000 179.358337
v 197.528900 278.660248 177.981308
v 202.161575 280.000000 176.100250
v 206.794235 278.660248 174.219193
v 210.185593 275.000000 172.842163
v 211.426910 270.000000 172.338135
v 210.185593 265.000000 172.842163
v 206.794250 261.339752 174.219193
v 202.161591 260.000000 176.100250
v 197.528915 261.339752 177.981308
v 194.137558 265.000000 179.358337
v 192.896240 270.000000 179.862366
v 193.496140 275.000000 178.032898
v 196.677170 278.660248 176.222244
v 201.022552 280.000000 173.748840
v 205.367920 278.660248 171.275436
v 208.548965 275.000000 169.464783
v 209.713303 270.000000 168.802032
v 208.548965 265.000000 169.464783
v 205.367935 261.339752 171.275436
v 201.022568 260.000000 173.748840
v 196.677185 261.339752 176.222244
v 193.496140 265.000000 178.032898
v 192.331802 270.000000 178.695648
v 192.669205 275.000000 176.780396
v 195.580780 278.660248 174.562256
v 199.558090 280.000000 171.532227
v 203.535385 278.660248 168.502197
v 206.446976 275.000000 166.284073
v 207.512695 270.000000 165.472168
v 206.446976 265.000000 166.284058
v 203.535400 261.339752 168.502197
v 199.558105 260.000000 171.532227
v 195.580795 261.339752 174.562241
v 192.669205 265.000000 176.780380
v 191.603485 270.000000 177.592285
v 191.247192 275.000000 175.182907
v 194.003296 278.660248 172.774307
v 197.768204 280.000000 169.484100
v 201.533112 278.660248 166.193893
v 204.289215 275.000000 163.785294
v 205.298019 270.000000 162.903687
v 204.289215 265.000000 163.785294
v 201.533112 261.339752 166.193878
v 197.768204 260.000000 169.484100
v 194.003296 261.339752 172.774307
v 191.247192 265.000000 175.182907
v 190.238388 270.000000 176.064514
v -197.733215 275.000000 183.044891
v -201.385223 278.660248 183.290573
v -206.373947 280.000000 183.626160
v -211.362671 278.660248 183.961761
v -215.014664 275.000000 184.207443
v -216.351395 270.000000 184.297379
v -215.014679 265.000000 184.207443
v -211.362686 261.339752 183.961761
v -206.373962 260.000000 183.626160
v -201.385239 261.339752 183.290573
v -197.733231 265.000000 183.044891
v -196.396500 270.000000 182.954956
v -197.609177 275.000000 185.179932
v -201.236435 278.660248 185.670242
v -206.191376 280.000000 186.340027
v -211.146301 278.660248 187.009827
v -214.773575 275.000000 187.500137
v -216.101242 270.000000 187.679611
v -214.773575 265.000000 187.500137
v -211.146317 261.339752 187.009827
v -206.191391 260.000000 186.340027
v -201.236450 261.339752 185.670242
v -197.609177 265.000000 185.179932
v -196.281509 270.000000 185.000458
v -197.308258 275.000000 186.650269
v -200.837921 278.660248 187.619263
v -205.659531 280.000000 188.942932
v -210.481125 278.660248 190.266617
v -214.010788 275.000000 191.235611
v -215.302734 270.000000 191.590286
v -214.010803 265.000000 191.235611
v -210.481140 261.339752 190.266617
v -205.659546 260.000000 188.942932
v -200.837936 261.339752 187.619263
v -197.308273 265.000000 186.650269
v -196.016327 270.000000 186.295593
v -196.824600 275.000000 188.041016
v -200.196350 278.660248 189.465363
v -204.802246 280.000000 191.411041
v -209.408142 278.660248 193.356735
v -212.779892 275.000000 194.781067
v -214.014038 270.000000 195.302414
v -212.779892 265.000000 194.781082
v -209.408157 261.339752 193.356735
v -204.802261 260.000000 191.411041
v -200.196350 261.339752 189.465363
v -196.824600 265.000000 188.041031
v -195.590454 270.000000 187.519684
v -196.169327 275.000000 189.345734
v -199.328217 278.660248 191.194748
v -203.643356 280.000000 193.720535
v -207.958481 278.660248 196.246307
v -211.117386 275.000000 198.095306
v -212.273621 270.000000 198.772095
v -211.117401 265.000000 198.095322
v -207.958496 261.339752 196.246307
v -203.643372 260.000000 193.720535
v -199.328232 261.339752 191.194748
v -196.169327 265.000000 189.345749
v -195.013077 270.000000 188.668961
v -195.354050 275.000000 190.552170
v -198.250320 278.660248 192.790268
v -202.206696 280.000000 195.847565
v -206.163071 278.660248 198.904846
v -209.059341 275.000000 201.142944
v -210.119446 270.000000 201.962143
v -209.059341 265.000000 201.142944
v -206.163086 261.339752 198.904861
v -202.206696 260.000000 195.847565
v -198.250320 261.339752 192.790268
v -195.354050 265.000000 190.552170
v -194.293945 270.000000 189.732971
v -194.392349 275.000000 191.644577
v -196.980545 278.660248 194.232758
v -200.516083 280.000000 197.768295
v -204.051620 278.660248 201.303818
v -206.639801 275.000000 203.891998
v -207.587158 270.000000 204.839340
v -206.639816 265.000000 203.891998
v -204.051620 261.339752 201.303833
v -200.516083 260.000000 197.768295
v -196.980560 261.339752 194.232773
v -194.392365 265.000000 191.644577
v -193.445007 270.000000 190.697235
v -193.299942 275.000000 192.606277
v -195.538040 278.660248 195.502533
v -198.595352 280.000000 199.458908
v -201.652664 278.660248 203.415283
v -203.890762 275.000000 206.311539
v -204.709961 270.000000 207.371628
v -203.890762 265.000000 206.311554
v -201.652664 261.339752 203.415283
v -198.595352 260.000000 199.458908
v -195.538055 261.339752 195.502548
v -193.299942 265.000000 192.606277
v -192.480728 270.000000 191.546173
v -192.093521 275.000000 193.421539
v -193.942535 278.660248 196.580429
v -196.468338 280.000000 200.895569
v -198.994125 278.660248 205.210693
v -200.843140 275.000000 208.369598
v -201.519928 270.000000 209.525833
v -200.843155 265.000000 208.369598
v -198.994141 261.339752 205.210709
v -196.468338 260.000000 200.895569
v -193.942551 261.339752 196.580444
v -192.093536 265.000000 193.421555
v -191.416748 270.000000 192.265305
v -190.788818 275.000000 194.076813
v -192.213165 278.660248 197.448563
v -194.158859 280.000000 202.054459
v -196.104553 278.660248 206.660355
v -197.528900 275.000000 210.032104
v -198.050247 270.000000 211.266251
v -197.528900 265.000000 210.032104
v -196.104553 261.339752 206.660370
v -194.158859 260.000000 202.054474
v -192.213165 261.339752 197.448563
v -190.788818 265.000000 194.076813
v -190.267471 270.000000 192.842667
v -189.398071 275.000000 194.560471
v -190.367065 278.660248 198.090134
v -191.690750 280.000000 202.911743
v -193.014420 278.660248 207.733337
v -193.983429 275.000000 211.263000
v -194.338104 270.000000 212.554947
v -193.983429 265.000000 211.263016
v -193.014435 261.339752 207.733353
v -191.690750 260.000000 202.911758
v -190.367081 261.339752 198.090149
v -189.398071 265.000000 194.560486
v -189.043396 270.000000 193.268539
v -187.927689 275.000000 194.861389
v -188.418030 278.660248 198.488647
v -189.087830 280.000000 203.443588
v -189.757629 278.660248 208.398514
v -190.247971 275.000000 212.025787
v -190.427444 270.000000 213.353455
v -190.247971 265.000000 212.025787
v -189.757645 261.339752 208.398529
v -189.087830 260.000000 203.443604
v -188.418030 261.339752 198.488663
v -187.927689 265.000000 194.861389
v -187.748215 270.000000 193.533722
v -185.792603 275.000000 194.985458
v -186.038315 278.660248 198.637451
v -186.373947 280.000000 203.626175
v -186.709579 278.660248 208.614899
v -186.955292 275.000000 212.266891
v -187.045227 270.000000 213.603622
v -186.955292 265.000000 212.266907
v -186.709579 261.339752 208.614899
v -186.373947 260.000000 203.626190
v -186.038315 261.339752 198.637466
v -185.792603 265.000000 194.985458
v -185.702667 270.000000 193.648727
v -185.792648 275.000000 -197.733093
v -186.038330 278.660248 -201.385101
v -186.373917 280.000000 -206.373825
v -186.709518 278.660248 -211.362549
v -186.955200 275.000000 -215.014542
v -187.045135 270.000000 -216.351273
v -186.955200 265.000000 -215.014557
v -186.709518 261.339752 -211.362564
v -186.373917 260.000000 -206.373840
v -186.038330 261.339752 -201.385117
v -185.792648 265.000000 -197.733109
v -185.702713 270.000000 -196.396378
v -187.927704 275.000000 -197.609055
v -188.418030 278.660248 -201.236313
v -189.087799 280.000000 -206.191254
v -189.757584 278.660248 -211.146179
v -190.247910 275.000000 -214.773453
v -190.427383 270.000000 -216.101120
v -190.247910 265.000000 -214.773453
v -189.757584 261.339752 -211.146194
v -189.087799 260.000000 -206.191269
v -188.418030 261.339752 -201.236328
v -187.927704 265.000000 -197.609055
v -187.748230 270.000000 -196.281387
v -189.398056 275.000000 -197.308136
v -190.367050 278.660248 -200.837799
v -191.690720 280.000000 -205.659409
v -193.014404 278.660248 -210.481003
v -193.983398 275.000000 -214.010666
v -194.338074 270.000000 -215.302628
v -193.983398 265.000000 -214.010681
v -193.014404 261.339752 -210.481018
v -191.690720 260.000000 -205.659424
v -190.367065 261.339752 -200.837814
v -189.398056 265.000000 -197.308151
v -189.043381 270.000000 -196.016190
v -190.788803 275.000000 -196.824478
v -192.213150 278.660248 -200.196228
v -194.158829 280.000000 -204.802124
v -196.104523 278.660248 -209.408020
v -197.528870 275.000000 -212.779770
v -198.050217 270.000000 -214.013916
v -197.528870 265.000000 -212.779770
v -196.104523 261.339752 -209.408035
v -194.158829 260.000000 -204.802139
v -192.213150 261.339752 -200.196228
v -190.788803 265.000000 -196.824478
v -190.267456 270.000000 -195.590332
v -192.093521 275.000000 -196.169205
v -193.942520 278.660248 -199.328094
v -196.468323 280.000000 -203.643234
v -198.994095 278.660248 -207.958359
v -200.843109 275.000000 -211.117264
v -201.519897 270.000000 -212.273499
v -200.843124 265.000000 -211.117264
v -198.994110 261.339752 -207.958374
v -196.468323 260.000000 -203.643250
v -193.942535 261.339752 -199.328110
v -192.093521 265.000000 -196.169220
v -191.416733 270.000000 -195.012970
v -193.299927 275.000000 -195.353943
v -195.538025 278.660248 -198.250198
v -198.595337 280.000000 -202.206573
v -201.652618 278.660248 -206.162933
v -203.890732 275.000000 -209.059204
v -204.709930 270.000000 -210.119339
v -203.890732 265.000000 -209.059219
v -201.652634 261.339752 -206.162949
v -198.595337 260.000000 -202.206589
v -195.538040 261.339752 -198.250214
v -193.299927 265.000000 -195.353943
v -192.480728 270.000000 -194.293823
v -194.392349 275.000000 -194.392242
v -196.980530 278.660248 -196.980423
v -200.516068 280.000000 -200.515961
v -204.051605 278.660248 -204.051483
v -206.639771 275.000000 -206.639694
v -207.587112 270.000000 -207.587051
v -206.639786 265.000000 -206.639709
v -204.051605 261.339752 -204.051498
v -200.516068 260.000000 -200.515961
v -196.980545 261.339752 -196.980438
v -194.392349 265.000000 -194.392242
v -193.445007 270.000000 -193.444885
v -195.354050 275.000000 -193.299820
v -198.250305 278.660248 -195.537918
v -202.206680 280.000000 -198.595230
v -206.163055 278.660248 -201.652542
v -209.059311 275.000000 -203.890656
v -210.119400 270.000000 -204.709854
v -209.059326 265.000000 -203.890656
v -206.163055 261.339752 -201.652557
v -202.206696 260.000000 -198.595230
v -198.250320 261.339752 -195.537933
v -195.354050 265.000000 -193.299820
v -194.293945 270.000000 -192.480621
v -196.169312 275.000000 -192.093414
v -199.328201 278.660248 -193.942413
v -203.643341 280.000000 -196.468216
v -207.958466 278.660248 -198.994019
v -211.117371 275.000000 -200.843033
v -212.273605 270.000000 -201.519821
v -211.117371 265.000000 -200.843048
v -207.958481 261.339752 -198.994034
v -203.643356 260.000000 -196.468216
v -199.328217 261.339752 -193.942429
v -196.169312 265.000000 -192.093414
v -195.013077 270.000000 -191.416626
v -196.824585 275.000000 -190.788696
v -200.196335 278.660248 -192.213043
v -204.802231 280.000000 -194.158752
v -209.408127 278.660248 -196.104446
v -212.779877 275.000000 -197.528778
v -214.014023 270.000000 -198.050140
v -212.779877 265.000000 -197.528793
v -209.408142 261.339752 -196.104446
v -204.802246 260.000000 -194.158752
v -200.196335 261.339752 -192.213058
v -196.824585 265.000000 -190.788712
v -195.590439 270.000000 -190.267349
v -197.308258 275.000000 -189.397949
v -200.837906 278.660248 -190.366943
v -205.659515 280.000000 -191.690643
v -210.481110 278.660248 -193.014328
v -214.010773 275.000000 -193.983322
v -215.302719 270.000000 -194.337997
v -214.010788 265.000000 -193.983322
v -210.481125 261.339752 -193.014328
v -205.659531 260.000000 -191.690643
v -200.837921 261.339752 -190.366959
v -197.308258 265.000000 -189.397949
v -196.016312 270.000000 -189.043274
v -197.609161 275.000000 -187.927612
v -201.236420 278.660248 -188.417923
v -206.191360 280.000000 -189.087738
v -211.146286 278.660248 -189.757523
v -214.773560 275.000000 -190.247849
v -216.101227 270.000000 -190.427322
v -214.773560 265.000000 -190.247849
v -211.146301 261.339752 -189.757538
v -206.191376 260.000000 -189.087738
v -201.236435 261.339752 -188.417938
v -197.609161 265.000000 -187.927612
v -196.281494 270.000000 -187.748138
v -197.733200 275.000000 -185.792542
v -201.385208 278.660248 -186.038223
v -206.373932 280.000000 -186.373840
v -211.362656 278.660248 -186.709442
v -215.014648 275.000000 -186.955124
v -216.351379 270.000000 -187.045044
v -215.014664 265.000000 -186.955124
v -211.362671 261.339752 -186.709442
v -206.373947 260.000000 -186.373840
v -201.385223 261.339752 -186.038223
v -197.733215 265.000000 -185.792542
v -196.396484 270.000000 -185.702621
v 194.985397 275.000000 -185.792526
v 198.637405 278.660248 -186.038208
v 203.626129 280.000000 -186.373810
v 208.614853 278.660248 -186.709412
v 212.266846 275.000000 -186.955093
v 213.603577 270.000000 -187.045029
v 212.266861 265.000000 -186.955093
v 208.614868 261.339752 -186.709412
v 203.626144 260.000000 -186.373810
v 198.637421 261.339752 -186.038208
v 194.985413 265.000000 -185.792526
v 193.648682 270.000000 -185.702591
v 194.861359 275.000000 -187.927567
v 198.488617 278.660248 -188.417877
v 203.443558 280.000000 -189.087677
v 208.398483 278.660248 -189.757477
v 212.025757 275.000000 -190.247787
v 213.353424 270.000000 -190.427261
v 212.025757 265.000000 -190.247787
v 208.398499 261.339752 -189.757477
v 203.443573 260.000000 -189.087677
v 198.488632 261.339752 -188.417877
v 194.861359 265.000000 -187.927567
v 193.533691 270.000000 -187.748093
v 194.560440 275.000000 -189.397903
v 198.090103 278.660248 -190.366898
v 202.911713 280.000000 -191.690582
v 207.733307 278.660248 -193.014267
v 211.262970 275.000000 -193.983261
v 212.554916 270.000000 -194.337936
v 211.262985 265.000000 -193.983261
v 207.733322 261.339752 -193.014267
v 202.911728 260.000000 -191.690582
v 198.090118 261.339752 -190.366898
v 194.560455 265.000000 -189.397903
v 193.268509 270.000000 -189.043228
v 194.076782 275.000000 -190.788651
v 197.448532 278.660248 -192.212997
v 202.054428 280.000000 -194.158691
v 206.660324 278.660248 -196.104385
v 210.032074 275.000000 -197.528717
v 211.266220 270.000000 -198.050064
v 210.032074 265.000000 -197.528732
v 206.660339 261.339752 -196.104385
v 202.054443 260.000000 -194.158691
v 197.448532 261.339752 -192.212997
v 194.076782 265.000000 -190.788666
v 192.842636 270.000000 -190.267319
v 193.421509 275.000000 -192.093369
v 196.580399 278.660248 -193.942383
v 200.895538 280.000000 -196.468170
v 205.210663 278.660248 -198.993958
v 208.369568 275.000000 -200.842957
v 209.525818 270.000000 -201.519745
v 208.369583 265.000000 -200.842972
v 205.210678 261.339752 -198.993958
v 200.895554 260.000000 -196.468170
v 196.580414 261.339752 -193.942383
v 193.421509 265.000000 -192.093384
v 192.265274 270.000000 -191.416595
v 192.606232 275.000000 -193.299805
v 195.502502 278.660248 -195.537903
v 199.458878 280.000000 -198.595200
v 203.415253 278.660248 -201.652496
v 206.311523 275.000000 -203.890594
v 207.371643 270.000000 -204.709793
v 206.311523 265.000000 -203.890594
v 203.415268 261.339752 -201.652512
v 199.458878 260.000000 -198.595200
v 195.502502 261.339752 -195.537903
v 192.606232 265.000000 -193.299805
v 191.546127 270.000000 -192.480606
v 191.644531 275.000000 -194.392212
v 194.232727 278.660248 -196.980392
v 197.768265 280.000000 -200.515930
v 201.303802 278.660248 -204.051453
v 203.891998 275.000000 -206.639648
v 204.839355 270.000000 -207.586990
v 203.892014 265.000000 -206.639648
v 201.303802 261.339752 -204.051468
v 197.768265 260.000000 -200.515930
v 194.232742 261.339752 -196.980408
v 191.644547 265.000000 -194.392212
v 190.697189 270.000000 -193.444870
v 190.552124 275.000000 -195.353912
v 192.790222 278.660248 -198.250168
v 195.847534 280.000000 -202.206543
v 198.904861 278.660248 -206.162918
v 201.142960 275.000000 -209.059174
v 201.962173 270.000000 -210.119278
v 201.142960 265.000000 -209.059189
v 198.904861 261.339752 -206.162918
v 195.847534 260.000000 -202.206543
v 192.790237 261.339752 -198.250183
v 190.552124 265.000000 -195.353912
v 189.732925 270.000000 -194.293808
v 189.345703 275.000000 -196.169174
v 191.194717 278.660248 -199.328064
v 193.720520 280.000000 -203.643204
v 196.246323 278.660248 -207.958328
v 198.095337 275.000000 -211.117218
v 198.772125 270.000000 -212.273468
v 198.095352 265.000000 -211.117233
v 196.246338 261.339752 -207.958344
v 193.720520 260.000000 -203.643204
v 191.194733 261.339752 -199.328079
v 189.345718 265.000000 -196.169189
v 188.668930 270.000000 -195.012939
v 188.041000 275.000000 -196.824448
v 189.465347 278.660248 -200.196198
v 191.411057 280.000000 -204.802094
v 193.356750 278.660248 -209.407990
v 194.781097 275.000000 -212.779739
v 195.302444 270.000000 -214.013885
v 194.781097 265.000000 -212.779739
v 193.356750 261.339752 -209.408005
v 191.411057 260.000000 -204.802109
v 189.465347 261.339752 -200.196198
v 188.041000 265.000000 -196.824448
v 187.519653 270.000000 -195.590302
v 186.650253 275.000000 -197.308121
v 187.619247 278.660248 -200.837769
v 188.942947 280.000000 -205.659378
v 190.266632 278.660248 -210.480972
v 191.235626 275.000000 -214.010635
v 191.590317 270.000000 -215.302582
v 191.235626 265.000000 -214.010651
v 190.266632 261.339752 -210.480988
v 188.942947 260.000000 -205.659393
v 187.619247 261.339752 -200.837784
v 186.650253 265.000000 -197.308121
v 186.295563 270.000000 -196.016174
v 185.179886 275.000000 -197.609024
v 185.670212 278.660248 -201.236282
v 186.340042 280.000000 -206.191223
v 187.009842 278.660248 -211.146149
v 187.500183 275.000000 -214.773422
v 187.679657 270.000000 -216.101089
v 187.500183 265.000000 -214.773422
v 187.009857 261.339752 -211.146164
v 186.340042 260.000000 -206.191238
v 185.670227 261.339752 -201.236298
v 185.179886 265.000000 -197.609024
v 185.000412 270.000000 -196.281357
v 183.044785 275.000000 -197.733093
v 183.290497 278.660248 -201.385086
v 183.626144 280.000000 -206.373810
v 183.961777 278.660248 -211.362534
v 184.207474 275.000000 -215.014526
v 184.297409 270.000000 -216.351257
v 184.207489 265.000000 -215.014542
v 183.961777 261.339752 -211.362534
v 183.626144 260.000000 -206.373825
v 183.290497 261.339752 -201.385101
v 183.044800 265.000000 -197.733093
v 182.954865 270.000000 -196.396362
vt 0.000000 1.000000
vt 0.052632 1.000000
vt 0.052632 0.916667
vt 0.000000 0.916667
vt 0.000000 0.083333
vt 0.052632 0.083333
vt 0.052632 0.000000
vt 0.000000 0.000000
vt 0.000000 0.166667
vt 0.052632 0.166667
vt 0.000000 0.250000
vt 0.052632 0.250000
vt 0.000000 0.333333
vt 0.052632 0.333333
vt 0.000000 0.416667
vt 0.052632 0.416667
vt 0.000000 0.500000
vt 0.052632 0.500000
vt 0.000000 0.583333
vt 0.052632 0.583333
vt 0.000000 0.666667
vt 0.052632 0.666667
vt 0.000000 0.750000
vt 0.052632 0.750000
vt 0.000000 0.833333
vt 0.052632 0.833333
vt 0.105263 1.000000
vt 0.105263 0.916667
vt 0.105263 0.083333
vt 0.105263 0.000000
vt 0.105263 0.166667
vt 0.105263 0.250000
vt 0.105263 0.333333
vt 0.105263 0.416667
vt 0.105263 0.500000
vt 0.105263 0.583333
vt 0.105263 0.666667
vt 0.105263 0.750000
vt 0.105263 0.833333
vt 0.157895 1.000000
vt 0.157895 0.916667
vt 0.157895 0.083333
vt 0.157895 0.000000
vt 0.157895 0.166667
vt 0.157895 0.250000
vt 0.157895 0.333333
vt 0.157895 0.416667
vt 0.157895 0.500000
vt 0.157895 0.583333
vt 0.157895 0.666667
vt 0.157895 0.750000
vt 0.157895 0.833333
vt 0.210526 1.000000
vt 0.210526 0.916667
vt 0.210526 0.083333
vt 0.210526 0.000000
vt 0.210526 0.166667
vt 0.210526 0.250000
vt 0.210526 0.333333
vt 0.210526 0.416667
vt 0.210526 0.500000
vt 0.210526 0.583333
vt 0.210526 0.666667
vt 0.210526 0.750000
vt 0.210526 0.833333
vt 0.263158 1.000000
vt 0.263158 0.916667
vt 0.263158 0.083333
vt 0.263158 0.000000
vt 0.263158 0.166667
vt 0.263158 0.250000
vt 0.263158 0.333333
vt 0.263158 0.416667
vt 0.263158 0.500000
vt 0.263158 0.583333
vt 0.263158 0.666667
vt 0.263158 0.750000
vt 0.263158 0.833333
vt 0.315789 1.000000
vt 0.315789 0.916667
vt 0.315789 0.083333
vt 0.315789 0.000000
vt 0.315789 0.166667
vt 0.315789 0.250000
vt 0.315789 0.333333
vt 0.315789 0.416667
vt 0.315789 0.500000
vt 0.315789 0.583333
vt 0.315789 0.666667
vt 0.315789 0.750000
vt 0.315789 0.833333
vt 0.368421 1.000000
vt 0.368421 0.916667
vt 0.368421 0.083333
vt 0.368421 0.000000
vt 0.368421 0.166667
vt 0.368421 0.250000
vt 0.368421 0.333333
vt 0.368421 0.416667
vt 0.368421 0.500000
vt 0.368421 0.583333
vt 0.368421 0.666667
vt 0.368421 0.750000
vt 0.368421 0.833333
vt 0.421053 1.000000
vt 0.421053 0.916667
vt 0.421053 0.083333
vt 0.421053 0.000000
vt 0.421053 0.166667
vt 0.421053 0.250000
vt 0.421053 0.333333
vt 0.421053 0.416667
vt 0.421053 0.500000
vt 0.421053 0.583333
vt 0.421053 0.666667
vt 0.421053 0.750000
vt 0.421053 0.833333
vt 0.473684 1.000000
vt 0.473684 0.916667
vt 0.473684 0.083333
vt 0.473684 0.000000
vt 0.473684 0.166667
vt 0.473684 0.250000
vt 0.473684 0.333333
vt 0.473684 0.416667
vt 0.473684 0.500000
vt 0.473684 0.583333
vt 0.473684 0.666667
vt 0.473684 0.750000
vt 0.473684 0.833333
vt 0.526316 1.000000
vt 0.526316 0.916667
vt 0.526316 0.083333
vt 0.526316 0.000000
vt 0.526316 0.166667
vt 0.526316 0.250000
vt 0.526316 0.333333
vt 0.526316 0.416667
vt 0.526316 0.500000
vt 0.526316 0.583333
vt 0.526316 0.666667
vt 0.526316 0.750000
vt 0.526316 0.833333
vt 0.578947 1.000000
vt 0.578947 0.916667
vt 0.578947 0.083333
vt 0.578947 0.000000
vt 0.578947 0.166667
vt 0.578947 0.250000
vt 0.578947 0.333333
vt 0.578947 0.416667
vt 0.578947 0.500000
vt 0.578947 0.583333
vt 0.578947 0.666667
vt 0.578947 0.750000
vt 0.578947 0.833333
vt 0.631579 1.000000
vt 0.631579 0.916667
vt 0.631579 0.083333
vt 0.631579 0.000000
vt 0.631579 0.166667
vt 0.631579 0.250000
vt 0.631579 0.333333
vt 0.631579 0.416667
vt 0.631579 0.500000
vt 0.631579 0.583333
vt 0.631579 0.666667
vt 0.631579 0.750000
vt 0.631579 0.833333
vt 0.684211 1.000000
vt 0.684211 0.916667
vt 0.684211 0.083333
vt 0.684211 0.000000
vt 0.684211 0.166667
vt 0.684211 0.250000
vt 0.684211 0.333333
vt 0.684211 0.416667
vt 0.684211 0.500000
vt 0.684211 0.583333
vt 0.684211 0.666667
vt 0.684211 0.750000
vt 0.684211 0.833333
vt 0.736842 1.000000
vt 0.736842 0.916667
vt 0.736842 0.083333
vt 0.736842 0.000000
vt 0.736842 0.166667
vt 0.736842 0.250000
vt 0.736842 0.333333
vt 0.736842 0.416667
vt 0.736842 0.500000
vt 0.736842 0.583333
vt 0.736842 0.666667
vt 0.736842 0.750000
vt 0.736842 0.833333
vt 0.789474 1.000000
vt 0.789474 0.916667
vt 0.789474 0.083333
vt 0.789474 0.000000
vt 0.789474 0.166667
vt 0.789474 0.250000
vt 0.789474 0.333333
vt 0.789474 0.416667
vt 0.789474 0.500000
vt 0.789474 0.583333
vt 0.789474 0.666667
vt 0.789474 0.750000
vt 0.789474 0.833333
vt 0.842105 1.000000
vt 0.842105 0.916667
vt 0.842105 0.083333
vt 0.842105 0.000000
vt 0.842105 0.166667
vt 0.842105 0.250000
vt 0.842105 0.333333
vt 0.842105 0.416667
vt 0.842105 0.500000
vt 0.842105 0.583333
vt 0.842105 0.666667
vt 0.842105 0.750000
vt 0.842105 0.833333
vt 0.894737 1.000000
vt 0.894737 0.916667
vt 0.894737 0.083333
vt 0.894737 0.000000
vt 0.894737 0.166667
vt 0.894737 0.250000
vt 0.894737 0.333333
vt 0.894737 0.416667
vt 0.894737 0.500000
vt 0.894737 0.583333
vt 0.894737 0.666667
vt 0.894737 0.750000
vt 0.894737 0.833333
vt 0.947368 1.000000
vt 0.947368 0.916667
vt 0.947368 0.083333
vt 0.947368 0.000000
vt 0.947368 0.166667
vt 0.947368 0.250000
vt 0.947368 0.333333
vt 0.947368 0.416667
vt 0.947368 0.500000
vt 0.947368 0.583333
vt 0.947368 0.666667
vt 0.947368 0.750000
vt 0.947368 0.833333
vt 1.000000 1.000000
vt 1.000000 0.916667
vt 1.000000 0.083333
vt 1.000000 0.000000
vt 1.000000 0.166667
vt 1.000000 0.250000
vt 1.000000 0.333333
vt 1.000000 0.416667
vt 1.000000 0.500000
vt 1.000000 0.583333
vt 1.000000 0.666667
vt 1.000000 0.750000
vt 1.000000 0.833333
vt 0.000000 1.000000
vt 1.000000 1.000000
vt 1.000000 0.916667
vt 0.000000 0.916667
vt 0.000000 0.083333
vt 1.000000 0.083333
vt 1.000000 0.000000
vt 0.000000 0.000000
vt 0.000000 0.166667
vt 1.000000 0.166667
vt 0.000000 0.250000
vt 1.000000 0.250000
vt 0.000000 0.333333
vt 1.000000 0.333333
vt 0.000000 0.416667
vt 1.000000 0.416667
vt 0.000000 0.500000
vt 1.000000 0.500000
vt 0.000000 0.583333
vt 1.000000 0.583333
vt 0.000000 0.666667
vt 1.000000 0.666667
vt 0.000000 0.750000
vt 1.000000 0.750000
vt 0.000000 0.833333
vt 1.000000 0.833333
vt 0.000000 1.000000
vt 1.000000 1.000000
vt 1.000000 0.916667
vt 0.000000 0.916667
vt 0.000000 0.083333
vt 1.000000 0.083333
vt 1.000000 0.000000
vt 0.000000 0.000000
vt 0.000000 0.166667
vt 1.000000 0.166667
vt 0.000000 0.250000
vt 1.000000 0.250000
vt 0.000000 0.333333
vt 1.000000 0.333333
vt 0.000000 0.416667
vt 1.000000 0.416667
vt 0.000000 0.500000
vt 1.000000 0.500000
vt 0.000000 0.583333
vt 1.000000 0.583333
vt 0.000000 0.666667
vt 1.000000 0.666667
vt 0.000000 0.750000
vt 1.000000 0.750000
vt 0.000000 0.833333
vt 1.000000 0.833333
vt 0.000000 1.000000
vt 1.000000 1.000000
vt 1.000000 0.916667
vt 0.000000 0.916667
vt 0.000000 0.083333
vt 1.000000 0.083333
vt 1.000000 0.000000
vt 0.000000 0.000000
vt 0.000000 0.166667
vt 1.000000 0.166667
vt 0.000000 0.250000
vt 1.000000 0.250000
vt 0.000000 0.333333
vt 1.000000 0.333333
vt 0.000000 0.416667
vt 1.000000 0.416667
vt 0.000000 0.500000
vt 1.000000 0.500000
vt 0.000000 0.583333
vt 1.000000 0.583333
vt 0.000000 0.666667
vt 1.000000 0.666667
vt 0.000000 0.750000
vt 1.000000 0.750000
vt 0.000000 0.833333
vt 1.000000 0.833333
vt 0.000000 1.000000
vt 1.000000 1.000000
vt 1.000000 0.916667
vt 0.000000 0.916667
vt 0.000000 0.083333
vt 1.000000 0.083333
vt 1.000000 0.000000
vt 0.000000 0.000000
vt 0.000000 0.166667
vt 1.000000 0.166667
vt 0.000000 0.250000
vt 1.000000 0.250000
vt 0.000000 0.333333
vt 1.000000 0.333333
vt 0.000000 0.416667
vt 1.000000 0.416667
vt 0.000000 0.500000
vt 1.000000 0.500000
vt 0.000000 0.583333
vt 1.000000 0.583333
vt 0.000000 0.666667
vt 1.000000 0.666667
vt 0.000000 0.750000
vt 1.000000 0.750000
vt 0.000000 0.833333
vt 1.000000 0.833333
vt 0.000000 1.000000
vt 1.000000 1.000000
vt 1.000000 0.916667
vt 0.000000 0.916667
vt 0.000000 0.083333
vt 1.000000 0.083333
vt 1.000000 0.000000
vt 0.000000 0.000000
vt 0.000000 0.166667
vt 1.000000 0.166667
vt 0.000000 0.250000
vt 1.000000 0.250000
vt 0.000000 0.333333
vt 1.000000 0.333333
vt 0.000000 0.416667
vt 1.000000 0.416667
vt 0.000000 0.500000
vt 1.000000 0.500000
vt 0.000000 0.583333
vt 1.000000 0.583333
vt 0.000000 0.666667
vt 1.000000 0.666667
vt 0.000000 0.750000
vt 1.000000 0.750000
vt 0.000000 0.833333
vt 1.000000 0.833333
vt 0.000000 1.000000
vt 0.055556 1.000000
vt 0.055556 0.916667
vt 0.000000 0.916667
vt 0.000000 0.083333
vt 0.055556 0.083333
vt 0.055556 0.000000
vt 0.000000 0.000000
vt 0.000000 0.166667
vt 0.055556 0.166667
vt 0.000000 0.250000
vt 0.055556 0.250000
vt 0.000000 0.333333
vt 0.055556 0.333333
vt 0.000000 0.416667
vt 0.055556 0.416667
vt 0.000000 0.500000
vt 0.055556 0.500000
vt 0.000000 0.583333
vt 0.055556 0.583333
vt 0.000000 0.666667
vt 0.055556 0.666667
vt 0.000000 0.750000
vt 0.055556 0.750000
vt 0.000000 0.833333
vt 0.055556 0.833333
vt 0.111111 1.000000
vt 0.111111 0.916667
vt 0.111111 0.083333
vt 0.111111 0.000000
vt 0.111111 0.166667
vt 0.111111 0.250000
vt 0.111111 0.333333
vt 0.111111 0.416667
vt 0.111111 0.500000
vt 0.111111 0.583333
vt 0.111111 0.666667
vt 0.111111 0.750000
vt 0.111111 0.833333
vt 0.166667 1.000000
vt 0.166667 0.916667
vt 0.166667 0.083333
vt 0.166667 0.000000
vt 0.166667 0.166667
vt 0.166667 0.250000
vt 0.166667 0.333333
vt 0.166667 0.416667
vt 0.166667 0.500000
vt 0.166667 0.583333
vt 0.166667 0.666667
vt 0.166667 0.750000
vt 0.166667 0.833333
vt 0.222222 1.000000
vt 0.222222 0.916667
vt 0.222222 0.083333
vt 0.222222 0.000000
vt 0.222222 0.166667
vt 0.222222 0.250000
vt 0.222222 0.333333
vt 0.222222 0.416667
vt 0.222222 0.500000
vt 0.222222 0.583333
vt 0.222222 0.666667
vt 0.222222 0.750000
vt 0.222222 0.833333
vt 0.277778 1.000000
vt 0.277778 0.916667
vt 0.277778 0.083333
vt 0.277778 0.000000
vt 0.277778 0.166667
vt 0.277778 0.250000
vt 0.277778 0.333333
vt 0.277778 0.416667
vt 0.277778 0.500000
vt 0.277778 0.583333
vt 0.277778 0.666667
vt 0.277778 0.750000
vt 0.277778 0.833333
vt 0.333333 1.000000
vt 0.333333 0.916667
vt 0.333333 0.083333
vt 0.333333 0.000000
vt 0.333333 0.166667
vt 0.333333 0.250000
vt 0.333333 0.333333
vt 0.333333 0.416667
vt 0.333333 0.500000
vt 0.333333 0.583333
vt 0.333333 0.666667
vt 0.333333 0.750000
vt 0.333333 0.833333
vt 0.388889 1.000000
vt 0.388889 0.916667
vt 0.388889 0.083333
vt 0.388889 0.000000
vt 0.388889 0.166667
vt 0.388889 0.250000
vt 0.388889 0.333333
vt 0.388889 0.416667
vt 0.388889 0.500000
vt 0.388889 0.583333
vt 0.388889 0.666667
vt 0.388889 0.750000
vt 0.388889 0.833333
vt 0.444444 1.000000
vt 0.444444 0.916667
vt 0.444444 0.083333
vt 0.444444 0.000000
vt 0.444444 0.166667
vt 0.444444 0.250000
vt 0.444444 0.333333
vt 0.444444 0.416667
vt 0.444444 0.500000
vt 0.444444 0.583333
vt 0.444444 0.666667
vt 0.444444 0.750000
vt 0.444444 0.833333
vt 0.500000 1.000000
vt 0.500000 0.916667
vt 0.500000 0.083333
vt 0.500000 0.000000
vt 0.500000 0.166667
vt 0.500000 0.250000
vt 0.500000 0.333333
vt 0.500000 0.416667
vt 0.500000 0.500000
vt 0.500000 0.583333
vt 0.500000 0.666667
vt 0.500000 0.750000
vt 0.500000 0.833333
vt 0.555556 1.000000
vt 0.555556 0.916667
vt 0.555556 0.083333
vt 0.555556 0.000000
vt 0.555556 0.166667
vt 0.555556 0.250000
vt 0.555556 0.333333
vt 0.555556 0.416667
vt 0.555556 0.500000
vt 0.555556 0.583333
vt 0.555556 0.666667
vt 0.555556 0.750000
vt 0.555556 0.833333
vt 0.611111 1.000000
vt 0.611111 0.916667
vt 0.611111 0.083333
vt 0.611111 0.000000
vt 0.611111 0.166667
vt 0.611111 0.250000
vt 0.611111 0.333333
vt 0.611111 0.416667
vt 0.611111 0.500000
vt 0.611111 0.583333
vt 0.611111 0.666667
vt 0.611111 0.750000
vt 0.611111 0.833333
vt 0.666667 1.000000
vt 0.666667 0.916667
vt 0.666667 0.083333
vt 0.666667 0.000000
vt 0.666667 0.166667
vt 0.666667 0.250000
vt 0.666667 0.333333
vt 0.666667 0.416667
vt 0.666667 0.500000
vt 0.666667 0.583333
vt 0.666667 0.666667
vt 0.666667 0.750000
vt 0.666667 0.833333
vt 0.722222 1.000000
vt 0.722222 0.916667
vt 0.722222 0.083333
vt 0.722222 0.000000
vt 0.722222 0.166667
vt 0.722222 0.250000
vt 0.722222 0.333333
vt 0.722222 0.416667
vt 0.722222 0.500000
vt 0.722222 0.583333
vt 0.722222 0.666667
vt 0.722222 0.750000
vt 0.722222 0.833333
vt 0.777778 1.000000
vt 0.777778 0.916667
vt 0.777778 0.083333
vt 0.777778 0.000000
vt 0.777778 0.166667
vt 0.777778 0.250000
vt 0.777778 0.333333
vt 0.777778 0.416667
vt 0.777778 0.500000
vt 0.777778 0.583333
vt 0.777778 0.666667
vt 0.777778 0.750000
vt 0.777778 0.833333
vt 0.833333 1.000000
vt 0.833333 0.916667
vt 0.833333 0.083333
vt 0.833333 0.000000
vt 0.833333 0.166667
vt 0.833333 0.250000
vt 0.833333 0.333333
vt 0.833333 0.416667
vt 0.833333 0.500000
vt 0.833333 0.583333
vt 0.833333 0.666667
vt 0.833333 0.750000
vt 0.833333 0.833333
vt 0.888889 1.000000
vt 0.888889 0.916667
vt 0.888889 0.083333
vt 0.888889 0.000000
vt 0.888889 0.166667
vt 0.888889 0.250000
vt 0.888889 0.333333
vt 0.888889 0.416667
vt 0.888889 0.500000
vt 0.888889 0.583333
vt 0.888889 0.666667
vt 0.888889 0.750000
vt 0.888889 0.833333
vt 0.944444 1.000000
vt 0.944444 0.916667
vt 0.944444 0.083333
vt 0.944444 0.000000
vt 0.944444 0.166667
vt 0.944444 0.250000
vt 0.944444 0.333333
vt 0.944444 0.416667
vt 0.944444 0.500000
vt 0.944444 0.583333
vt 0.944444 0.666667
vt 0.944444 0.750000
vt 0.944444 0.833333
vt 1.000000 1.000000
vt 1.000000 0.916667
vt 1.000000 0.083333
vt 1.000000 0.000000
vt 1.000000 0.166667
vt 1.000000 0.250000
vt 1.000000 0.333333
vt 1.000000 0.416667
vt 1.000000 0.500000
vt 1.000000 0.583333
vt 1.000000 0.666667
vt 1.000000 0.750000
vt 1.000000 0.833333
vt 0.000000 1.000000
vt 0.083333 1.000000
vt 0.083333 0.916667
vt 0.000000 0.916667
vt 0.000000 0.083333
vt 0.083333 0.083333
vt 0.083333 0.000000
vt 0.000000 0.000000
vt 0.000000 0.166667
vt 0.083333 0.166667
vt 0.000000 0.250000
vt 0.083333 0.250000
vt 0.000000 0.333333
vt 0.083333 0.333333
vt 0.000000 0.416667
vt 0.083333 0.416667
vt 0.000000 0.500000
vt 0.083333 0.500000
vt 0.000000 0.583333
vt 0.083333 0.583333
vt 0.000000 0.666667
vt 0.083333 0.666667
vt 0.000000 0.750000
vt 0.083333 0.750000
vt 0.000000 0.833333
vt 0.083333 0.833333
vt 0.166667 1.000000
vt 0.166667 0.916667
vt 0.166667 0.083333
vt 0.166667 0.000000
vt 0.166667 0.166667
vt 0.166667 0.250000
vt 0.166667 0.333333
vt 0.166667 0.416667
vt 0.166667 0.500000
vt 0.166667 0.583333
vt 0.166667 0.666667
vt 0.166667 0.750000
vt 0.166667 0.833333
vt 0.250000 1.000000
vt 0.250000 0.916667
vt 0.250000 0.083333
vt 0.250000 0.000000
vt 0.250000 0.166667
vt 0.250000 0.250000
vt 0.250000 0.333333
vt 0.250000 0.416667
vt 0.250000 0.500000
vt 0.250000 0.583333
vt 0.250000 0.666667
vt 0.250000 0.750000
vt 0.250000 0.833333
vt 0.333333 1.000000
vt 0.333333 0.916667
vt 0.333333 0.083333
vt 0.333333 0.000000
vt 0.333333 0.166667
vt 0.333333 0.250000
vt 0.333333 0.333333
vt 0.333333 0.416667
vt 0.333333 0.500000
vt 0.333333 0.583333
vt 0.333333 0.666667
vt 0.333333 0.750000
vt 0.333333 0.833333
vt 0.416667 1.000000
vt 0.416667 0.916667
vt 0.416667 0.083333
vt 0.416667 0.000000
vt 0.416667 0.166667
vt 0.416667 0.250000
vt 0.416667 0.333333
vt 0.416667 0.416667
vt 0.416667 0.500000
vt 0.416667 0.583333
vt 0.416667 0.666667
vt 0.416667 0.750000
vt 0.416667 0.833333
vt 0.500000 1.000000
vt 0.500000 0.916667
vt 0.500000 0.083333
vt 0.500000 0.000000
vt 0.500000 0.166667
vt 0.500000 0.250000
vt 0.500000 0.333333
vt 0.500000 0.416667
vt 0.500000 0.500000
vt 0.500000 0.583333
vt 0.500000 0.666667
vt 0.500000 0.750000
vt 0.500000 0.833333
vt 0.583333 1.000000
vt 0.583333 0.916667
vt 0.583333 0.083333
vt 0.583333 0.000000
vt 0.583333 0.166667
vt 0.583333 0.250000
vt 0.583333 0.333333
vt 0.583333 0.416667
vt 0.583333 0.500000
vt 0.583333 0.583333
vt 0.583333 0.666667
vt 0.583333 0.750000
vt 0.583333 0.833333
vt 0.666667 1.000000
vt 0.666667 0.916667
vt 0.666667 0.083333
vt 0.666667 0.000000
vt 0.666667 0.166667
vt 0.666667 0.250000
vt 0.666667 0.333333
vt 0.666667 0.416667
vt 0.666667 0.500000
vt 0.666667 0.583333
vt 0.666667 0.666667
vt 0.666667 0.750000
vt 0.666667 0.833333
vt 0.750000 1.000000
vt 0.750000 0.916667
vt 0.750000 0.083333
vt 0.750000 0.000000
vt 0.750000 0.166667
vt 0.750000 0.250000
vt 0.750000 0.333333
vt 0.750000 0.416667
vt 0.750000 0.500000
vt 0.750000 0.583333
vt 0.750000 0.666667
vt 0.750000 0.750000
vt 0.750000 0.833333
vt 0.833333 1.000000
vt 0.833333 0.916667
vt 0.833333 0.083333
vt 0.833333 0.000000
vt 0.833333 0.166667
vt 0.833333 0.250000
vt 0.833333 0.333333
vt 0.833333 0.416667
vt 0.833333 0.500000
vt 0.833333 0.583333
vt 0.833333 0.666667
vt 0.833333 0.750000
vt 0.833333 0.833333
vt 0.916667 1.000000
vt 0.916667 0.916667
vt 0.916667 0.083333
vt 0.916667 0.000000
vt 0.916667 0.166667
vt 0.916667 0.250000
vt 0.916667 0.333333
vt 0.916667 0.416667
vt 0.916667 0.500000
vt 0.916667 0.583333
vt 0.916667 0.666667
vt 0.916667 0.750000
vt 0.916667 0.833333
vt 1.000000 1.000000
vt 1.000000 0.916667
vt 1.000000 0.083333
vt 1.000000 0.000000
vt 1.000000 0.166667
vt 1.000000 0.250000
vt 1.000000 0.333333
vt 1.000000 0.416667
vt 1.000000 0.500000
vt 1.000000 0.583333
vt 1.000000 0.666667
vt 1.000000 0.750000
vt 1.000000 0.833333
vt 0.000000 1.000000
vt 0.083333 1.000000
vt 0.083333 0.916667
vt 0.000000 0.916667
vt 0.000000 0.083333
vt 0.083333 0.083333
vt 0.083333 0.000000
vt 0.000000 0.000000
vt 0.000000 0.166667
vt 0.083333 0.166667
vt 0.000000 0.250000
vt 0.083333 0.250000
vt 0.000000 0.333333
vt 0.083333 0.333333
vt 0.000000 0.416667
vt 0.083333 0.416667
vt 0.000000 0.500000
vt 0.083333 0.500000
vt 0.000000 0.583333
vt 0.083333 0.583333
vt 0.000000 0.666667
vt 0.083333 0.666667
vt 0.000000 0.750000
vt 0.083333 0.750000
vt 0.000000 0.833333
vt 0.083333 0.833333
vt 0.166667 1.000000
vt 0.166667 0.916667
vt 0.166667 0.083333
vt 0.166667 0.000000
vt 0.166667 0.166667
vt 0.166667 0.250000
vt 0.166667 0.333333
vt 0.166667 0.416667
vt 0.166667 0.500000
vt 0.166667 0.583333
vt 0.166667 0.666667
vt 0.166667 0.750000
vt 0.166667 0.833333
vt 0.250000 1.000000
vt 0.250000 0.916667
vt 0.250000 0.083333
vt 0.250000 0.000000
vt 0.250000 0.166667
vt 0.250000 0.250000
vt 0.250000 0.333333
vt 0.250000 0.416667
vt 0.250000 0.500000
vt 0.250000 0.583333
vt 0.250000 0.666667
vt 0.250000 0.750000
vt 0.250000 0.833333
vt 0.333333 1.000000
vt 0.333333 0.916667
vt 0.333333 0.083333
vt 0.333333 0.000000
vt 0.333333 0.166667
vt 0.333333 0.250000
vt 0.333333 0.333333
vt 0.333333 0.416667
vt 0.333333 0.500000
vt 0.333333 0.583333
vt 0.333333 0.666667
vt 0.333333 0.750000
vt 0.333333 0.833333
vt 0.416667 1.000000
vt 0.416667 0.916667
vt 0.416667 0.083333
vt 0.416667 0.000000
vt 0.416667 0.166667
vt 0.416667 0.250000
vt 0.416667 0.333333
vt 0.416667 0.416667
vt 0.416667 0.500000
vt 0.416667 0.583333
vt 0.416667 0.666667
vt 0.416667 0.750000
vt 0.416667 0.833333
vt 0.500000 1.000000
vt 0.500000 0.916667
vt 0.500000 0.083333
vt 0.500000 0.000000
vt 0.500000 0.166667
vt 0.500000 0.250000
vt 0.500000 0.333333
vt 0.500000 0.416667
vt 0.500000 0.500000
vt 0.500000 0.583333
vt 0.500000 0.666667
vt 0.500000 0.750000
vt 0.500000 0.833333
vt 0.583333 1.000000
vt 0.583333 0.916667
vt 0.583333 0.083333
vt 0.583333 0.000000
vt 0.583333 0.166667
vt 0.583333 0.250000
vt 0.583333 0.333333
vt 0.583333 0.416667
vt 0.583333 0.500000
vt 0.583333 0.583333
vt 0.583333 0.666667
vt 0.583333 0.750000
vt 0.583333 0.833333
vt 0.666667 1.000000
vt 0.666667 0.916667
vt 0.666667 0.083333
vt 0.666667 0.000000
vt 0.666667 0.166667
vt 0.666667 0.250000
vt 0.666667 0.333333
vt 0.666667 0.416667
vt 0.666667 0.500000
vt 0.666667 0.583333
vt 0.666667 0.666667
vt 0.666667 0.750000
vt 0.666667 0.833333
vt 0.750000 1.000000
vt 0.750000 0.916667
vt 0.750000 0.083333
vt 0.750000 0.000000
vt 0.750000 0.166667
vt 0.750000 0.250000
vt 0.750000 0.333333
vt 0.750000 0.416667
vt 0.750000 0.500000
vt 0.750000 0.583333
vt 0.750000 0.666667
vt 0.750000 0.750000
vt 0.750000 0.833333
vt 0.833333 1.000000
vt 0.833333 0.916667
vt 0.833333 0.083333
vt 0.833333 0.000000
vt 0.833333 0.166667
vt 0.833333 0.250000
vt 0.833333 0.333333
vt 0.833333 0.416667
vt 0.833333 0.500000
vt 0.833333 0.583333
vt 0.833333 0.666667
vt 0.833333 0.750000
vt 0.833333 0.833333
vt 0.916667 1.000000
vt 0.916667 0.916667
vt 0.916667 0.083333
vt 0.916667 0.000000
vt 0.916667 0.166667
vt 0.916667 0.250000
vt 0.916667 0.333333
vt 0.916667 0.416667
vt 0.916667 0.500000
vt 0.916667 0.583333
vt 0.916667 0.666667
vt 0.916667 0.750000
vt 0.916667 0.833333
vt 1.000000 1.000000
vt 1.000000 0.916667
vt 1.000000 0.083333
vt 1.000000 0.000000
vt 1.000000 0.166667
vt 1.000000 0.250000
vt 1.000000 0.333333
vt 1.000000 0.416667
vt 1.000000 0.500000
vt 1.000000 0.583333
vt 1.000000 0.666667
vt 1.000000 0.750000
vt 1.000000 0.833333
vt 0.000000 1.000000
vt 0.083333 1.000000
vt 0.083333 0.916667
vt 0.000000 0.916667
vt 0.000000 0.083333
vt 0.083333 0.083333
vt 0.083333 0.000000
vt 0.000000 0.000000
vt 0.000000 0.166667
vt 0.083333 0.166667
vt 0.000000 0.250000
vt 0.083333 0.250000
vt 0.000000 0.333333
vt 0.083333 0.333333
vt 0.000000 0.416667
vt 0.083333 0.416667
vt 0.000000 0.500000
vt 0.083333 0.500000
vt 0.000000 0.583333
vt 0.083333 0.583333
vt 0.000000 0.666667
vt 0.083333 0.666667
vt 0.000000 0.750000
vt 0.083333 0.750000
vt 0.000000 0.833333
vt 0.083333 0.833333
vt 0.166667 1.000000
vt 0.166667 0.916667
vt 0.166667 0.083333
vt 0.166667 0.000000
vt 0.166667 0.166667
vt 0.166667 0.250000
vt 0.166667 0.333333
vt 0.166667 0.416667
vt 0.166667 0.500000
vt 0.166667 0.583333
vt 0.166667 0.666667
vt 0.166667 0.750000
vt 0.166667 0.833333
vt 0.250000 1.000000
vt 0.250000 0.916667
vt 0.250000 0.083333
vt 0.250000 0.000000
vt 0.250000 0.166667
vt 0.250000 0.250000
vt 0.250000 0.333333
vt 0.250000 0.416667
vt 0.250000 0.500000
vt 0.250000 0.583333
vt 0.250000 0.666667
vt 0.250000 0.750000
vt 0.250000 0.833333
vt 0.333333 1.000000
vt 0.333333 0.916667
vt 0.333333 0.083333
vt 0.333333 0.000000
vt 0.333333 0.166667
vt 0.333333 0.250000
vt 0.333333 0.333333
vt 0.333333 0.416667
vt 0.333333 0.500000
vt 0.333333 0.583333
vt 0.333333 0.666667
vt 0.333333 0.750000
vt 0.333333 0.833333
vt 0.416667 1.000000
vt 0.416667 0.916667
vt 0.416667 0.083333
vt 0.416667 0.000000
vt 0.416667 0.166667
vt 0.416667 0.250000
vt 0.416667 0.333333
vt 0.416667 0.416667
vt 0.416667 0.500000
vt 0.416667 0.583333
vt 0.416667 0.666667
vt 0.416667 0.750000
vt 0.416667 0.833333
vt 0.500000 1.000000
vt 0.500000 0.916667
vt 0.500000 0.083333
vt 0.500000 0.000000
vt 0.500000 0.166667
vt 0.500000 0.250000
vt 0.500000 0.333333
vt 0.500000 0.416667
vt 0.500000 0.500000
vt 0.500000 0.583333
vt 0.500000 0.666667
vt 0.500000 0.750000
vt 0.500000 0.833333
vt 0.583333 1.000000
vt 0.583333 0.916667
vt 0.583333 0.083333
vt 0.583333 0.000000
vt 0.583333 0.166667
vt 0.583333 0.250000
vt 0.583333 0.333333
vt 0.583333 0.416667
vt 0.583333 0.500000
vt 0.583333 0.583333
vt 0.583333 0.666667
vt 0.583333 0.750000
vt 0.583333 0.833333
vt 0.666667 1.000000
vt 0.666667 0.916667
vt 0.666667 0.083333
vt 0.666667 0.000000
vt 0.666667 0.166667
vt 0.666667 0.250000
vt 0.666667 0.333333
vt 0.666667 0.416667
vt 0.666667 0.500000
vt 0.666667 0.583333
vt 0.666667 0.666667
vt 0.666667 0.750000
vt 0.666667 0.833333
vt 0.750000 1.000000
vt 0.750000 0.916667
vt 0.750000 0.083333
vt 0.750000 0.000000
vt 0.750000 0.166667
vt 0.750000 0.250000
vt 0.750000 0.333333
vt 0.750000 0.416667
vt 0.750000 0.500000
vt 0.750000 0.583333
vt 0.750000 0.666667
vt 0.750000 0.750000
vt 0.750000 0.833333
vt 0.833333 1.000000
vt 0.833333 0.916667
vt 0.833333 0.083333
vt 0.833333 0.000000
vt 0.833333 0.166667
vt 0.833333 0.250000
vt 0.833333 0.333333
vt 0.833333 0.416667
vt 0.833333 0.500000
vt 0.833333 0.583333
vt 0.833333 0.666667
vt 0.833333 0.750000
vt 0.833333 0.833333
vt 0.916667 1.000000
vt 0.916667 0.916667
vt 0.916667 0.083333
vt 0.916667 0.000000
vt 0.916667 0.166667
vt 0.916667 0.250000
vt 0.916667 0.333333
vt 0.916667 0.416667
vt 0.916667 0.500000
vt 0.916667 0.583333
vt 0.916667 0.666667
vt 0.916667 0.750000
vt 0.916667 0.833333
vt 1.000000 1.000000
vt 1.000000 0.916667
vt 1.000000 0.083333
vt 1.000000 0.000000
vt 1.000000 0.166667
vt 1.000000 0.250000
vt 1.000000 0.333333
vt 1.000000 0.416667
vt 1.000000 0.500000
vt 1.000000 0.583333
vt 1.000000 0.666667
vt 1.000000 0.750000
vt 1.000000 0.833333
vn 0.9636 0.2586 0.0673
vn 0.7058 0.7068 0.0483
vn 0.2585 0.9659 0.0170
vn -0.2586 0.9659 -0.0159
vn -0.7064 0.7067 -0.0404
vn -0.9646 0.2585 -0.0521
vn -0.9646 -0.2585 -0.0521
vn -0.7064 -0.7067 -0.0404
vn -0.2586 -0.9659 -0.0159
vn 0.2585 -0.9659 0.0170
vn 0.7058 -0.7068 0.0483
vn 0.9636 -0.2586 0.0673
vn 0.9484 0.2583 0.1838
vn 0.6949 0.7064 0.1347
vn 0.2546 0.9658 0.0493
vn -0.2546 0.9658 -0.0493
vn -0.6949 0.7064 -0.1345
vn -0.9485 0.2583 -0.1835
vn -0.9485 -0.2583 -0.1835
vn -0.6949 -0.7064 -0.1345
vn -0.2546 -0.9658 -0.0493
vn 0.2546 -0.9658 0.0493
vn 0.6949 -0.7064 0.1347
vn 0.9484 -0.2583 0.1838
vn 0.9169 0.2583 0.3043
vn 0.6718 0.7064 0.2230
vn 0.2461 0.9658 0.0817
vn -0.2461 0.9658 -0.0816
vn -0.6719 0.7064 -0.2227
vn -0.9170 0.2583 -0.3038
vn -0.9170 -0.2583 -0.3038
vn -0.6719 -0.7064 -0.2227
vn -0.2461 -0.9658 -0.0816
vn 0.2461 -0.9658 0.0817
vn 0.6718 -0.7064 0.2230
vn 0.9169 -0.2583 0.3043
vn 0.8694 0.2583 0.4213
vn 0.6370 0.7063 0.3087
vn 0.2334 0.9658 0.1131
vn -0.2334 0.9658 -0.1130
vn -0.6371 0.7063 -0.3084
vn -0.8696 0.2583 -0.4208
vn -0.8696 -0.2583 -0.4208
vn -0.6371 -0.7063 -0.3084
vn -0.2334 -0.9658 -0.1131
vn 0.2334 -0.9658 0.1131
vn 0.6370 -0.7063 0.3087
vn 0.8694 -0.2583 0.4213
vn 0.8060 0.2583 0.5326
vn 0.5906 0.7063 0.3903
vn 0.2164 0.9658 0.1430
vn -0.2164 0.9658 -0.1430
vn -0.5907 0.7063 -0.3901
vn -0.8062 0.2583 -0.5323
vn -0.8062 -0.2583 -0.5323
vn -0.5907 -0.7063 -0.3901
vn -0.2164 -0.9658 -0.1430
vn 0.2164 -0.9658 0.1430
vn 0.5906 -0.7063 0.3903
vn 0.8060 -0.2583 0.5326
vn 0.7274 0.2583 0.6357
vn 0.5330 0.7063 0.4658
vn 0.1953 0.9658 0.1707
vn -0.1953 0.9658 -0.1707
vn -0.5330 0.7063 -0.4658
vn -0.7274 0.2583 -0.6357
vn -0.7274 -0.2583 -0.6357
vn -0.5330 -0.7063 -0.4658
vn -0.1953 -0.9658 -0.1707
vn 0.1953 -0.9658 0.1707
vn 0.5330 -0.7063 0.4658
vn 0.7274 -0.2583 0.6357
vn 0.6357 0.2583 0.7274
vn 0.4658 0.7063 0.5330
vn 0.1707 0.9658 0.1953
vn -0.1707 0.9658 -0.1953
vn -0.4658 0.7063 -0.5330
vn -0.6357 0.2583 -0.7274
vn -0.6357 -0.2583 -0.7274
vn -0.4658 -0.7063 -0.5330
vn -0.1707 -0.9658 -0.1953
vn 0.1707 -0.9658 0.1953
vn 0.4658 -0.7063 0.5330
vn 0.6357 -0.2583 0.7274
vn 0.5326 0.2583 0.8060
vn 0.3903 0.7063 0.5906
vn 0.1430 0.9658 0.2164
vn -0.1430 0.9658 -0.2164
vn -0.3901 0.7063 -0.5907
vn -0.5322 0.2583 -0.8062
vn -0.5322 -0.2583 -0.8062
vn -0.3901 -0.7063 -0.5907
vn -0.1430 -0.9658 -0.2164
vn 0.1430 -0.9658 0.2164
vn 0.3903 -0.7063 0.5906
vn 0.5326 -0.2583 0.8060
vn 0.4213 0.2583 0.8694
vn 0.3087 0.7063 0.6370
vn 0.1131 0.9658 0.2334
vn -0.1130 0.9658 -0.2334
vn -0.3084 0.7063 -0.6371
vn -0.4208 0.2583 -0.8696
vn -0.4208 -0.2583 -0.8696
vn -0.3084 -0.7063 -0.6371
vn -0.1130 -0.9658 -0.2334
vn 0.1131 -0.9658 0.2334
vn 0.3087 -0.7063 0.6370
vn 0.4213 -0.2583 0.8694
vn 0.3043 0.2583 0.9169
vn 0.2230 0.7064 0.6718
vn 0.0817 0.9658 0.2461
vn -0.0816 0.9658 -0.2462
vn -0.2227 0.7064 -0.6719
vn -0.3038 0.2583 -0.9170
vn -0.3038 -0.2583 -0.9170
vn -0.2227 -0.7064 -0.6719
vn -0.0816 -0.9658 -0.2461
vn 0.0817 -0.9658 0.2461
vn 0.2230 -0.7064 0.6718
vn 0.3043 -0.2583 0.9169
vn 0.1838 0.2583 0.9484
vn 0.1347 0.7064 0.6949
vn 0.0493 0.9658 0.2546
vn -0.0493 0.9658 -0.2546
vn -0.1345 0.7064 -0.6949
vn -0.1835 0.2583 -0.9485
vn -0.1835 -0.2583 -0.9485
vn -0.1345 -0.7064 -0.6949
vn -0.0493 -0.9658 -0.2546
vn 0.0493 -0.9658 0.2546
vn 0.1347 -0.7064 0.6949
vn 0.1838 -0.2583 0.9484
vn 0.0615 0.2583 0.9641
vn 0.0450 0.7064 0.7064
vn 0.0165 0.9658 0.2588
vn -0.0165 0.9658 -0.2588
vn -0.0450 0.7064 -0.7064
vn -0.0614 0.2583 -0.9641
vn -0.0614 -0.2583 -0.9641
vn -0.0450 -0.7064 -0.7064
vn -0.0165 -0.9658 -0.2588
vn 0.0165 -0.9658 0.2588
vn 0.0450 -0.7064 0.7064
vn 0.0615 -0.2583 0.9641
vn -0.0615 0.2583 0.9641
vn -0.0450 0.7064 0.7064
vn -0.0165 0.9658 0.2588
vn 0.0165 0.9658 -0.2588
vn 0.0450 0.7064 -0.7064
vn 0.0614 0.2583 -0.9641
vn 0.0614 -0.2583 -0.9641
vn 0.0450 -0.7064 -0.7064
vn 0.0165 -0.9658 -0.2588
vn -0.0165 -0.9658 0.2588
vn -0.0450 -0.7064 0.7064
vn -0.0615 -0.2583 0.9641
vn -0.1838 0.2583 0.9484
vn -0.1347 0.7064 0.6949
vn -0.0493 0.9658 0.2546
vn 0.0493 0.9658 -0.2546
vn 0.1345 0.7064 -0.6949
vn 0.1835 0.2583 -0.9485
vn 0.1835 -0.2583 -0.9485
vn 0.1345 -0.7064 -0.6949
vn 0.0493 -0.9658 -0.2546
vn -0.0493 -0.9658 0.2546
vn -0.1347 -0.7064 0.6949
vn -0.1838 -0.2583 0.9484
vn -0.3043 0.2583 0.9169
vn -0.2230 0.7064 0.6718
vn -0.0817 0.9658 0.2461
vn 0.0816 0.9658 -0.2461
vn 0.2227 0.7064 -0.6719
vn 0.3038 0.2583 -0.9170
vn 0.3038 -0.2583 -0.9170
vn 0.2227 -0.7064 -0.6719
vn 0.0816 -0.9658 -0.2461
vn -0.0817 -0.9658 0.2461
vn -0.2230 -0.7064 0.6718
vn -0.3043 -0.2583 0.9169
vn -0.4213 0.2583 0.8694
vn -0.3087 0.7063 0.6370
vn -0.1131 0.9658 0.2334
vn 0.1130 0.9658 -0.2334
vn 0.3084 0.7063 -0.6371
vn 0.4208 0.2583 -0.8696
vn 0.4208 -0.2583 -0.8696
vn 0.3084 -0.7063 -0.6371
vn 0.1130 -0.9658 -0.2334
vn -0.1131 -0.9658 0.2334
vn -0.3087 -0.7063 0.6370
vn -0.4213 -0.2583 0.8694
vn -0.5326 0.2583 0.8060
vn -0.3903 0.7063 0.5906
vn -0.1430 0.9658 0.2164
vn 0.1430 0.9658 -0.2164
vn 0.3901 0.7063 -0.5907
vn 0.5323 0.2583 -0.8062
vn 0.5323 -0.2583 -0.8062
vn 0.3901 -0.7063 -0.5907
vn 0.1430 -0.9658 -0.2164
vn -0.1430 -0.9658 0.2164
vn -0.3903 -0.7063 0.5906
vn -0.5326 -0.2583 0.8060
vn -0.6325 0.2585 0.7301
vn -0.4638 0.7066 0.5344
vn -0.1703 0.9658 0.1954
vn 0.1709 0.9658 -0.1949
vn 0.4687 0.7066 -0.5302
vn 0.6421 0.2584 -0.7217
vn 0.6421 -0.2584 -0.7217
vn 0.4687 -0.7066 -0.5302
vn 0.1709 -0.9658 -0.1949
vn -0.1703 -0.9658 0.1954
vn -0.4638 -0.7066 0.5344
vn -0.6325 -0.2585 0.7301
vn -0.6830 0.2588 0.6831
vn -0.5000 0.7070 0.5001
vn -0.1831 0.9659 0.1831
vn 0.1831 0.9659 -0.1831
vn 0.5001 0.7070 -0.5000
vn 0.6831 0.2588 -0.6830
vn 0.6831 -0.2587 -0.6830
vn 0.5001 -0.7070 -0.5000
vn 0.1831 -0.9659 -0.1831
vn -0.1831 -0.9659 0.1831
vn -0.5000 -0.7070 0.5001
vn -0.6830 -0.2588 0.6831
vn 0.9659 0.2586 -0.0105
vn 0.7071 0.7065 -0.0286
vn 0.2588 0.9651 -0.0391
vn -0.2588 0.9651 -0.0391
vn -0.7071 0.7065 -0.0286
vn -0.9659 0.2586 -0.0105
vn -0.9659 -0.2586 0.0105
vn -0.7071 -0.7065 0.0286
vn -0.2588 -0.9651 0.0391
vn 0.2588 -0.9651 0.0391
vn 0.7071 -0.7065 0.0286
vn 0.9659 -0.2586 0.0105
vn 0.0000 0.2588 -0.9659
vn 0.0000 0.7071 -0.7071
vn 0.0000 0.9659 -0.2588
vn -0.0000 0.9659 0.2588
vn -0.0000 0.7071 0.7071
vn -0.0000 0.2588 0.9659
vn -0.0000 -0.2588 0.9659
vn -0.0000 -0.7071 0.7071
vn -0.0000 -0.9659 0.2588
vn 0.0000 -0.9659 -0.2588
vn 0.0000 -0.7071 -0.7071
vn 0.0000 -0.2588 -0.9659
vn 0.6830 0.2588 -0.6830
vn 0.5000 0.7071 -0.5000
vn 0.1830 0.9659 -0.1830
vn -0.1830 0.9659 0.1830
vn -0.5000 0.7071 0.5000
vn -0.6830 0.2588 0.6830
vn -0.6830 -0.2588 0.6830
vn -0.5000 -0.7071 0.5000
vn -0.1830 -0.9659 0.1830
vn 0.1830 -0.9659 -0.1830
vn 0.5000 -0.7071 -0.5000
vn 0.6830 -0.2588 -0.6830
vn 0.9659 0.2588 0.0000
vn 0.7071 0.7071 0.0000
vn 0.2588 0.9659 0.0000
vn -0.2588 0.9659 0.0000
vn -0.7071 0.7071 -0.0000
vn -0.9659 0.2588 -0.0000
vn -0.9659 -0.2588 -0.0000
vn -0.7071 -0.7071 -0.0000
vn -0.2588 -0.9659 -0.0000
vn 0.2588 -0.9659 0.0000
vn 0.7071 -0.7071 0.0000
vn 0.9659 -0.2588 0.0000
vn -0.0521 0.2585 -0.9646
vn -0.0404 0.7067 -0.7064
vn -0.0159 0.9659 -0.2586
vn 0.0170 0.9659 0.2585
vn 0.0483 0.7068 0.7058
vn 0.0672 0.2586 0.9636
vn 0.0672 -0.2586 0.9636
vn 0.0483 -0.7068 0.7058
vn 0.0170 -0.9659 0.2585
vn -0.0159 -0.9659 -0.2586
vn -0.0404 -0.7067 -0.7064
vn -0.0521 -0.2585 -0.9646
vn -0.0816 0.9658 -0.2461
vn -0.3084 0.7063 -0.6372
vn -0.2334 -0.9658 -0.1130
vn -0.9641 0.2583 -0.0613
vn -0.7064 0.7064 -0.0450
vn -0.2588 0.9658 -0.0165
vn 0.2588 0.9658 0.0165
vn 0.7064 0.7064 0.0450
vn 0.9641 0.2583 0.0615
vn 0.9641 -0.2583 0.0615
vn 0.7064 -0.7064 0.0450
vn 0.2588 -0.9658 0.0165
vn -0.2588 -0.9658 -0.0165
vn -0.7064 -0.7064 -0.0450
vn -0.9641 -0.2583 -0.0613
vn -0.9641 0.2583 0.0613
vn -0.7064 0.7064 0.0450
vn -0.2588 0.9658 0.0165
vn 0.2588 0.9658 -0.0165
vn 0.7064 0.7064 -0.0450
vn 0.9641 0.2583 -0.0615
vn 0.9641 -0.2583 -0.0615
vn 0.7064 -0.7064 -0.0450
vn 0.2588 -0.9658 -0.0165
vn -0.2588 -0.9658 0.0165
vn -0.7064 -0.7064 0.0450
vn -0.9641 -0.2583 0.0613
vn -0.9485 0.2583 0.1835
vn -0.6949 0.7064 0.1345
vn -0.2546 0.9658 0.0493
vn 0.2546 0.9658 -0.0493
vn 0.6949 0.7064 -0.1347
vn 0.9484 0.2583 -0.1838
vn 0.9484 -0.2583 -0.1838
vn 0.6949 -0.7064 -0.1347
vn 0.2546 -0.9658 -0.0493
vn -0.2546 -0.9658 0.0493
vn -0.6949 -0.7064 0.1345
vn -0.9485 -0.2583 0.1835
vn -0.9170 0.2583 0.3038
vn -0.6719 0.7064 0.2227
vn -0.2461 0.9658 0.0816
vn 0.2461 0.9658 -0.0817
vn 0.6718 0.7064 -0.2230
vn 0.9169 0.2583 -0.3043
vn 0.9169 -0.2583 -0.3043
vn 0.6718 -0.7064 -0.2230
vn 0.2461 -0.9658 -0.0817
vn -0.2461 -0.9658 0.0816
vn -0.6719 -0.7064 0.2227
vn -0.9170 -0.2583 0.3038
vn -0.8696 0.2583 0.4208
vn -0.6372 0.7063 0.3084
vn -0.2334 0.9658 0.1130
vn 0.2334 0.9658 -0.1131
vn 0.6370 0.7063 -0.3087
vn 0.8694 0.2583 -0.4213
vn 0.8694 -0.2583 -0.4213
vn 0.6370 -0.7063 -0.3087
vn 0.2334 -0.9658 -0.1131
vn -0.2334 -0.9658 0.1130
vn -0.6372 -0.7063 0.3084
vn -0.8696 -0.2583 0.4208
vn -0.8062 0.2583 0.5322
vn -0.5907 0.7063 0.3901
vn -0.2164 0.9658 0.1430
vn 0.2164 0.9658 -0.1430
vn 0.5906 0.7063 -0.3903
vn 0.8060 0.2583 -0.5326
vn 0.8060 -0.2583 -0.5326
vn 0.5906 -0.7063 -0.3903
vn 0.2164 -0.9658 -0.1430
vn -0.2164 -0.9658 0.1430
vn -0.5907 -0.7063 0.3901
vn -0.8062 -0.2583 0.5322
vn -0.7210 0.2584 0.6430
vn -0.5296 0.7066 0.4692
vn -0.1947 0.9658 0.1709
vn 0.1954 0.9659 -0.1701
vn 0.5349 0.7068 -0.4629
vn 0.7314 0.2586 -0.6311
vn 0.7314 -0.2586 -0.6311
vn 0.5349 -0.7068 -0.4629
vn 0.1954 -0.9659 -0.1701
vn -0.1947 -0.9658 0.1709
vn -0.5296 -0.7066 0.4692
vn -0.7210 -0.2585 0.6430
vn 0.9644 0.2585 -0.0551
vn 0.7063 0.7066 -0.0427
vn 0.2586 0.9658 -0.0168
vn -0.2585 0.9659 0.0179
vn -0.7056 0.7068 0.0509
vn -0.9634 0.2586 0.0709
vn -0.9634 -0.2586 0.0709
vn -0.7056 -0.7068 0.0509
vn -0.2585 -0.9659 0.0179
vn 0.2586 -0.9658 -0.0168
vn 0.7063 -0.7066 -0.0427
vn 0.9644 -0.2585 -0.0551
vn 0.9464 0.2583 -0.1937
vn 0.6935 0.7063 -0.1419
vn 0.2541 0.9658 -0.0519
vn -0.2541 0.9658 0.0519
vn -0.6936 0.7063 0.1416
vn -0.9465 0.2583 0.1933
vn -0.9465 -0.2583 0.1933
vn -0.6936 -0.7063 0.1416
vn -0.2541 -0.9658 0.0519
vn 0.2541 -0.9658 -0.0519
vn 0.6935 -0.7063 -0.1418
vn 0.9464 -0.2583 -0.1937
vn 0.9124 0.2583 -0.3174
vn 0.6686 0.7063 -0.2324
vn 0.2450 0.9658 -0.0851
vn -0.2450 0.9658 0.0851
vn -0.6687 0.7063 0.2322
vn -0.9126 0.2583 0.3168
vn -0.9126 -0.2583 0.3168
vn -0.6687 -0.7063 0.2322
vn -0.2450 -0.9658 0.0851
vn 0.2450 -0.9658 -0.0851
vn 0.6686 -0.7063 -0.2324
vn 0.9124 -0.2583 -0.3174
vn 0.8633 0.2583 -0.4336
vn 0.6326 0.7064 -0.3176
vn 0.2318 0.9658 -0.1163
vn -0.2318 0.9658 0.1163
vn -0.6327 0.7064 0.3174
vn -0.8635 0.2583 0.4332
vn -0.8635 -0.2583 0.4331
vn -0.6327 -0.7064 0.3174
vn -0.2318 -0.9658 0.1163
vn 0.2318 -0.9658 -0.1163
vn 0.6326 -0.7064 -0.3176
vn 0.8633 -0.2583 -0.4336
vn 0.8004 0.2583 -0.5409
vn 0.5865 0.7064 -0.3963
vn 0.2149 0.9658 -0.1451
vn -0.2149 0.9658 0.1451
vn -0.5866 0.7064 0.3961
vn -0.8006 0.2583 0.5406
vn -0.8006 -0.2583 0.5406
vn -0.5866 -0.7064 0.3961
vn -0.2149 -0.9658 0.1451
vn 0.2149 -0.9658 -0.1452
vn 0.5865 -0.7064 -0.3963
vn 0.8004 -0.2583 -0.5409
vn 0.7251 0.2583 -0.6384
vn 0.5313 0.7064 -0.4677
vn 0.1946 0.9658 -0.1713
vn -0.1947 0.9658 0.1713
vn -0.5313 0.7064 0.4677
vn -0.7252 0.2583 0.6383
vn -0.7252 -0.2583 0.6383
vn -0.5313 -0.7064 0.4677
vn -0.1947 -0.9658 0.1713
vn 0.1946 -0.9658 -0.1713
vn 0.5313 -0.7064 -0.4677
vn 0.7251 -0.2583 -0.6384
vn 0.6384 0.2583 -0.7251
vn 0.4677 0.7064 -0.5313
vn 0.1713 0.9658 -0.1946
vn -0.1713 0.9658 0.1946
vn -0.4677 0.7064 0.5313
vn -0.6383 0.2583 0.7252
vn -0.6383 -0.2583 0.7252
vn -0.4677 -0.7064 0.5313
vn -0.1713 -0.9658 0.1947
vn 0.1713 -0.9658 -0.1946
vn 0.4677 -0.7064 -0.5313
vn 0.6384 -0.2583 -0.7251
vn 0.5409 0.2583 -0.8004
vn 0.3963 0.7064 -0.5865
vn 0.1452 0.9658 -0.2149
vn -0.1451 0.9658 0.2149
vn -0.3961 0.7064 0.5866
vn -0.5406 0.2583 0.8006
vn -0.5407 -0.2583 0.8006
vn -0.3961 -0.7064 0.5866
vn -0.1451 -0.9658 0.2149
vn 0.1452 -0.9658 -0.2149
vn 0.3963 -0.7064 -0.5865
vn 0.5409 -0.2583 -0.8004
vn 0.4336 0.2583 -0.8633
vn 0.3176 0.7064 -0.6326
vn 0.1163 0.9658 -0.2318
vn -0.1163 0.9658 0.2318
vn -0.3174 0.7064 0.6327
vn -0.4331 0.2583 0.8635
vn -0.4331 -0.2583 0.8635
vn -0.3174 -0.7064 0.6327
vn -0.1163 -0.9658 0.2318
vn 0.1163 -0.9658 -0.2318
vn 0.3176 -0.7064 -0.6326
vn 0.4336 -0.2583 -0.8633
vn 0.3174 0.2583 -0.9124
vn 0.2324 0.7063 -0.6686
vn 0.0851 0.9658 -0.2450
vn -0.0851 0.9658 0.2450
vn -0.2322 0.7063 0.6687
vn -0.3168 0.2583 0.9126
vn -0.3168 -0.2583 0.9126
vn -0.2322 -0.7063 0.6687
vn -0.0851 -0.9658 0.2450
vn 0.0851 -0.9658 -0.2450
vn 0.2324 -0.7063 -0.6686
vn 0.3174 -0.2583 -0.9124
vn 0.1937 0.2583 -0.9464
vn 0.1419 0.7063 -0.6935
vn 0.0519 0.9658 -0.2541
vn -0.0519 0.9658 0.2541
vn -0.1416 0.7063 0.6936
vn -0.1933 0.2583 0.9465
vn -0.1933 -0.2583 0.9465
vn -0.1416 -0.7063 0.6936
vn -0.0519 -0.9658 0.2541
vn 0.0519 -0.9658 -0.2541
vn 0.1419 -0.7063 -0.6935
vn 0.1937 -0.2583 -0.9464
vn 0.0552 0.2585 -0.9644
vn 0.0427 0.7066 -0.7063
vn 0.0168 0.9658 -0.2586
vn -0.0179 0.9659 0.2585
vn -0.0509 0.7068 0.7056
vn -0.0709 0.2586 0.9634
vn -0.0709 -0.2586 0.9634
vn -0.0509 -0.7068 0.7056
vn -0.0179 -0.9659 0.2585
vn 0.0168 -0.9658 -0.2586
vn 0.0427 -0.7066 -0.7063
vn 0.0551 -0.2585 -0.9644
vn 0.0551 0.2585 0.9644
vn 0.0427 0.7066 0.7063
vn 0.0168 0.9658 0.2586
vn -0.0179 0.9659 -0.2585
vn -0.0509 0.7068 -0.7056
vn -0.0709 0.2586 -0.9634
vn -0.0709 -0.2586 -0.9634
vn -0.0509 -0.7068 -0.7056
vn -0.0179 -0.9659 -0.2585
vn 0.0168 -0.9658 0.2586
vn 0.0427 -0.7066 0.7063
vn 0.0552 -0.2585 0.9644
vn 0.1937 0.2583 0.9464
vn 0.1419 0.7063 0.6935
vn 0.0519 0.9658 0.2541
vn -0.0519 0.9658 -0.2541
vn -0.1416 0.7063 -0.6936
vn -0.1933 0.2583 -0.9465
vn -0.1933 -0.2583 -0.9465
vn -0.1416 -0.7063 -0.6936
vn -0.0519 -0.9658 -0.2541
vn 0.0519 -0.9658 0.2541
vn 0.1419 -0.7063 0.6935
vn 0.1937 -0.2583 0.9464
vn 0.3174 0.2583 0.9124
vn 0.2324 0.7063 0.6686
vn 0.0851 0.9658 0.2450
vn -0.0851 0.9658 -0.2450
vn -0.2322 0.7063 -0.6687
vn -0.3168 0.2583 -0.9126
vn -0.3168 -0.2583 -0.9126
vn -0.2322 -0.7063 -0.6687
vn -0.0851 -0.9658 -0.2450
vn 0.0851 -0.9658 0.2450
vn 0.2324 -0.7063 0.6686
vn 0.3174 -0.2583 0.9124
vn 0.4336 0.2583 0.8633
vn 0.3176 0.7064 0.6326
vn 0.1163 0.9658 0.2318
vn -0.1163 0.9658 -0.2318
vn -0.3174 0.7064 -0.6327
vn -0.4332 0.2583 -0.8635
vn -0.4332 -0.2583 -0.8635
vn -0.3174 -0.7064 -0.6327
vn -0.1163 -0.9658 -0.2318
vn 0.1163 -0.9658 0.2318
vn 0.3176 -0.7064 0.6326
vn 0.4336 -0.2583 0.8633
vn 0.5409 0.2583 0.8004
vn 0.3963 0.7064 0.5865
vn 0.1452 0.9658 0.2149
vn -0.1451 0.9658 -0.2149
vn -0.3961 0.7064 -0.5866
vn -0.5406 0.2583 -0.8006
vn -0.5406 -0.2583 -0.8006
vn -0.3961 -0.7064 -0.5866
vn -0.1451 -0.9658 -0.2149
vn 0.1452 -0.9658 0.2149
vn 0.3963 -0.7064 0.5865
vn 0.5409 -0.2583 0.8004
vn 0.6383 0.2583 0.7251
vn 0.4677 0.7064 0.5313
vn 0.1713 0.9658 0.1946
vn -0.1713 0.9658 -0.1946
vn -0.4677 0.7064 -0.5313
vn -0.6383 0.2583 -0.7252
vn -0.6383 -0.2583 -0.7252
vn -0.4676 -0.7064 -0.5313
vn -0.1713 -0.9658 -0.1947
vn 0.1713 -0.9658 0.1946
vn 0.4677 -0.7064 0.5313
vn 0.6383 -0.2583 0.7251
vn 0.7251 0.2583 0.6384
vn 0.5313 0.7064 0.4677
vn 0.1946 0.9658 0.1713
vn -0.1947 0.9658 -0.1713
vn -0.5313 0.7064 -0.4677
vn -0.7252 0.2583 -0.6383
vn -0.7252 -0.2583 -0.6383
vn -0.5313 -0.7064 -0.4677
vn -0.1947 -0.9658 -0.1713
vn 0.1946 -0.9658 0.1713
vn 0.5313 -0.7064 0.4677
vn 0.7251 -0.2583 0.6384
vn 0.8004 0.2583 0.5409
vn 0.5865 0.7064 0.3963
vn 0.2149 0.9658 0.1451
vn -0.2149 0.9658 -0.1451
vn -0.5866 0.7064 -0.3961
vn -0.8006 0.2583 -0.5406
vn -0.8006 -0.2583 -0.5406
vn -0.5866 -0.7064 -0.3961
vn -0.2149 -0.9658 -0.1451
vn 0.2149 -0.9658 0.1452
vn 0.5865 -0.7064 0.3963
vn 0.8004 -0.2583 0.5409
vn 0.8633 0.2583 0.4336
vn 0.6326 0.7064 0.3176
vn 0.2318 0.9658 0.1163
vn -0.2318 0.9658 -0.1163
vn -0.6327 0.7064 -0.3174
vn -0.8635 0.2583 -0.4332
vn -0.8635 -0.2583 -0.4332
vn -0.6327 -0.7064 -0.3174
vn -0.2318 -0.9658 -0.1163
vn 0.2318 -0.9658 0.1163
vn 0.6326 -0.7064 0.3176
vn 0.8633 -0.2583 0.4336
vn 0.9124 0.2583 0.3174
vn 0.6686 0.7063 0.2324
vn 0.2450 0.9658 0.0851
vn -0.2450 0.9658 -0.0851
vn -0.6687 0.7063 -0.2322
vn -0.9126 0.2583 -0.3168
vn -0.9126 -0.2583 -0.3168
vn -0.6687 -0.7063 -0.2322
vn -0.2450 -0.9658 -0.0851
vn 0.2450 -0.9658 0.0851
vn 0.6686 -0.7063 0.2324
vn 0.9124 -0.2583 0.3174
vn 0.9464 0.2583 0.1937
vn 0.6935 0.7063 0.1419
vn 0.2541 0.9658 0.0519
vn -0.2541 0.9658 -0.0519
vn -0.6936 0.7063 -0.1416
vn -0.9465 0.2583 -0.1933
vn -0.9465 -0.2583 -0.1933
vn -0.6936 -0.7063 -0.1416
vn -0.2541 -0.9658 -0.0519
vn 0.2541 -0.9658 0.0519
vn 0.6935 -0.7063 0.1419
vn 0.9464 -0.2583 0.1937
vn 0.9644 0.2585 0.0551
vn 0.7063 0.7066 0.0427
vn 0.2586 0.9658 0.0168
vn -0.2585 0.9659 -0.0179
vn -0.7056 0.7068 -0.0509
vn -0.9634 0.2586 -0.0709
vn -0.9634 -0.2586 -0.0709
vn -0.7056 -0.7068 -0.0509
vn -0.2585 -0.9659 -0.0179
vn 0.2586 -0.9658 0.0168
vn 0.7063 -0.7066 0.0427
vn 0.9644 -0.2585 0.0551
vn -0.9644 0.2585 0.0551
vn -0.7063 0.7066 0.0427
vn -0.2586 0.9658 0.0168
vn 0.2585 0.9659 -0.0179
vn 0.7056 0.7068 -0.0509
vn 0.9634 0.2586 -0.0709
vn 0.9634 -0.2586 -0.0709
vn 0.7056 -0.7068 -0.0509
vn 0.2585 -0.9659 -0.0179
vn -0.2586 -0.9658 0.0168
vn -0.7063 -0.7066 0.0427
vn -0.9644 -0.2585 0.0551
vn -0.9464 0.2583 0.1937
vn -0.6935 0.7063 0.1419
vn 0.6936 0.7063 -0.1416
vn 0.9465 0.2583 -0.1933
vn 0.9465 -0.2583 -0.1933
vn 0.6936 -0.7063 -0.1416
vn -0.6935 -0.7063 0.1419
vn -0.9464 -0.2583 0.1937
vn -0.9124 0.2583 0.3174
vn -0.6686 0.7063 0.2324
vn 0.6687 0.7063 -0.2322
vn 0.9126 0.2583 -0.3168
vn 0.9126 -0.2583 -0.3168
vn 0.6687 -0.7063 -0.2322
vn -0.6686 -0.7063 0.2324
vn -0.9124 -0.2583 0.3174
vn -0.8633 0.2583 0.4336
vn -0.6326 0.7064 0.3176
vn 0.6327 0.7064 -0.3174
vn 0.8635 0.2583 -0.4332
vn 0.8635 -0.2583 -0.4331
vn 0.6327 -0.7064 -0.3174
vn -0.6326 -0.7064 0.3176
vn -0.8633 -0.2583 0.4336
vn -0.8004 0.2583 0.5409
vn -0.5865 0.7064 0.3963
vn 0.5866 0.7064 -0.3961
vn 0.8006 0.2583 -0.5406
vn 0.8006 -0.2583 -0.5406
vn 0.5866 -0.7064 -0.3961
vn 0.2149 -0.9658 -0.1451
vn -0.2149 -0.9658 0.1452
vn -0.5865 -0.7064 0.3963
vn -0.8004 -0.2583 0.5409
vn -0.7251 0.2583 0.6383
vn -0.1946 0.9658 0.1713
vn 0.1947 0.9658 -0.1713
vn 0.7252 0.2583 -0.6383
vn 0.7252 -0.2583 -0.6383
vn 0.5313 -0.7064 -0.4676
vn 0.1947 -0.9658 -0.1713
vn -0.1946 -0.9658 0.1713
vn -0.7251 -0.2583 0.6383
vn -0.6383 0.2583 0.7251
vn 0.6383 0.2583 -0.7252
vn 0.6383 -0.2583 -0.7252
vn 0.1713 -0.9658 -0.1947
vn -0.1713 -0.9658 0.1946
vn -0.6383 -0.2583 0.7251
vn -0.5409 0.2583 0.8004
vn -0.3963 0.7064 0.5865
vn -0.1452 0.9658 0.2149
vn 0.1451 0.9658 -0.2149
vn 0.3961 0.7064 -0.5866
vn 0.5406 0.2583 -0.8006
vn 0.5406 -0.2583 -0.8006
vn 0.3961 -0.7064 -0.5866
vn 0.1451 -0.9658 -0.2149
vn -0.1452 -0.9658 0.2149
vn -0.3963 -0.7064 0.5865
vn -0.5409 -0.2583 0.8004
vn -0.4336 0.2583 0.8633
vn -0.3176 0.7064 0.6326
vn 0.3174 0.7064 -0.6327
vn 0.4332 0.2583 -0.8635
vn 0.4332 -0.2583 -0.8635
vn 0.3174 -0.7064 -0.6327
vn -0.3176 -0.7064 0.6326
vn -0.4336 -0.2583 0.8633
vn -0.3174 0.2583 0.9124
vn -0.2324 0.7063 0.6686
vn 0.2322 0.7063 -0.6687
vn 0.3168 0.2583 -0.9126
vn 0.3168 -0.2583 -0.9126
vn 0.2322 -0.7063 -0.6687
vn -0.2324 -0.7063 0.6686
vn -0.3174 -0.2583 0.9124
vn -0.1937 0.2583 0.9464
vn -0.1419 0.7063 0.6935
vn 0.1416 0.7063 -0.6936
vn 0.1933 0.2583 -0.9465
vn 0.1933 -0.2583 -0.9465
vn 0.1416 -0.7063 -0.6936
vn -0.1419 -0.7063 0.6935
vn -0.1937 -0.2583 0.9464
vn -0.0552 0.2585 0.9644
vn -0.0427 0.7066 0.7063
vn -0.0168 0.9658 0.2586
vn 0.0179 0.9659 -0.2585
vn 0.0509 0.7068 -0.7056
vn 0.0709 0.2586 -0.9634
vn 0.0709 -0.2586 -0.9634
vn 0.0509 -0.7068 -0.7056
vn 0.0179 -0.9659 -0.2585
vn -0.0168 -0.9658 0.2586
vn -0.0427 -0.7066 0.7063
vn -0.0551 -0.2585 0.9644
vn -0.7071 -0.0000 -0.7071
usemtl マテリアル.001
s off
f 5281/5721/3859 5293/5722/3859 5304/5723/3859 5292/5724/3859
f 5282/5725/3860 5294/5726/3860 5293/5727/3860 5281/5728/3860
f 5283/5729/3861 5295/5730/3861 5294/5726/3861 5282/5725/3861
f 5284/5731/3862 5296/5732/3862 5295/5730/3862 5283/5729/3862
f 5285/5733/3863 5297/5734/3863 5296/5732/3863 5284/5731/3863
f 5286/5735/3864 5298/5736/3864 5297/5734/3864 5285/5733/3864
f 5287/5737/3865 5299/5738/3865 5298/5736/3865 5286/5735/3865
f 5288/5739/3866 5300/5740/3866 5299/5738/3866 5287/5737/3866
f 5289/5741/3867 5301/5742/3867 5300/5740/3867 5288/5739/3867
f 5290/5743/3868 5302/5744/3868 5301/5742/3868 5289/5741/3868
f 5291/5745/3869 5303/5746/3869 5302/5744/3869 5290/5743/3869
f 5292/5724/3870 5304/5723/3870 5303/5746/3870 5291/5745/3870
f 5293/5722/3871 5305/5747/3871 5316/5748/3871 5304/5723/3871
f 5294/5726/3872 5306/5749/3872 5305/5750/3872 5293/5727/3872
f 5295/5730/3873 5307/5751/3873 5306/5749/3873 5294/5726/3873
f 5296/5732/3874 5308/5752/3874 5307/5751/3874 5295/5730/3874
f 5297/5734/3875 5309/5753/3875 5308/5752/3875 5296/5732/3875
f 5298/5736/3876 5310/5754/3876 5309/5753/3876 5297/5734/3876
f 5299/5738/3877 5311/5755/3877 5310/5754/3877 5298/5736/3877
f 5300/5740/3878 5312/5756/3878 5311/5755/3878 5299/5738/3878
f 5301/5742/3879 5313/5757/3879 5312/5756/3879 5300/5740/3879
f 5302/5744/3880 5314/5758/3880 5313/5757/3880 5301/5742/3880
f 5303/5746/3881 5315/5759/3881 5314/5758/3881 5302/5744/3881
f 5304/5723/3882 5316/5748/3882 5315/5759/3882 5303/5746/3882
f 5305/5747/3883 5317/5760/3883 5328/5761/3883 5316/5748/3883
f 5306/5749/3884 5318/5762/3884 5317/5763/3884 5305/5750/3884
f 5307/5751/3885 5319/5764/3885 5318/5762/3885 5306/5749/3885
f 5308/5752/3886 5320/5765/3886 5319/5764/3886 5307/5751/3886
f 5309/5753/3887 5321/5766/3887 5320/5765/3887 5308/5752/3887
f 5310/5754/3888 5322/5767/3888 5321/5766/3888 5309/5753/3888
f 5311/5755/3889 5323/5768/3889 5322/5767/3889 5310/5754/3889
f 5312/5756/3890 5324/5769/3890 5323/5768/3890 5311/5755/3890
f 5313/5757/3891 5325/5770/3891 5324/5769/3891 5312/5756/3891
f 5314/5758/3892 5326/5771/3892 5325/5770/3892 5313/5757/3892
f 5315/5759/3893 5327/5772/3893 5326/5771/3893 5314/5758/3893
f 5316/5748/3894 5328/5761/3894 5327/5772/3894 5315/5759/3894
f 5317/5760/3895 5329/5773/3895 5340/5774/3895 5328/5761/3895
f 5318/5762/3896 5330/5775/3896 5329/5776/3896 5317/5763/3896
f 5319/5764/3897 5331/5777/3897 5330/5775/3897 5318/5762/3897
f 5320/5765/3898 5332/5778/3898 5331/5777/3898 5319/5764/3898
f 5321/5766/3899 5333/5779/3899 5332/5778/3899 5320/5765/3899
f 5322/5767/3900 5334/5780/3900 5333/5779/3900 5321/5766/3900
f 5323/5768/3901 5335/5781/3901 5334/5780/3901 5322/5767/3901
f 5324/5769/3902 5336/5782/3902 5335/5781/3902 5323/5768/3902
f 5325/5770/3903 5337/5783/3903 5336/5782/3903 5324/5769/3903
f 5326/5771/3904 5338/5784/3904 5337/5783/3904 5325/5770/3904
f 5327/5772/3905 5339/5785/3905 5338/5784/3905 5326/5771/3905
f 5328/5761/3906 5340/5774/3906 5339/5785/3906 5327/5772/3906
f 5329/5773/3907 5341/5786/3907 5352/5787/3907 5340/5774/3907
f 5330/5775/3908 5342/5788/3908 5341/5789/3908 5329/5776/3908
f 5331/5777/3909 5343/5790/3909 5342/5788/3909 5330/5775/3909
f 5332/5778/3910 5344/5791/3910 5343/5790/3910 5331/5777/3910
f 5333/5779/3911 5345/5792/3911 5344/5791/3911 5332/5778/3911
f 5334/5780/3912 5346/5793/3912 5345/5792/3912 5333/5779/3912
f 5335/5781/3913 5347/5794/3913 5346/5793/3913 5334/5780/3913
f 5336/5782/3914 5348/5795/3914 5347/5794/3914 5335/5781/3914
f 5337/5783/3915 5349/5796/3915 5348/5795/3915 5336/5782/3915
f 5338/5784/3916 5350/5797/3916 5349/5796/3916 5337/5783/3916
f 5339/5785/3917 5351/5798/3917 5350/5797/3917 5338/5784/3917
f 5340/5774/3918 5352/5787/3918 5351/5798/3918 5339/5785/3918
f 5341/5786/3919 5353/5799/3919 5364/5800/3919 5352/5787/3919
f 5342/5788/3920 5354/5801/3920 5353/5802/3920 5341/5789/3920
f 5343/5790/3921 5355/5803/3921 5354/5801/3921 5342/5788/3921
f 5344/5791/3922 5356/5804/3922 5355/5803/3922 5343/5790/3922
f 5345/5792/3923 5357/5805/3923 5356/5804/3923 5344/5791/3923
f 5346/5793/3924 5358/5806/3924 5357/5805/3924 5345/5792/3924
f 5347/5794/3925 5359/5807/3925 5358/5806/3925 5346/5793/3925
f 5348/5795/3926 5360/5808/3926 5359/5807/3926 5347/5794/3926
f 5349/5796/3927 5361/5809/3927 5360/5808/3927 5348/5795/3927
f 5350/5797/3928 5362/5810/3928 5361/5809/3928 5349/5796/3928
f 5351/5798/3929 5363/5811/3929 5362/5810/3929 5350/5797/3929
f 5352/5787/3930 5364/5800/3930 5363/5811/3930 5351/5798/3930
f 5353/5799/3931 5365/5812/3931 5376/5813/3931 5364/5800/3931
f 5354/5801/3932 5366/5814/3932 5365/5815/3932 5353/5802/3932
f 5355/5803/3933 5367/5816/3933 5366/5814/3933 5354/5801/3933
f 5356/5804/3934 5368/5817/3934 5367/5816/3934 5355/5803/3934
f 5357/5805/3935 5369/5818/3935 5368/5817/3935 5356/5804/3935
f 5358/5806/3936 5370/5819/3936 5369/5818/3936 5357/5805/3936
f 5359/5807/3937 5371/5820/3937 5370/5819/3937 5358/5806/3937
f 5360/5808/3938 5372/5821/3938 5371/5820/3938 5359/5807/3938
f 5361/5809/3939 5373/5822/3939 5372/5821/3939 5360/5808/3939
f 5362/5810/3940 5374/5823/3940 5373/5822/3940 5361/5809/3940
f 5363/5811/3941 5375/5824/3941 5374/5823/3941 5362/5810/3941
f 5364/5800/3942 5376/5813/3942 5375/5824/3942 5363/5811/3942
f 5365/5812/3943 5377/5825/3943 5388/5826/3943 5376/5813/3943
f 5366/5814/3944 5378/5827/3944 5377/5828/3944 5365/5815/3944
f 5367/5816/3945 5379/5829/3945 5378/5827/3945 5366/5814/3945
f 5368/5817/3946 5380/5830/3946 5379/5829/3946 5367/5816/3946
f 5369/5818/3947 5381/5831/3947 5380/5830/3947 5368/5817/3947
f 5370/5819/3948 5382/5832/3948 5381/5831/3948 5369/5818/3948
f 5371/5820/3949 5383/5833/3949 5382/5832/3949 5370/5819/3949
f 5372/5821/3950 5384/5834/3950 5383/5833/3950 5371/5820/3950
f 5373/5822/3951 5385/5835/3951 5384/5834/3951 5372/5821/3951
f 5374/5823/3952 5386/5836/3952 5385/5835/3952 5373/5822/3952
f 5375/5824/3953 5387/5837/3953 5386/5836/3953 5374/5823/3953
f 5376/5813/3954 5388/5826/3954 5387/5837/3954 5375/5824/3954
f 5377/5825/3955 5389/5838/3955 5400/5839/3955 5388/5826/3955
f 5378/5827/3956 5390/5840/3956 5389/5841/3956 5377/5828/3956
f 5379/5829/3957 5391/5842/3957 5390/5840/3957 5378/5827/3957
f 5380/5830/3958 5392/5843/3958 5391/5842/3958 5379/5829/3958
f 5381/5831/3959 5393/5844/3959 5392/5843/3959 5380/5830/3959
f 5382/5832/3960 5394/5845/3960 5393/5844/3960 5381/5831/3960
f 5383/5833/3961 5395/5846/3961 5394/5845/3961 5382/5832/3961
f 5384/5834/3962 5396/5847/3962 5395/5846/3962 5383/5833/3962
f 5385/5835/3963 5397/5848/3963 5396/5847/3963 5384/5834/3963
f 5386/5836/3964 5398/5849/3964 5397/5848/3964 5385/5835/3964
f 5387/5837/3965 5399/5850/3965 5398/5849/3965 5386/5836/3965
f 5388/5826/3966 5400/5839/3966 5399/5850/3966 5387/5837/3966
f 5389/5838/3967 5401/5851/3967 5412/5852/3967 5400/5839/3967
f 5390/5840/3968 5402/5853/3968 5401/5854/3968 5389/5841/3968
f 5391/5842/3969 5403/5855/3969 5402/5853/3969 5390/5840/3969
f 5392/5843/3970 5404/5856/3970 5403/5855/3970 5391/5842/3970
f 5393/5844/3971 5405/5857/3971 5404/5856/3971 5392/5843/3971
f 5394/5845/3972 5406/5858/3972 5405/5857/3972 5393/5844/3972
f 5395/5846/3973 5407/5859/3973 5406/5858/3973 5394/5845/3973
f 5396/5847/3974 5408/5860/3974 5407/5859/3974 5395/5846/3974
f 5397/5848/3975 5409/5861/3975 5408/5860/3975 5396/5847/3975
f 5398/5849/3976 5410/5862/3976 5409/5861/3976 5397/5848/3976
f 5399/5850/3977 5411/5863/3977 5410/5862/3977 5398/5849/3977
f 5400/5839/3978 5412/5852/3978 5411/5863/3978 5399/5850/3978
f 5401/5851/3979 5413/5864/3979 5424/5865/3979 5412/5852/3979
f 5402/5853/3980 5414/5866/3980 5413/5867/3980 5401/5854/3980
f 5403/5855/3981 5415/5868/3981 5414/5866/3981 5402/5853/3981
f 5404/5856/3982 5416/5869/3982 5415/5868/3982 5403/5855/3982
f 5405/5857/3983 5417/5870/3983 5416/5869/3983 5404/5856/3983
f 5406/5858/3984 5418/5871/3984 5417/5870/3984 5405/5857/3984
f 5407/5859/3985 5419/5872/3985 5418/5871/3985 5406/5858/3985
f 5408/5860/3986 5420/5873/3986 5419/5872/3986 5407/5859/3986
f 5409/5861/3987 5421/5874/3987 5420/5873/3987 5408/5860/3987
f 5410/5862/3988 5422/5875/3988 5421/5874/3988 5409/5861/3988
f 5411/5863/3989 5423/5876/3989 5422/5875/3989 5410/5862/3989
f 5412/5852/3990 5424/5865/3990 5423/5876/3990 5411/5863/3990
f 5413/5864/3991 5425/5877/3991 5436/5878/3991 5424/5865/3991
f 5414/5866/3992 5426/5879/3992 5425/5880/3992 5413/5867/3992
f 5415/5868/3993 5427/5881/3993 5426/5879/3993 5414/5866/3993
f 5416/5869/3994 5428/5882/3994 5427/5881/3994 5415/5868/3994
f 5417/5870/3995 5429/5883/3995 5428/5882/3995 5416/5869/3995
f 5418/5871/3996 5430/5884/3996 5429/5883/3996 5417/5870/3996
f 5419/5872/3997 5431/5885/3997 5430/5884/3997 5418/5871/3997
f 5420/5873/3998 5432/5886/3998 5431/5885/3998 5419/5872/3998
f 5421/5874/3999 5433/5887/3999 5432/5886/3999 5420/5873/3999
f 5422/5875/4000 5434/5888/4000 5433/5887/4000 5421/5874/4000
f 5423/5876/4001 5435/5889/4001 5434/5888/4001 5422/5875/4001
f 5424/5865/4002 5436/5878/4002 5435/5889/4002 5423/5876/4002
f 5425/5877/4003 5437/5890/4003 5448/5891/4003 5436/5878/4003
f 5426/5879/4004 5438/5892/4004 5437/5893/4004 5425/5880/4004
f 5427/5881/4005 5439/5894/4005 5438/5892/4005 5426/5879/4005
f 5428/5882/4006 5440/5895/4006 5439/5894/4006 5427/5881/4006
f 5429/5883/4007 5441/5896/4007 5440/5895/4007 5428/5882/4007
f 5430/5884/4008 5442/5897/4008 5441/5896/4008 5429/5883/4008
f 5431/5885/4009 5443/5898/4009 5442/5897/4009 5430/5884/4009
f 5432/5886/4010 5444/5899/4010 5443/5898/4010 5431/5885/4010
f 5433/5887/4011 5445/5900/4011 5444/5899/4011 5432/5886/4011
f 5434/5888/4012 5446/5901/4012 5445/5900/4012 5433/5887/4012
f 5435/5889/4013 5447/5902/4013 5446/5901/4013 5434/5888/4013
f 5436/5878/4014 5448/5891/4014 5447/5902/4014 5435/5889/4014
f 5437/5890/4015 5449/5903/4015 5460/5904/4015 5448/5891/4015
f 5438/5892/4016 5450/5905/4016 5449/5906/4016 5437/5893/4016
f 5439/5894/4017 5451/5907/4017 5450/5905/4017 5438/5892/4017
f 5440/5895/4018 5452/5908/4018 5451/5907/4018 5439/5894/4018
f 5441/5896/4019 5453/5909/4019 5452/5908/4019 5440/5895/4019
f 5442/5897/4020 5454/5910/4020 5453/5909/4020 5441/5896/4020
f 5443/5898/4021 5455/5911/4021 5454/5910/4021 5442/5897/4021
f 5444/5899/4022 5456/5912/4022 5455/5911/4022 5443/5898/4022
f 5445/5900/4023 5457/5913/4023 5456/5912/4023 5444/5899/4023
f 5446/5901/4024 5458/5914/4024 5457/5913/4024 5445/5900/4024
f 5447/5902/4025 5459/5915/4025 5458/5914/4025 5446/5901/4025
f 5448/5891/4026 5460/5904/4026 5459/5915/4026 5447/5902/4026
f 5449/5903/4027 5461/5916/4027 5472/5917/4027 5460/5904/4027
f 5450/5905/4028 5462/5918/4028 5461/5919/4028 5449/5906/4028
f 5451/5907/4029 5463/5920/4029 5462/5918/4029 5450/5905/4029
f 5452/5908/4030 5464/5921/4030 5463/5920/4030 5451/5907/4030
f 5453/5909/4031 5465/5922/4031 5464/5921/4031 5452/5908/4031
f 5454/5910/4032 5466/5923/4032 5465/5922/4032 5453/5909/4032
f 5455/5911/4033 5467/5924/4033 5466/5923/4033 5454/5910/4033
f 5456/5912/4034 5468/5925/4034 5467/5924/4034 5455/5911/4034
f 5457/5913/4035 5469/5926/4035 5468/5925/4035 5456/5912/4035
f 5458/5914/4036 5470/5927/4036 5469/5926/4036 5457/5913/4036
f 5459/5915/4037 5471/5928/4037 5470/5927/4037 5458/5914/4037
f 5460/5904/4038 5472/5917/4038 5471/5928/4038 5459/5915/4038
f 5461/5916/4039 5473/5929/4039 5484/5930/4039 5472/5917/4039
f 5462/5918/4040 5474/5931/4040 5473/5932/4040 5461/5919/4040
f 5463/5920/4041 5475/5933/4041 5474/5931/4041 5462/5918/4041
f 5464/5921/4042 5476/5934/4042 5475/5933/4042 5463/5920/4042
f 5465/5922/4043 5477/5935/4043 5476/5934/4043 5464/5921/4043
f 5466/5923/4044 5478/5936/4044 5477/5935/4044 5465/5922/4044
f 5467/5924/4045 5479/5937/4045 5478/5936/4045 5466/5923/4045
f 5468/5925/4046 5480/5938/4046 5479/5937/4046 5467/5924/4046
f 5469/5926/4047 5481/5939/4047 5480/5938/4047 5468/5925/4047
f 5470/5927/4048 5482/5940/4048 5481/5939/4048 5469/5926/4048
f 5471/5928/4049 5483/5941/4049 5482/5940/4049 5470/5927/4049
f 5472/5917/4050 5484/5930/4050 5483/5941/4050 5471/5928/4050
f 5473/5929/4051 5485/5942/4051 5496/5943/4051 5484/5930/4051
f 5474/5931/4052 5486/5944/4052 5485/5945/4052 5473/5932/4052
f 5475/5933/4053 5487/5946/4053 5486/5944/4053 5474/5931/4053
f 5476/5934/4054 5488/5947/4054 5487/5946/4054 5475/5933/4054
f 5477/5935/4055 5489/5948/4055 5488/5947/4055 5476/5934/4055
f 5478/5936/4056 5490/5949/4056 5489/5948/4056 5477/5935/4056
f 5479/5937/4057 5491/5950/4057 5490/5949/4057 5478/5936/4057
f 5480/5938/4058 5492/5951/4058 5491/5950/4058 5479/5937/4058
f 5481/5939/4059 5493/5952/4059 5492/5951/4059 5480/5938/4059
f 5482/5940/4060 5494/5953/4060 5493/5952/4060 5481/5939/4060
f 5483/5941/4061 5495/5954/4061 5494/5953/4061 5482/5940/4061
f 5484/5930/4062 5496/5943/4062 5495/5954/4062 5483/5941/4062
f 5485/5942/4063 5497/5955/4063 5508/5956/4063 5496/5943/4063
f 5486/5944/4064 5498/5957/4064 5497/5958/4064 5485/5945/4064
f 5487/5946/4065 5499/5959/4065 5498/5957/4065 5486/5944/4065
f 5488/5947/4066 5500/5960/4066 5499/5959/4066 5487/5946/4066
f 5489/5948/4067 5501/5961/4067 5500/5960/4067 5488/5947/4067
f 5490/5949/4068 5502/5962/4068 5501/5961/4068 5489/5948/4068
f 5491/5950/4069 5503/5963/4069 5502/5962/4069 5490/5949/4069
f 5492/5951/4070 5504/5964/4070 5503/5963/4070 5491/5950/4070
f 5493/5952/4071 5505/5965/4071 5504/5964/4071 5492/5951/4071
f 5494/5953/4072 5506/5966/4072 5505/5965/4072 5493/5952/4072
f 5495/5954/4073 5507/5967/4073 5506/5966/4073 5494/5953/4073
f 5496/5943/4074 5508/5956/4074 5507/5967/4074 5495/5954/4074
f 5497/5955/4075 5509/5968/4075 5520/5969/4075 5508/5956/4075
f 5498/5957/4076 5510/5970/4076 5509/5971/4076 5497/5958/4076
f 5499/5959/4077 5511/5972/4077 5510/5970/4077 5498/5957/4077
f 5500/5960/4078 5512/5973/4078 5511/5972/4078 5499/5959/4078
f 5501/5961/4079 5513/5974/4079 5512/5973/4079 5500/5960/4079
f 5502/5962/4080 5514/5975/4080 5513/5974/4080 5501/5961/4080
f 5503/5963/4081 5515/5976/4081 5514/5975/4081 5502/5962/4081
f 5504/5964/4082 5516/5977/4082 5515/5976/4082 5503/5963/4082
f 5505/5965/4083 5517/5978/4083 5516/5977/4083 5504/5964/4083
f 5506/5966/4084 5518/5979/4084 5517/5978/4084 5505/5965/4084
f 5507/5967/4085 5519/5980/4085 5518/5979/4085 5506/5966/4085
f 5508/5956/4086 5520/5969/4086 5519/5980/4086 5507/5967/4086
f 5521/5981/4087 5533/5982/4087 5544/5983/4087 5532/5984/4087
f 5522/5985/4088 5534/5986/4088 5533/5987/4088 5521/5988/4088
f 5523/5989/4089 5535/5990/4089 5534/5986/4089 5522/5985/4089
f 5524/5991/4090 5536/5992/4090 5535/5990/4090 5523/5989/4090
f 5525/5993/4091 5537/5994/4091 5536/5992/4091 5524/5991/4091
f 5526/5995/4092 5538/5996/4092 5537/5994/4092 5525/5993/4092
f 5527/5997/4093 5539/5998/4093 5538/5996/4093 5526/5995/4093
f 5528/5999/4094 5540/6000/4094 5539/5998/4094 5527/5997/4094
f 5529/6001/4095 5541/6002/4095 5540/6000/4095 5528/5999/4095
f 5530/6003/4096 5542/6004/4096 5541/6002/4096 5529/6001/4096
f 5531/6005/4097 5543/6006/4097 5542/6004/4097 5530/6003/4097
f 5532/5984/4098 5544/5983/4098 5543/6006/4098 5531/6005/4098
f 5545/6007/4099 5557/6008/4099 5568/6009/4099 5556/6010/4099
f 5546/6011/4100 5558/6012/4100 5557/6013/4100 5545/6014/4100
f 5547/6015/4101 5559/6016/4101 5558/6012/4101 5546/6011/4101
f 5548/6017/4102 5560/6018/4102 5559/6016/4102 5547/6015/4102
f 5549/6019/4103 5561/6020/4103 5560/6018/4103 5548/6017/4103
f 5550/6021/4104 5562/6022/4104 5561/6020/4104 5549/6019/4104
f 5551/6023/4105 5563/6024/4105 5562/6022/4105 5550/6021/4105
f 5552/6025/4106 5564/6026/4106 5563/6024/4106 5551/6023/4106
f 5553/6027/4107 5565/6028/4107 5564/6026/4107 5552/6025/4107
f 5554/6029/4108 5566/6030/4108 5565/6028/4108 5553/6027/4108
f 5555/6031/4109 5567/6032/4109 5566/6030/4109 5554/6029/4109
f 5556/6010/4110 5568/6009/4110 5567/6032/4110 5555/6031/4110
f 5569/6033/4111 5581/6034/4111 5592/6035/4111 5580/6036/4111
f 5570/6037/4112 5582/6038/4112 5581/6039/4112 5569/6040/4112
f 5571/6041/4113 5583/6042/4113 5582/6038/4113 5570/6037/4113
f 5572/6043/4114 5584/6044/4114 5583/6042/4114 5571/6041/4114
f 5573/6045/4115 5585/6046/4115 5584/6044/4115 5572/6043/4115
f 5574/6047/4116 5586/6048/4116 5585/6046/4116 5573/6045/4116
f 5575/6049/4117 5587/6050/4117 5586/6048/4117 5574/6047/4117
f 5576/6051/4118 5588/6052/4118 5587/6050/4118 5575/6049/4118
f 5577/6053/4119 5589/6054/4119 5588/6052/4119 5576/6051/4119
f 5578/6055/4120 5590/6056/4120 5589/6054/4120 5577/6053/4120
f 5579/6057/4121 5591/6058/4121 5590/6056/4121 5578/6055/4121
f 5580/6036/4122 5592/6035/4122 5591/6058/4122 5579/6057/4122
f 5593/6059/4099 5605/6060/4099 5616/6061/4099 5604/6062/4099
f 5594/6063/4100 5606/6064/4100 5605/6065/4100 5593/6066/4100
f 5595/6067/4101 5607/6068/4101 5606/6064/4101 5594/6063/4101
f 5596/6069/4102 5608/6070/4102 5607/6068/4102 5595/6067/4102
f 5597/6071/4103 5609/6072/4103 5608/6070/4103 5596/6069/4103
f 5598/6073/4104 5610/6074/4104 5609/6072/4104 5597/6071/4104
f 5599/6075/4105 5611/6076/4105 5610/6074/4105 5598/6073/4105
f 5600/6077/4106 5612/6078/4106 5611/6076/4106 5599/6075/4106
f 5601/6079/4107 5613/6080/4107 5612/6078/4107 5600/6077/4107
f 5602/6081/4108 5614/6082/4108 5613/6080/4108 5601/6079/4108
f 5603/6083/4109 5615/6084/4109 5614/6082/4109 5602/6081/4109
f 5604/6062/4110 5616/6061/4110 5615/6084/4110 5603/6083/4110
f 5617/6085/4123 5629/6086/4123 5640/6087/4123 5628/6088/4123
f 5618/6089/4124 5630/6090/4124 5629/6091/4124 5617/6092/4124
f 5619/6093/4125 5631/6094/4125 5630/6090/4125 5618/6089/4125
f 5620/6095/4126 5632/6096/4126 5631/6094/4126 5619/6093/4126
f 5621/6097/4127 5633/6098/4127 5632/6096/4127 5620/6095/4127
f 5622/6099/4128 5634/6100/4128 5633/6098/4128 5621/6097/4128
f 5623/6101/4129 5635/6102/4129 5634/6100/4129 5622/6099/4129
f 5624/6103/4130 5636/6104/4130 5635/6102/4130 5623/6101/4130
f 5625/6105/4131 5637/6106/4131 5636/6104/4131 5624/6103/4131
f 5626/6107/4132 5638/6108/4132 5637/6106/4132 5625/6105/4132
f 5627/6109/4133 5639/6110/4133 5638/6108/4133 5626/6107/4133
f 5628/6088/4134 5640/6087/4134 5639/6110/4134 5627/6109/4134
f 5641/6111/4135 5653/6112/4135 5664/6113/4135 5652/6114/4135
f 5642/6115/4136 5654/6116/4136 5653/6117/4136 5641/6118/4136
f 5643/6119/4137 5655/6120/4137 5654/6116/4137 5642/6115/4137
f 5644/6121/4138 5656/6122/4138 5655/6120/4138 5643/6119/4138
f 5645/6123/4139 5657/6124/4139 5656/6122/4139 5644/6121/4139
f 5646/6125/4140 5658/6126/4140 5657/6124/4140 5645/6123/4140
f 5647/6127/4141 5659/6128/4141 5658/6126/4141 5646/6125/4141
f 5648/6129/4142 5660/6130/4142 5659/6128/4142 5647/6127/4142
f 5649/6131/4143 5661/6132/4143 5660/6130/4143 5648/6129/4143
f 5650/6133/4144 5662/6134/4144 5661/6132/4144 5649/6131/4144
f 5651/6135/4145 5663/6136/4145 5662/6134/4145 5650/6133/4145
f 5652/6114/4146 5664/6113/4146 5663/6136/4146 5651/6135/4146
f 5653/6112/3984 5665/6137/3984 5676/6138/3984 5664/6113/3984
f 5654/6116/3983 5666/6139/3983 5665/6140/3983 5653/6117/3983
f 5655/6120/3982 5667/6141/3982 5666/6139/3982 5654/6116/3982
f 5656/6122/3981 5668/6142/3981 5667/6141/3981 5655/6120/3981
f 5657/6124/3980 5669/6143/3980 5668/6142/3980 5656/6122/3980
f 5658/6126/3979 5670/6144/3979 5669/6143/3979 5657/6124/3979
f 5659/6128/3990 5671/6145/3990 5670/6144/3990 5658/6126/3990
f 5660/6130/3989 5672/6146/3989 5671/6145/3989 5659/6128/3989
f 5661/6132/3988 5673/6147/3988 5672/6146/3988 5660/6130/3988
f 5662/6134/3987 5674/6148/3987 5673/6147/3987 5661/6132/3987
f 5663/6136/3986 5675/6149/3986 5674/6148/3986 5662/6134/3986
f 5664/6113/3985 5676/6138/3985 5675/6149/3985 5663/6136/3985
f 5665/6137/3972 5677/6150/3972 5688/6151/3972 5676/6138/3972
f 5666/6139/3971 5678/6152/3971 5677/6153/3971 5665/6140/3971
f 5667/6141/4147 5679/6154/4147 5678/6152/4147 5666/6139/4147
f 5668/6142/3969 5680/6155/3969 5679/6154/3969 5667/6141/3969
f 5669/6143/3968 5681/6156/3968 5680/6155/3968 5668/6142/3968
f 5670/6144/3967 5682/6157/3967 5681/6156/3967 5669/6143/3967
f 5671/6145/3978 5683/6158/3978 5682/6157/3978 5670/6144/3978
f 5672/6146/3977 5684/6159/3977 5683/6158/3977 5671/6145/3977
f 5673/6147/3976 5685/6160/3976 5684/6159/3976 5672/6146/3976
f 5674/6148/3975 5686/6161/3975 5685/6160/3975 5673/6147/3975
f 5675/6149/3974 5687/6162/3974 5686/6161/3974 5674/6148/3974
f 5676/6138/3973 5688/6151/3973 5687/6162/3973 5675/6149/3973
f 5677/6150/3960 5689/6163/3960 5700/6164/3960 5688/6151/3960
f 5678/6152/4148 5690/6165/4148 5689/6166/4148 5677/6153/4148
f 5679/6154/3958 5691/6167/3958 5690/6165/3958 5678/6152/3958
f 5680/6155/3957 5692/6168/3957 5691/6167/3957 5679/6154/3957
f 5681/6156/3956 5693/6169/3956 5692/6168/3956 5680/6155/3956
f 5682/6157/3955 5694/6170/3955 5693/6169/3955 5681/6156/3955
f 5683/6158/3966 5695/6171/3966 5694/6170/3966 5682/6157/3966
f 5684/6159/3965 5696/6172/3965 5695/6171/3965 5683/6158/3965
f 5685/6160/3964 5697/6173/3964 5696/6172/3964 5684/6159/3964
f 5686/6161/3963 5698/6174/3963 5697/6173/3963 5685/6160/3963
f 5687/6162/3962 5699/6175/3962 5698/6174/3962 5686/6161/3962
f 5688/6151/3961 5700/6164/3961 5699/6175/3961 5687/6162/3961
f 5689/6163/3948 5701/6176/3948 5712/6177/3948 5700/6164/3948
f 5690/6165/3947 5702/6178/3947 5701/6179/3947 5689/6166/3947
f 5691/6167/3946 5703/6180/3946 5702/6178/3946 5690/6165/3946
f 5692/6168/3945 5704/6181/3945 5703/6180/3945 5691/6167/3945
f 5693/6169/3944 5705/6182/3944 5704/6181/3944 5692/6168/3944
f 5694/6170/3943 5706/6183/3943 5705/6182/3943 5693/6169/3943
f 5695/6171/3954 5707/6184/3954 5706/6183/3954 5694/6170/3954
f 5696/6172/3953 5708/6185/3953 5707/6184/3953 5695/6171/3953
f 5697/6173/3952 5709/6186/3952 5708/6185/3952 5696/6172/3952
f 5698/6174/3951 5710/6187/3951 5709/6186/3951 5697/6173/3951
f 5699/6175/3950 5711/6188/3950 5710/6187/3950 5698/6174/3950
f 5700/6164/3949 5712/6177/3949 5711/6188/3949 5699/6175/3949
f 5701/6176/3936 5713/6189/3936 5724/6190/3936 5712/6177/3936
f 5702/6178/3935 5714/6191/3935 5713/6192/3935 5701/6179/3935
f 5703/6180/3934 5715/6193/3934 5714/6191/3934 5702/6178/3934
f 5704/6181/3933 5716/6194/3933 5715/6193/3933 5703/6180/3933
f 5705/6182/3932 5717/6195/3932 5716/6194/3932 5704/6181/3932
f 5706/6183/3931 5718/6196/3931 5717/6195/3931 5705/6182/3931
f 5707/6184/3942 5719/6197/3942 5718/6196/3942 5706/6183/3942
f 5708/6185/3941 5720/6198/3941 5719/6197/3941 5707/6184/3941
f 5709/6186/3940 5721/6199/3940 5720/6198/3940 5708/6185/3940
f 5710/6187/3939 5722/6200/3939 5721/6199/3939 5709/6186/3939
f 5711/6188/3938 5723/6201/3938 5722/6200/3938 5710/6187/3938
f 5712/6177/3937 5724/6190/3937 5723/6201/3937 5711/6188/3937
f 5713/6189/3924 5725/6202/3924 5736/6203/3924 5724/6190/3924
f 5714/6191/3923 5726/6204/3923 5725/6205/3923 5713/6192/3923
f 5715/6193/3922 5727/6206/3922 5726/6204/3922 5714/6191/3922
f 5716/6194/3921 5728/6207/3921 5727/6206/3921 5715/6193/3921
f 5717/6195/3920 5729/6208/3920 5728/6207/3920 5716/6194/3920
f 5718/6196/3919 5730/6209/3919 5729/6208/3919 5717/6195/3919
f 5719/6197/3930 5731/6210/3930 5730/6209/3930 5718/6196/3930
f 5720/6198/3929 5732/6211/3929 5731/6210/3929 5719/6197/3929
f 5721/6199/3928 5733/6212/3928 5732/6211/3928 5720/6198/3928
f 5722/6200/3927 5734/6213/3927 5733/6212/3927 5721/6199/3927
f 5723/6201/3926 5735/6214/3926 5734/6213/3926 5722/6200/3926
f 5724/6190/3925 5736/6203/3925 5735/6214/3925 5723/6201/3925
f 5725/6202/3912 5737/6215/3912 5748/6216/3912 5736/6203/3912
f 5726/6204/3911 5738/6217/3911 5737/6218/3911 5725/6205/3911
f 5727/6206/3910 5739/6219/3910 5738/6217/3910 5726/6204/3910
f 5728/6207/3909 5740/6220/3909 5739/6219/3909 5727/6206/3909
f 5729/6208/3908 5741/6221/3908 5740/6220/3908 5728/6207/3908
f 5730/6209/3907 5742/6222/3907 5741/6221/3907 5729/6208/3907
f 5731/6210/3918 5743/6223/3918 5742/6222/3918 5730/6209/3918
f 5732/6211/3917 5744/6224/3917 5743/6223/3917 5731/6210/3917
f 5733/6212/3916 5745/6225/3916 5744/6224/3916 5732/6211/3916
f 5734/6213/3915 5746/6226/3915 5745/6225/3915 5733/6212/3915
f 5735/6214/3914 5747/6227/3914 5746/6226/3914 5734/6213/3914
f 5736/6203/3913 5748/6216/3913 5747/6227/3913 5735/6214/3913
f 5737/6215/3900 5749/6228/3900 5760/6229/3900 5748/6216/3900
f 5738/6217/3899 5750/6230/3899 5749/6231/3899 5737/6218/3899
f 5739/6219/3898 5751/6232/3898 5750/6230/3898 5738/6217/3898
f 5740/6220/3897 5752/6233/3897 5751/6232/3897 5739/6219/3897
f 5741/6221/3896 5753/6234/3896 5752/6233/3896 5740/6220/3896
f 5742/6222/3895 5754/6235/3895 5753/6234/3895 5741/6221/3895
f 5743/6223/3906 5755/6236/3906 5754/6235/3906 5742/6222/3906
f 5744/6224/3905 5756/6237/3905 5755/6236/3905 5743/6223/3905
f 5745/6225/3904 5757/6238/3904 5756/6237/3904 5744/6224/3904
f 5746/6226/4149 5758/6239/4149 5757/6238/4149 5745/6225/4149
f 5747/6227/3902 5759/6240/3902 5758/6239/3902 5746/6226/3902
f 5748/6216/3901 5760/6229/3901 5759/6240/3901 5747/6227/3901
f 5749/6228/3888 5761/6241/3888 5772/6242/3888 5760/6229/3888
f 5750/6230/3887 5762/6243/3887 5761/6244/3887 5749/6231/3887
f 5751/6232/3886 5763/6245/3886 5762/6243/3886 5750/6230/3886
f 5752/6233/3885 5764/6246/3885 5763/6245/3885 5751/6232/3885
f 5753/6234/3884 5765/6247/3884 5764/6246/3884 5752/6233/3884
f 5754/6235/3883 5766/6248/3883 5765/6247/3883 5753/6234/3883
f 5755/6236/3894 5767/6249/3894 5766/6248/3894 5754/6235/3894
f 5756/6237/3893 5768/6250/3893 5767/6249/3893 5755/6236/3893
f 5757/6238/3892 5769/6251/3892 5768/6250/3892 5756/6237/3892
f 5758/6239/3891 5770/6252/3891 5769/6251/3891 5757/6238/3891
f 5759/6240/3890 5771/6253/3890 5770/6252/3890 5758/6239/3890
f 5760/6229/3889 5772/6242/3889 5771/6253/3889 5759/6240/3889
f 5761/6241/3876 5773/6254/3876 5784/6255/3876 5772/6242/3876
f 5762/6243/3875 5774/6256/3875 5773/6257/3875 5761/6244/3875
f 5763/6245/3874 5775/6258/3874 5774/6256/3874 5762/6243/3874
f 5764/6246/3873 5776/6259/3873 5775/6258/3873 5763/6245/3873
f 5765/6247/3872 5777/6260/3872 5776/6259/3872 5764/6246/3872
f 5766/6248/3871 5778/6261/3871 5777/6260/3871 5765/6247/3871
f 5767/6249/3882 5779/6262/3882 5778/6261/3882 5766/6248/3882
f 5768/6250/3881 5780/6263/3881 5779/6262/3881 5767/6249/3881
f 5769/6251/3880 5781/6264/3880 5780/6263/3880 5768/6250/3880
f 5770/6252/3879 5782/6265/3879 5781/6264/3879 5769/6251/3879
f 5771/6253/3878 5783/6266/3878 5782/6265/3878 5770/6252/3878
f 5772/6242/3877 5784/6255/3877 5783/6266/3877 5771/6253/3877
f 5773/6254/4150 5785/6267/4150 5796/6268/4150 5784/6255/4150
f 5774/6256/4151 5786/6269/4151 5785/6270/4151 5773/6257/4151
f 5775/6258/4152 5787/6271/4152 5786/6269/4152 5774/6256/4152
f 5776/6259/4153 5788/6272/4153 5787/6271/4153 5775/6258/4153
f 5777/6260/4154 5789/6273/4154 5788/6272/4154 5776/6259/4154
f 5778/6261/4155 5790/6274/4155 5789/6273/4155 5777/6260/4155
f 5779/6262/4156 5791/6275/4156 5790/6274/4156 5778/6261/4156
f 5780/6263/4157 5792/6276/4157 5791/6275/4157 5779/6262/4157
f 5781/6264/4158 5793/6277/4158 5792/6276/4158 5780/6263/4158
f 5782/6265/4159 5794/6278/4159 5793/6277/4159 5781/6264/4159
f 5783/6266/4160 5795/6279/4160 5794/6278/4160 5782/6265/4160
f 5784/6255/4161 5796/6268/4161 5795/6279/4161 5783/6266/4161
f 5785/6267/4162 5797/6280/4162 5808/6281/4162 5796/6268/4162
f 5786/6269/4163 5798/6282/4163 5797/6283/4163 5785/6270/4163
f 5787/6271/4164 5799/6284/4164 5798/6282/4164 5786/6269/4164
f 5788/6272/4165 5800/6285/4165 5799/6284/4165 5787/6271/4165
f 5789/6273/4166 5801/6286/4166 5800/6285/4166 5788/6272/4166
f 5790/6274/4167 5802/6287/4167 5801/6286/4167 5789/6273/4167
f 5791/6275/4168 5803/6288/4168 5802/6287/4168 5790/6274/4168
f 5792/6276/4169 5804/6289/4169 5803/6288/4169 5791/6275/4169
f 5793/6277/4170 5805/6290/4170 5804/6289/4170 5792/6276/4170
f 5794/6278/4171 5806/6291/4171 5805/6290/4171 5793/6277/4171
f 5795/6279/4172 5807/6292/4172 5806/6291/4172 5794/6278/4172
f 5796/6268/4173 5808/6281/4173 5807/6292/4173 5795/6279/4173
f 5797/6280/4174 5809/6293/4174 5820/6294/4174 5808/6281/4174
f 5798/6282/4175 5810/6295/4175 5809/6296/4175 5797/6283/4175
f 5799/6284/4176 5811/6297/4176 5810/6295/4176 5798/6282/4176
f 5800/6285/4177 5812/6298/4177 5811/6297/4177 5799/6284/4177
f 5801/6286/4178 5813/6299/4178 5812/6298/4178 5800/6285/4178
f 5802/6287/4179 5814/6300/4179 5813/6299/4179 5801/6286/4179
f 5803/6288/4180 5815/6301/4180 5814/6300/4180 5802/6287/4180
f 5804/6289/4181 5816/6302/4181 5815/6301/4181 5803/6288/4181
f 5805/6290/4182 5817/6303/4182 5816/6302/4182 5804/6289/4182
f 5806/6291/4183 5818/6304/4183 5817/6303/4183 5805/6290/4183
f 5807/6292/4184 5819/6305/4184 5818/6304/4184 5806/6291/4184
f 5808/6281/4185 5820/6294/4185 5819/6305/4185 5807/6292/4185
f 5809/6293/4186 5821/6306/4186 5832/6307/4186 5820/6294/4186
f 5810/6295/4187 5822/6308/4187 5821/6309/4187 5809/6296/4187
f 5811/6297/4188 5823/6310/4188 5822/6308/4188 5810/6295/4188
f 5812/6298/4189 5824/6311/4189 5823/6310/4189 5811/6297/4189
f 5813/6299/4190 5825/6312/4190 5824/6311/4190 5812/6298/4190
f 5814/6300/4191 5826/6313/4191 5825/6312/4191 5813/6299/4191
f 5815/6301/4192 5827/6314/4192 5826/6313/4192 5814/6300/4192
f 5816/6302/4193 5828/6315/4193 5827/6314/4193 5815/6301/4193
f 5817/6303/4194 5829/6316/4194 5828/6315/4194 5816/6302/4194
f 5818/6304/4195 5830/6317/4195 5829/6316/4195 5817/6303/4195
f 5819/6305/4196 5831/6318/4196 5830/6317/4196 5818/6304/4196
f 5820/6294/4197 5832/6307/4197 5831/6318/4197 5819/6305/4197
f 5821/6306/4198 5833/6319/4198 5844/6320/4198 5832/6307/4198
f 5822/6308/4199 5834/6321/4199 5833/6322/4199 5821/6309/4199
f 5823/6310/4200 5835/6323/4200 5834/6321/4200 5822/6308/4200
f 5824/6311/4201 5836/6324/4201 5835/6323/4201 5823/6310/4201
f 5825/6312/4202 5837/6325/4202 5836/6324/4202 5824/6311/4202
f 5826/6313/4203 5838/6326/4203 5837/6325/4203 5825/6312/4203
f 5827/6314/4204 5839/6327/4204 5838/6326/4204 5826/6313/4204
f 5828/6315/4205 5840/6328/4205 5839/6327/4205 5827/6314/4205
f 5829/6316/4206 5841/6329/4206 5840/6328/4206 5828/6315/4206
f 5830/6317/4207 5842/6330/4207 5841/6329/4207 5829/6316/4207
f 5831/6318/4208 5843/6331/4208 5842/6330/4208 5830/6317/4208
f 5832/6307/4209 5844/6320/4209 5843/6331/4209 5831/6318/4209
f 5833/6319/4210 5845/6332/4210 5856/6333/4210 5844/6320/4210
f 5834/6321/4211 5846/6334/4211 5845/6335/4211 5833/6322/4211
f 5835/6323/4212 5847/6336/4212 5846/6334/4212 5834/6321/4212
f 5836/6324/4213 5848/6337/4213 5847/6336/4213 5835/6323/4213
f 5837/6325/4214 5849/6338/4214 5848/6337/4214 5836/6324/4214
f 5838/6326/4215 5850/6339/4215 5849/6338/4215 5837/6325/4215
f 5839/6327/4216 5851/6340/4216 5850/6339/4216 5838/6326/4216
f 5840/6328/4217 5852/6341/4217 5851/6340/4217 5839/6327/4217
f 5841/6329/4218 5853/6342/4218 5852/6341/4218 5840/6328/4218
f 5842/6330/4219 5854/6343/4219 5853/6342/4219 5841/6329/4219
f 5843/6331/4220 5855/6344/4220 5854/6343/4220 5842/6330/4220
f 5844/6320/4221 5856/6333/4221 5855/6344/4221 5843/6331/4221
f 5845/6332/4222 5857/6345/4222 5868/6346/4222 5856/6333/4222
f 5846/6334/4223 5858/6347/4223 5857/6348/4223 5845/6335/4223
f 5847/6336/4224 5859/6349/4224 5858/6347/4224 5846/6334/4224
f 5848/6337/4225 5860/6350/4225 5859/6349/4225 5847/6336/4225
f 5849/6338/4226 5861/6351/4226 5860/6350/4226 5848/6337/4226
f 5850/6339/4227 5862/6352/4227 5861/6351/4227 5849/6338/4227
f 5851/6340/4228 5863/6353/4228 5862/6352/4228 5850/6339/4228
f 5852/6341/4229 5864/6354/4229 5863/6353/4229 5851/6340/4229
f 5853/6342/4230 5865/6355/4230 5864/6354/4230 5852/6341/4230
f 5854/6343/4231 5866/6356/4231 5865/6355/4231 5853/6342/4231
f 5855/6344/4232 5867/6357/4232 5866/6356/4232 5854/6343/4232
f 5856/6333/4233 5868/6346/4233 5867/6357/4233 5855/6344/4233
f 5869/6358/4234 5881/6359/4234 5892/6360/4234 5880/6361/4234
f 5870/6362/4235 5882/6363/4235 5881/6364/4235 5869/6365/4235
f 5871/6366/4236 5883/6367/4236 5882/6363/4236 5870/6362/4236
f 5872/6368/4237 5884/6369/4237 5883/6367/4237 5871/6366/4237
f 5873/6370/4238 5885/6371/4238 5884/6369/4238 5872/6368/4238
f 5874/6372/4239 5886/6373/4239 5885/6371/4239 5873/6370/4239
f 5875/6374/4240 5887/6375/4240 5886/6373/4240 5874/6372/4240
f 5876/6376/4241 5888/6377/4241 5887/6375/4241 5875/6374/4241
f 5877/6378/4242 5889/6379/4242 5888/6377/4242 5876/6376/4242
f 5878/6380/4243 5890/6381/4243 5889/6379/4243 5877/6378/4243
f 5879/6382/4244 5891/6383/4244 5890/6381/4244 5878/6380/4244
f 5880/6361/4245 5892/6360/4245 5891/6383/4245 5879/6382/4245
f 5881/6359/4246 5893/6384/4246 5904/6385/4246 5892/6360/4246
f 5882/6363/4247 5894/6386/4247 5893/6387/4247 5881/6364/4247
f 5883/6367/4248 5895/6388/4248 5894/6386/4248 5882/6363/4248
f 5884/6369/4249 5896/6389/4249 5895/6388/4249 5883/6367/4249
f 5885/6371/4250 5897/6390/4250 5896/6389/4250 5884/6369/4250
f 5886/6373/4251 5898/6391/4251 5897/6390/4251 5885/6371/4251
f 5887/6375/4252 5899/6392/4252 5898/6391/4252 5886/6373/4252
f 5888/6377/4253 5900/6393/4253 5899/6392/4253 5887/6375/4253
f 5889/6379/4254 5901/6394/4254 5900/6393/4254 5888/6377/4254
f 5890/6381/4255 5902/6395/4255 5901/6394/4255 5889/6379/4255
f 5891/6383/4256 5903/6396/4256 5902/6395/4256 5890/6381/4256
f 5892/6360/4257 5904/6385/4257 5903/6396/4257 5891/6383/4257
f 5893/6384/4258 5905/6397/4258 5916/6398/4258 5904/6385/4258
f 5894/6386/4259 5906/6399/4259 5905/6400/4259 5893/6387/4259
f 5895/6388/4260 5907/6401/4260 5906/6399/4260 5894/6386/4260
f 5896/6389/4261 5908/6402/4261 5907/6401/4261 5895/6388/4261
f 5897/6390/4262 5909/6403/4262 5908/6402/4262 5896/6389/4262
f 5898/6391/4263 5910/6404/4263 5909/6403/4263 5897/6390/4263
f 5899/6392/4264 5911/6405/4264 5910/6404/4264 5898/6391/4264
f 5900/6393/4265 5912/6406/4265 5911/6405/4265 5899/6392/4265
f 5901/6394/4266 5913/6407/4266 5912/6406/4266 5900/6393/4266
f 5902/6395/4267 5914/6408/4267 5913/6407/4267 5901/6394/4267
f 5903/6396/4268 5915/6409/4268 5914/6408/4268 5902/6395/4268
f 5904/6385/4269 5916/6398/4269 5915/6409/4269 5903/6396/4269
f 5905/6397/4270 5917/6410/4270 5928/6411/4270 5916/6398/4270
f 5906/6399/4271 5918/6412/4271 5917/6413/4271 5905/6400/4271
f 5907/6401/4272 5919/6414/4272 5918/6412/4272 5906/6399/4272
f 5908/6402/4273 5920/6415/4273 5919/6414/4273 5907/6401/4273
f 5909/6403/4274 5921/6416/4274 5920/6415/4274 5908/6402/4274
f 5910/6404/4275 5922/6417/4275 5921/6416/4275 5909/6403/4275
f 5911/6405/4276 5923/6418/4276 5922/6417/4276 5910/6404/4276
f 5912/6406/4277 5924/6419/4277 5923/6418/4277 5911/6405/4277
f 5913/6407/4278 5925/6420/4278 5924/6419/4278 5912/6406/4278
f 5914/6408/4279 5926/6421/4279 5925/6420/4279 5913/6407/4279
f 5915/6409/4280 5927/6422/4280 5926/6421/4280 5914/6408/4280
f 5916/6398/4281 5928/6411/4281 5927/6422/4281 5915/6409/4281
f 5917/6410/4282 5929/6423/4282 5940/6424/4282 5928/6411/4282
f 5918/6412/4283 5930/6425/4283 5929/6426/4283 5917/6413/4283
f 5919/6414/4284 5931/6427/4284 5930/6425/4284 5918/6412/4284
f 5920/6415/4285 5932/6428/4285 5931/6427/4285 5919/6414/4285
f 5921/6416/4286 5933/6429/4286 5932/6428/4286 5920/6415/4286
f 5922/6417/4287 5934/6430/4287 5933/6429/4287 5921/6416/4287
f 5923/6418/4288 5935/6431/4288 5934/6430/4288 5922/6417/4288
f 5924/6419/4289 5936/6432/4289 5935/6431/4289 5923/6418/4289
f 5925/6420/4290 5937/6433/4290 5936/6432/4290 5924/6419/4290
f 5926/6421/4291 5938/6434/4291 5937/6433/4291 5925/6420/4291
f 5927/6422/4292 5939/6435/4292 5938/6434/4292 5926/6421/4292
f 5928/6411/4293 5940/6424/4293 5939/6435/4293 5927/6422/4293
f 5929/6423/4294 5941/6436/4294 5952/6437/4294 5940/6424/4294
f 5930/6425/4295 5942/6438/4295 5941/6439/4295 5929/6426/4295
f 5931/6427/4296 5943/6440/4296 5942/6438/4296 5930/6425/4296
f 5932/6428/4297 5944/6441/4297 5943/6440/4297 5931/6427/4297
f 5933/6429/4298 5945/6442/4298 5944/6441/4298 5932/6428/4298
f 5934/6430/4299 5946/6443/4299 5945/6442/4299 5933/6429/4299
f 5935/6431/4300 5947/6444/4300 5946/6443/4300 5934/6430/4300
f 5936/6432/4301 5948/6445/4301 5947/6444/4301 5935/6431/4301
f 5937/6433/4302 5949/6446/4302 5948/6445/4302 5936/6432/4302
f 5938/6434/4303 5950/6447/4303 5949/6446/4303 5937/6433/4303
f 5939/6435/4304 5951/6448/4304 5950/6447/4304 5938/6434/4304
f 5940/6424/4305 5952/6437/4305 5951/6448/4305 5939/6435/4305
f 5941/6436/4306 5953/6449/4306 5964/6450/4306 5952/6437/4306
f 5942/6438/4307 5954/6451/4307 5953/6452/4307 5941/6439/4307
f 5943/6440/4308 5955/6453/4308 5954/6451/4308 5942/6438/4308
f 5944/6441/4309 5956/6454/4309 5955/6453/4309 5943/6440/4309
f 5945/6442/4310 5957/6455/4310 5956/6454/4310 5944/6441/4310
f 5946/6443/4311 5958/6456/4311 5957/6455/4311 5945/6442/4311
f 5947/6444/4312 5959/6457/4312 5958/6456/4312 5946/6443/4312
f 5948/6445/4313 5960/6458/4313 5959/6457/4313 5947/6444/4313
f 5949/6446/4314 5961/6459/4314 5960/6458/4314 5948/6445/4314
f 5950/6447/4315 5962/6460/4315 5961/6459/4315 5949/6446/4315
f 5951/6448/4316 5963/6461/4316 5962/6460/4316 5950/6447/4316
f 5952/6437/4317 5964/6450/4317 5963/6461/4317 5951/6448/4317
f 5953/6449/4318 5965/6462/4318 5976/6463/4318 5964/6450/4318
f 5954/6451/4319 5966/6464/4319 5965/6465/4319 5953/6452/4319
f 5955/6453/4320 5967/6466/4320 5966/6464/4320 5954/6451/4320
f 5956/6454/4321 5968/6467/4321 5967/6466/4321 5955/6453/4321
f 5957/6455/4322 5969/6468/4322 5968/6467/4322 5956/6454/4322
f 5958/6456/4323 5970/6469/4323 5969/6468/4323 5957/6455/4323
f 5959/6457/4324 5971/6470/4324 5970/6469/4324 5958/6456/4324
f 5960/6458/4325 5972/6471/4325 5971/6470/4325 5959/6457/4325
f 5961/6459/4326 5973/6472/4326 5972/6471/4326 5960/6458/4326
f 5962/6460/4327 5974/6473/4327 5973/6472/4327 5961/6459/4327
f 5963/6461/4328 5975/6474/4328 5974/6473/4328 5962/6460/4328
f 5964/6450/4329 5976/6463/4329 5975/6474/4329 5963/6461/4329
f 5965/6462/4330 5977/6475/4330 5988/6476/4330 5976/6463/4330
f 5966/6464/4331 5978/6477/4331 5977/6478/4331 5965/6465/4331
f 5967/6466/4332 5979/6479/4332 5978/6477/4332 5966/6464/4332
f 5968/6467/4333 5980/6480/4333 5979/6479/4333 5967/6466/4333
f 5969/6468/4334 5981/6481/4334 5980/6480/4334 5968/6467/4334
f 5970/6469/4335 5982/6482/4335 5981/6481/4335 5969/6468/4335
f 5971/6470/4336 5983/6483/4336 5982/6482/4336 5970/6469/4336
f 5972/6471/4337 5984/6484/4337 5983/6483/4337 5971/6470/4337
f 5973/6472/4338 5985/6485/4338 5984/6484/4338 5972/6471/4338
f 5974/6473/4339 5986/6486/4339 5985/6485/4339 5973/6472/4339
f 5975/6474/4340 5987/6487/4340 5986/6486/4340 5974/6473/4340
f 5976/6463/4341 5988/6476/4341 5987/6487/4341 5975/6474/4341
f 5977/6475/4342 5989/6488/4342 6000/6489/4342 5988/6476/4342
f 5978/6477/4343 5990/6490/4343 5989/6491/4343 5977/6478/4343
f 5979/6479/4344 5991/6492/4344 5990/6490/4344 5978/6477/4344
f 5980/6480/4345 5992/6493/4345 5991/6492/4345 5979/6479/4345
f 5981/6481/4346 5993/6494/4346 5992/6493/4346 5980/6480/4346
f 5982/6482/4347 5994/6495/4347 5993/6494/4347 5981/6481/4347
f 5983/6483/4348 5995/6496/4348 5994/6495/4348 5982/6482/4348
f 5984/6484/4349 5996/6497/4349 5995/6496/4349 5983/6483/4349
f 5985/6485/4350 5997/6498/4350 5996/6497/4350 5984/6484/4350
f 5986/6486/4351 5998/6499/4351 5997/6498/4351 5985/6485/4351
f 5987/6487/4352 5999/6500/4352 5998/6499/4352 5986/6486/4352
f 5988/6476/4353 6000/6489/4353 5999/6500/4353 5987/6487/4353
f 5989/6488/4354 6001/6501/4354 6012/6502/4354 6000/6489/4354
f 5990/6490/4355 6002/6503/4355 6001/6504/4355 5989/6491/4355
f 5991/6492/4356 6003/6505/4356 6002/6503/4356 5990/6490/4356
f 5992/6493/4357 6004/6506/4357 6003/6505/4357 5991/6492/4357
f 5993/6494/4358 6005/6507/4358 6004/6506/4358 5992/6493/4358
f 5994/6495/4359 6006/6508/4359 6005/6507/4359 5993/6494/4359
f 5995/6496/4360 6007/6509/4360 6006/6508/4360 5994/6495/4360
f 5996/6497/4361 6008/6510/4361 6007/6509/4361 5995/6496/4361
f 5997/6498/4362 6009/6511/4362 6008/6510/4362 5996/6497/4362
f 5998/6499/4363 6010/6512/4363 6009/6511/4363 5997/6498/4363
f 5999/6500/4364 6011/6513/4364 6010/6512/4364 5998/6499/4364
f 6000/6489/4365 6012/6502/4365 6011/6513/4365 5999/6500/4365
f 6001/6501/4366 6013/6514/4366 6024/6515/4366 6012/6502/4366
f 6002/6503/4367 6014/6516/4367 6013/6517/4367 6001/6504/4367
f 6003/6505/4368 6015/6518/4368 6014/6516/4368 6002/6503/4368
f 6004/6506/4369 6016/6519/4369 6015/6518/4369 6003/6505/4369
f 6005/6507/4370 6017/6520/4370 6016/6519/4370 6004/6506/4370
f 6006/6508/4371 6018/6521/4371 6017/6520/4371 6005/6507/4371
f 6007/6509/4372 6019/6522/4372 6018/6521/4372 6006/6508/4372
f 6008/6510/4373 6020/6523/4373 6019/6522/4373 6007/6509/4373
f 6009/6511/4374 6021/6524/4374 6020/6523/4374 6008/6510/4374
f 6010/6512/4375 6022/6525/4375 6021/6524/4375 6009/6511/4375
f 6011/6513/4376 6023/6526/4376 6022/6525/4376 6010/6512/4376
f 6012/6502/4377 6024/6515/4377 6023/6526/4377 6011/6513/4377
f 6025/6527/4378 6037/6528/4378 6048/6529/4378 6036/6530/4378
f 6026/6531/4379 6038/6532/4379 6037/6533/4379 6025/6534/4379
f 6027/6535/4380 6039/6536/4380 6038/6532/4380 6026/6531/4380
f 6028/6537/4381 6040/6538/4381 6039/6536/4381 6027/6535/4381
f 6029/6539/4382 6041/6540/4382 6040/6538/4382 6028/6537/4382
f 6030/6541/4383 6042/6542/4383 6041/6540/4383 6029/6539/4383
f 6031/6543/4384 6043/6544/4384 6042/6542/4384 6030/6541/4384
f 6032/6545/4385 6044/6546/4385 6043/6544/4385 6031/6543/4385
f 6033/6547/4386 6045/6548/4386 6044/6546/4386 6032/6545/4386
f 6034/6549/4387 6046/6550/4387 6045/6548/4387 6033/6547/4387
f 6035/6551/4388 6047/6552/4388 6046/6550/4388 6034/6549/4388
f 6036/6530/4389 6048/6529/4389 6047/6552/4389 6035/6551/4389
f 6037/6528/4390 6049/6553/4390 6060/6554/4390 6048/6529/4390
f 6038/6532/4391 6050/6555/4391 6049/6556/4391 6037/6533/4391
f 6039/6536/4392 6051/6557/4392 6050/6555/4392 6038/6532/4392
f 6040/6538/4393 6052/6558/4393 6051/6557/4393 6039/6536/4393
f 6041/6540/4394 6053/6559/4394 6052/6558/4394 6040/6538/4394
f 6042/6542/4395 6054/6560/4395 6053/6559/4395 6041/6540/4395
f 6043/6544/4396 6055/6561/4396 6054/6560/4396 6042/6542/4396
f 6044/6546/4397 6056/6562/4397 6055/6561/4397 6043/6544/4397
f 6045/6548/4398 6057/6563/4398 6056/6562/4398 6044/6546/4398
f 6046/6550/4399 6058/6564/4399 6057/6563/4399 6045/6548/4399
f 6047/6552/4400 6059/6565/4400 6058/6564/4400 6046/6550/4400
f 6048/6529/4401 6060/6554/4401 6059/6565/4401 6047/6552/4401
f 6049/6553/4402 6061/6566/4402 6072/6567/4402 6060/6554/4402
f 6050/6555/4403 6062/6568/4403 6061/6569/4403 6049/6556/4403
f 6051/6557/4404 6063/6570/4404 6062/6568/4404 6050/6555/4404
f 6052/6558/4405 6064/6571/4405 6063/6570/4405 6051/6557/4405
f 6053/6559/4406 6065/6572/4406 6064/6571/4406 6052/6558/4406
f 6054/6560/4407 6066/6573/4407 6065/6572/4407 6053/6559/4407
f 6055/6561/4408 6067/6574/4408 6066/6573/4408 6054/6560/4408
f 6056/6562/4409 6068/6575/4409 6067/6574/4409 6055/6561/4409
f 6057/6563/4410 6069/6576/4410 6068/6575/4410 6056/6562/4410
f 6058/6564/4411 6070/6577/4411 6069/6576/4411 6057/6563/4411
f 6059/6565/4412 6071/6578/4412 6070/6577/4412 6058/6564/4412
f 6060/6554/4413 6072/6567/4413 6071/6578/4413 6059/6565/4413
f 6061/6566/4414 6073/6579/4414 6084/6580/4414 6072/6567/4414
f 6062/6568/4415 6074/6581/4415 6073/6582/4415 6061/6569/4415
f 6063/6570/4416 6075/6583/4416 6074/6581/4416 6062/6568/4416
f 6064/6571/4417 6076/6584/4417 6075/6583/4417 6063/6570/4417
f 6065/6572/4418 6077/6585/4418 6076/6584/4418 6064/6571/4418
f 6066/6573/4419 6078/6586/4419 6077/6585/4419 6065/6572/4419
f 6067/6574/4420 6079/6587/4420 6078/6586/4420 6066/6573/4420
f 6068/6575/4421 6080/6588/4421 6079/6587/4421 6067/6574/4421
f 6069/6576/4422 6081/6589/4422 6080/6588/4422 6068/6575/4422
f 6070/6577/4423 6082/6590/4423 6081/6589/4423 6069/6576/4423
f 6071/6578/4424 6083/6591/4424 6082/6590/4424 6070/6577/4424
f 6072/6567/4425 6084/6580/4425 6083/6591/4425 6071/6578/4425
f 6073/6579/4426 6085/6592/4426 6096/6593/4426 6084/6580/4426
f 6074/6581/4427 6086/6594/4427 6085/6595/4427 6073/6582/4427
f 6075/6583/4428 6087/6596/4428 6086/6594/4428 6074/6581/4428
f 6076/6584/4429 6088/6597/4429 6087/6596/4429 6075/6583/4429
f 6077/6585/4430 6089/6598/4430 6088/6597/4430 6076/6584/4430
f 6078/6586/4431 6090/6599/4431 6089/6598/4431 6077/6585/4431
f 6079/6587/4432 6091/6600/4432 6090/6599/4432 6078/6586/4432
f 6080/6588/4433 6092/6601/4433 6091/6600/4433 6079/6587/4433
f 6081/6589/4434 6093/6602/4434 6092/6601/4434 6080/6588/4434
f 6082/6590/4435 6094/6603/4435 6093/6602/4435 6081/6589/4435
f 6083/6591/4436 6095/6604/4436 6094/6603/4436 6082/6590/4436
f 6084/6580/4437 6096/6593/4437 6095/6604/4437 6083/6591/4437
f 6085/6592/4438 6097/6605/4438 6108/6606/4438 6096/6593/4438
f 6086/6594/4439 6098/6607/4439 6097/6608/4439 6085/6595/4439
f 6087/6596/4440 6099/6609/4440 6098/6607/4440 6086/6594/4440
f 6088/6597/4441 6100/6610/4441 6099/6609/4441 6087/6596/4441
f 6089/6598/4442 6101/6611/4442 6100/6610/4442 6088/6597/4442
f 6090/6599/4443 6102/6612/4443 6101/6611/4443 6089/6598/4443
f 6091/6600/4444 6103/6613/4444 6102/6612/4444 6090/6599/4444
f 6092/6601/4445 6104/6614/4445 6103/6613/4445 6091/6600/4445
f 6093/6602/4446 6105/6615/4446 6104/6614/4446 6092/6601/4446
f 6094/6603/4447 6106/6616/4447 6105/6615/4447 6093/6602/4447
f 6095/6604/4448 6107/6617/4448 6106/6616/4448 6094/6603/4448
f 6096/6593/4449 6108/6606/4449 6107/6617/4449 6095/6604/4449
f 6097/6605/4450 6109/6618/4450 6120/6619/4450 6108/6606/4450
f 6098/6607/4451 6110/6620/4451 6109/6621/4451 6097/6608/4451
f 6099/6609/4452 6111/6622/4452 6110/6620/4452 6098/6607/4452
f 6100/6610/4453 6112/6623/4453 6111/6622/4453 6099/6609/4453
f 6101/6611/4454 6113/6624/4454 6112/6623/4454 6100/6610/4454
f 6102/6612/4455 6114/6625/4455 6113/6624/4455 6101/6611/4455
f 6103/6613/4456 6115/6626/4456 6114/6625/4456 6102/6612/4456
f 6104/6614/4457 6116/6627/4457 6115/6626/4457 6103/6613/4457
f 6105/6615/4458 6117/6628/4458 6116/6627/4458 6104/6614/4458
f 6106/6616/4459 6118/6629/4459 6117/6628/4459 6105/6615/4459
f 6107/6617/4460 6119/6630/4460 6118/6629/4460 6106/6616/4460
f 6108/6606/4461 6120/6619/4461 6119/6630/4461 6107/6617/4461
f 6109/6618/4462 6121/6631/4462 6132/6632/4462 6120/6619/4462
f 6110/6620/4463 6122/6633/4463 6121/6634/4463 6109/6621/4463
f 6111/6622/4464 6123/6635/4464 6122/6633/4464 6110/6620/4464
f 6112/6623/4465 6124/6636/4465 6123/6635/4465 6111/6622/4465
f 6113/6624/4466 6125/6637/4466 6124/6636/4466 6112/6623/4466
f 6114/6625/4467 6126/6638/4467 6125/6637/4467 6113/6624/4467
f 6115/6626/4468 6127/6639/4468 6126/6638/4468 6114/6625/4468
f 6116/6627/4469 6128/6640/4469 6127/6639/4469 6115/6626/4469
f 6117/6628/4470 6129/6641/4470 6128/6640/4470 6116/6627/4470
f 6118/6629/4471 6130/6642/4471 6129/6641/4471 6117/6628/4471
f 6119/6630/4472 6131/6643/4472 6130/6642/4472 6118/6629/4472
f 6120/6619/4473 6132/6632/4473 6131/6643/4473 6119/6630/4473
f 6121/6631/4474 6133/6644/4474 6144/6645/4474 6132/6632/4474
f 6122/6633/4475 6134/6646/4475 6133/6647/4475 6121/6634/4475
f 6123/6635/4476 6135/6648/4476 6134/6646/4476 6122/6633/4476
f 6124/6636/4477 6136/6649/4477 6135/6648/4477 6123/6635/4477
f 6125/6637/4478 6137/6650/4478 6136/6649/4478 6124/6636/4478
f 6126/6638/4479 6138/6651/4479 6137/6650/4479 6125/6637/4479
f 6127/6639/4480 6139/6652/4480 6138/6651/4480 6126/6638/4480
f 6128/6640/4481 6140/6653/4481 6139/6652/4481 6127/6639/4481
f 6129/6641/4482 6141/6654/4482 6140/6653/4482 6128/6640/4482
f 6130/6642/4483 6142/6655/4483 6141/6654/4483 6129/6641/4483
f 6131/6643/4484 6143/6656/4484 6142/6655/4484 6130/6642/4484
f 6132/6632/4485 6144/6645/4485 6143/6656/4485 6131/6643/4485
f 6133/6644/4486 6145/6657/4486 6156/6658/4486 6144/6645/4486
f 6134/6646/4487 6146/6659/4487 6145/6660/4487 6133/6647/4487
f 6135/6648/4488 6147/6661/4488 6146/6659/4488 6134/6646/4488
f 6136/6649/4489 6148/6662/4489 6147/6661/4489 6135/6648/4489
f 6137/6650/4490 6149/6663/4490 6148/6662/4490 6136/6649/4490
f 6138/6651/4491 6150/6664/4491 6149/6663/4491 6137/6650/4491
f 6139/6652/4492 6151/6665/4492 6150/6664/4492 6138/6651/4492
f 6140/6653/4493 6152/6666/4493 6151/6665/4493 6139/6652/4493
f 6141/6654/4494 6153/6667/4494 6152/6666/4494 6140/6653/4494
f 6142/6655/4495 6154/6668/4495 6153/6667/4495 6141/6654/4495
f 6143/6656/4496 6155/6669/4496 6154/6668/4496 6142/6655/4496
f 6144/6645/4497 6156/6658/4497 6155/6669/4497 6143/6656/4497
f 6145/6657/4498 6157/6670/4498 6168/6671/4498 6156/6658/4498
f 6146/6659/4499 6158/6672/4499 6157/6673/4499 6145/6660/4499
f 6147/6661/4500 6159/6674/4500 6158/6672/4500 6146/6659/4500
f 6148/6662/4501 6160/6675/4501 6159/6674/4501 6147/6661/4501
f 6149/6663/4502 6161/6676/4502 6160/6675/4502 6148/6662/4502
f 6150/6664/4503 6162/6677/4503 6161/6676/4503 6149/6663/4503
f 6151/6665/4504 6163/6678/4504 6162/6677/4504 6150/6664/4504
f 6152/6666/4505 6164/6679/4505 6163/6678/4505 6151/6665/4505
f 6153/6667/4506 6165/6680/4506 6164/6679/4506 6152/6666/4506
f 6154/6668/4507 6166/6681/4507 6165/6680/4507 6153/6667/4507
f 6155/6669/4508 6167/6682/4508 6166/6681/4508 6154/6668/4508
f 6156/6658/4509 6168/6671/4509 6167/6682/4509 6155/6669/4509
f 6157/6670/4510 6169/6683/4510 6180/6684/4510 6168/6671/4510
f 6158/6672/4511 6170/6685/4511 6169/6686/4511 6157/6673/4511
f 6159/6674/4512 6171/6687/4512 6170/6685/4512 6158/6672/4512
f 6160/6675/4513 6172/6688/4513 6171/6687/4513 6159/6674/4513
f 6161/6676/4514 6173/6689/4514 6172/6688/4514 6160/6675/4514
f 6162/6677/4515 6174/6690/4515 6173/6689/4515 6161/6676/4515
f 6163/6678/4516 6175/6691/4516 6174/6690/4516 6162/6677/4516
f 6164/6679/4517 6176/6692/4517 6175/6691/4517 6163/6678/4517
f 6165/6680/4518 6177/6693/4518 6176/6692/4518 6164/6679/4518
f 6166/6681/4519 6178/6694/4519 6177/6693/4519 6165/6680/4519
f 6167/6682/4520 6179/6695/4520 6178/6694/4520 6166/6681/4520
f 6168/6671/4521 6180/6684/4521 6179/6695/4521 6167/6682/4521
f 6181/6696/4522 6193/6697/4522 6204/6698/4522 6192/6699/4522
f 6182/6700/4523 6194/6701/4523 6193/6702/4523 6181/6703/4523
f 6183/6704/4524 6195/6705/4524 6194/6701/4524 6182/6700/4524
f 6184/6706/4525 6196/6707/4525 6195/6705/4525 6183/6704/4525
f 6185/6708/4526 6197/6709/4526 6196/6707/4526 6184/6706/4526
f 6186/6710/4527 6198/6711/4527 6197/6709/4527 6185/6708/4527
f 6187/6712/4528 6199/6713/4528 6198/6711/4528 6186/6710/4528
f 6188/6714/4529 6200/6715/4529 6199/6713/4529 6187/6712/4529
f 6189/6716/4530 6201/6717/4530 6200/6715/4530 6188/6714/4530
f 6190/6718/4531 6202/6719/4531 6201/6717/4531 6189/6716/4531
f 6191/6720/4532 6203/6721/4532 6202/6719/4532 6190/6718/4532
f 6192/6699/4533 6204/6698/4533 6203/6721/4533 6191/6720/4533
f 6193/6697/4534 6205/6722/4534 6216/6723/4534 6204/6698/4534
f 6194/6701/4535 6206/6724/4535 6205/6725/4535 6193/6702/4535
f 6195/6705/4249 6207/6726/4249 6206/6724/4249 6194/6701/4249
f 6196/6707/4248 6208/6727/4248 6207/6726/4248 6195/6705/4248
f 6197/6709/4536 6209/6728/4536 6208/6727/4536 6196/6707/4536
f 6198/6711/4537 6210/6729/4537 6209/6728/4537 6197/6709/4537
f 6199/6713/4538 6211/6730/4538 6210/6729/4538 6198/6711/4538
f 6200/6715/4539 6212/6731/4539 6211/6730/4539 6199/6713/4539
f 6201/6717/4255 6213/6732/4255 6212/6731/4255 6200/6715/4255
f 6202/6719/4254 6214/6733/4254 6213/6732/4254 6201/6717/4254
f 6203/6721/4540 6215/6734/4540 6214/6733/4540 6202/6719/4540
f 6204/6698/4541 6216/6723/4541 6215/6734/4541 6203/6721/4541
f 6205/6722/4542 6217/6735/4542 6228/6736/4542 6216/6723/4542
f 6206/6724/4543 6218/6737/4543 6217/6738/4543 6205/6725/4543
f 6207/6726/4261 6219/6739/4261 6218/6737/4261 6206/6724/4261
f 6208/6727/4260 6220/6740/4260 6219/6739/4260 6207/6726/4260
f 6209/6728/4544 6221/6741/4544 6220/6740/4544 6208/6727/4544
f 6210/6729/4545 6222/6742/4545 6221/6741/4545 6209/6728/4545
f 6211/6730/4546 6223/6743/4546 6222/6742/4546 6210/6729/4546
f 6212/6731/4547 6224/6744/4547 6223/6743/4547 6211/6730/4547
f 6213/6732/4267 6225/6745/4267 6224/6744/4267 6212/6731/4267
f 6214/6733/4266 6226/6746/4266 6225/6745/4266 6213/6732/4266
f 6215/6734/4548 6227/6747/4548 6226/6746/4548 6214/6733/4548
f 6216/6723/4549 6228/6736/4549 6227/6747/4549 6215/6734/4549
f 6217/6735/4550 6229/6748/4550 6240/6749/4550 6228/6736/4550
f 6218/6737/4551 6230/6750/4551 6229/6751/4551 6217/6738/4551
f 6219/6739/4273 6231/6752/4273 6230/6750/4273 6218/6737/4273
f 6220/6740/4272 6232/6753/4272 6231/6752/4272 6219/6739/4272
f 6221/6741/4552 6233/6754/4552 6232/6753/4552 6220/6740/4552
f 6222/6742/4553 6234/6755/4553 6233/6754/4553 6221/6741/4553
f 6223/6743/4554 6235/6756/4554 6234/6755/4554 6222/6742/4554
f 6224/6744/4555 6236/6757/4555 6235/6756/4555 6223/6743/4555
f 6225/6745/4279 6237/6758/4279 6236/6757/4279 6224/6744/4279
f 6226/6746/4278 6238/6759/4278 6237/6758/4278 6225/6745/4278
f 6227/6747/4556 6239/6760/4556 6238/6759/4556 6226/6746/4556
f 6228/6736/4557 6240/6749/4557 6239/6760/4557 6227/6747/4557
f 6229/6748/4558 6241/6761/4558 6252/6762/4558 6240/6749/4558
f 6230/6750/4559 6242/6763/4559 6241/6764/4559 6229/6751/4559
f 6231/6752/4285 6243/6765/4285 6242/6763/4285 6230/6750/4285
f 6232/6753/4284 6244/6766/4284 6243/6765/4284 6231/6752/4284
f 6233/6754/4560 6245/6767/4560 6244/6766/4560 6232/6753/4560
f 6234/6755/4561 6246/6768/4561 6245/6767/4561 6233/6754/4561
f 6235/6756/4562 6247/6769/4562 6246/6768/4562 6234/6755/4562
f 6236/6757/4563 6248/6770/4563 6247/6769/4563 6235/6756/4563
f 6237/6758/4564 6249/6771/4564 6248/6770/4564 6236/6757/4564
f 6238/6759/4565 6250/6772/4565 6249/6771/4565 6237/6758/4565
f 6239/6760/4566 6251/6773/4566 6250/6772/4566 6238/6759/4566
f 6240/6749/4567 6252/6762/4567 6251/6773/4567 6239/6760/4567
f 6241/6761/4568 6253/6774/4568 6264/6775/4568 6252/6762/4568
f 6242/6763/4298 6254/6776/4298 6253/6777/4298 6241/6764/4298
f 6243/6765/4569 6255/6778/4569 6254/6776/4569 6242/6763/4569
f 6244/6766/4570 6256/6779/4570 6255/6778/4570 6243/6765/4570
f 6245/6767/4295 6257/6780/4295 6256/6779/4295 6244/6766/4295
f 6246/6768/4571 6258/6781/4571 6257/6780/4571 6245/6767/4571
f 6247/6769/4572 6259/6782/4572 6258/6781/4572 6246/6768/4572
f 6248/6770/4573 6260/6783/4573 6259/6782/4573 6247/6769/4573
f 6249/6771/4574 6261/6784/4574 6260/6783/4574 6248/6770/4574
f 6250/6772/4575 6262/6785/4575 6261/6784/4575 6249/6771/4575
f 6251/6773/4301 6263/6786/4301 6262/6785/4301 6250/6772/4301
f 6252/6762/4576 6264/6775/4576 6263/6786/4576 6251/6773/4576
f 6253/6774/4577 6265/6787/4577 6276/6788/4577 6264/6775/4577
f 6254/6776/4310 6266/6789/4310 6265/6790/4310 6253/6777/4310
f 6255/6778/4309 6267/6791/4309 6266/6789/4309 6254/6776/4309
f 6256/6779/4308 6268/6792/4308 6267/6791/4308 6255/6778/4308
f 6257/6780/4307 6269/6793/4307 6268/6792/4307 6256/6779/4307
f 6258/6781/4578 6270/6794/4578 6269/6793/4578 6257/6780/4578
f 6259/6782/4579 6271/6795/4579 6270/6794/4579 6258/6781/4579
f 6260/6783/4316 6272/6796/4316 6271/6795/4316 6259/6782/4316
f 6261/6784/4580 6273/6797/4580 6272/6796/4580 6260/6783/4580
f 6262/6785/4581 6274/6798/4581 6273/6797/4581 6261/6784/4581
f 6263/6786/4313 6275/6799/4313 6274/6798/4313 6262/6785/4313
f 6264/6775/4582 6276/6788/4582 6275/6799/4582 6263/6786/4582
f 6265/6787/4583 6277/6800/4583 6288/6801/4583 6276/6788/4583
f 6266/6789/4584 6278/6802/4584 6277/6803/4584 6265/6790/4584
f 6267/6791/4585 6279/6804/4585 6278/6802/4585 6266/6789/4585
f 6268/6792/4586 6280/6805/4586 6279/6804/4586 6267/6791/4586
f 6269/6793/4587 6281/6806/4587 6280/6805/4587 6268/6792/4587
f 6270/6794/4588 6282/6807/4588 6281/6806/4588 6269/6793/4588
f 6271/6795/4589 6283/6808/4589 6282/6807/4589 6270/6794/4589
f 6272/6796/4590 6284/6809/4590 6283/6808/4590 6271/6795/4590
f 6273/6797/4591 6285/6810/4591 6284/6809/4591 6272/6796/4591
f 6274/6798/4592 6286/6811/4592 6285/6810/4592 6273/6797/4592
f 6275/6799/4593 6287/6812/4593 6286/6811/4593 6274/6798/4593
f 6276/6788/4594 6288/6801/4594 6287/6812/4594 6275/6799/4594
f 6277/6800/4595 6289/6813/4595 6300/6814/4595 6288/6801/4595
f 6278/6802/4596 6290/6815/4596 6289/6816/4596 6277/6803/4596
f 6279/6804/4333 6291/6817/4333 6290/6815/4333 6278/6802/4333
f 6280/6805/4332 6292/6818/4332 6291/6817/4332 6279/6804/4332
f 6281/6806/4597 6293/6819/4597 6292/6818/4597 6280/6805/4597
f 6282/6807/4598 6294/6820/4598 6293/6819/4598 6281/6806/4598
f 6283/6808/4599 6295/6821/4599 6294/6820/4599 6282/6807/4599
f 6284/6809/4600 6296/6822/4600 6295/6821/4600 6283/6808/4600
f 6285/6810/4339 6297/6823/4339 6296/6822/4339 6284/6809/4339
f 6286/6811/4338 6298/6824/4338 6297/6823/4338 6285/6810/4338
f 6287/6812/4601 6299/6825/4601 6298/6824/4601 6286/6811/4601
f 6288/6801/4602 6300/6814/4602 6299/6825/4602 6287/6812/4602
f 6289/6813/4603 6301/6826/4603 6312/6827/4603 6300/6814/4603
f 6290/6815/4604 6302/6828/4604 6301/6829/4604 6289/6816/4604
f 6291/6817/4345 6303/6830/4345 6302/6828/4345 6290/6815/4345
f 6292/6818/4344 6304/6831/4344 6303/6830/4344 6291/6817/4344
f 6293/6819/4605 6305/6832/4605 6304/6831/4605 6292/6818/4605
f 6294/6820/4606 6306/6833/4606 6305/6832/4606 6293/6819/4606
f 6295/6821/4607 6307/6834/4607 6306/6833/4607 6294/6820/4607
f 6296/6822/4608 6308/6835/4608 6307/6834/4608 6295/6821/4608
f 6297/6823/4351 6309/6836/4351 6308/6835/4351 6296/6822/4351
f 6298/6824/4350 6310/6837/4350 6309/6836/4350 6297/6823/4350
f 6299/6825/4609 6311/6838/4609 6310/6837/4609 6298/6824/4609
f 6300/6814/4610 6312/6827/4610 6311/6838/4610 6299/6825/4610
f 6301/6826/4611 6313/6839/4611 6324/6840/4611 6312/6827/4611
f 6302/6828/4612 6314/6841/4612 6313/6842/4612 6301/6829/4612
f 6303/6830/4357 6315/6843/4357 6314/6841/4357 6302/6828/4357
f 6304/6831/4356 6316/6844/4356 6315/6843/4356 6303/6830/4356
f 6305/6832/4613 6317/6845/4613 6316/6844/4613 6304/6831/4613
f 6306/6833/4614 6318/6846/4614 6317/6845/4614 6305/6832/4614
f 6307/6834/4615 6319/6847/4615 6318/6846/4615 6306/6833/4615
f 6308/6835/4616 6320/6848/4616 6319/6847/4616 6307/6834/4616
f 6309/6836/4363 6321/6849/4363 6320/6848/4363 6308/6835/4363
f 6310/6837/4362 6322/6850/4362 6321/6849/4362 6309/6836/4362
f 6311/6838/4617 6323/6851/4617 6322/6850/4617 6310/6837/4617
f 6312/6827/4618 6324/6840/4618 6323/6851/4618 6311/6838/4618
f 6313/6839/4619 6325/6852/4619 6336/6853/4619 6324/6840/4619
f 6314/6841/4620 6326/6854/4620 6325/6855/4620 6313/6842/4620
f 6315/6843/4621 6327/6856/4621 6326/6854/4621 6314/6841/4621
f 6316/6844/4622 6328/6857/4622 6327/6856/4622 6315/6843/4622
f 6317/6845/4623 6329/6858/4623 6328/6857/4623 6316/6844/4623
f 6318/6846/4624 6330/6859/4624 6329/6858/4624 6317/6845/4624
f 6319/6847/4625 6331/6860/4625 6330/6859/4625 6318/6846/4625
f 6320/6848/4626 6332/6861/4626 6331/6860/4626 6319/6847/4626
f 6321/6849/4627 6333/6862/4627 6332/6861/4627 6320/6848/4627
f 6322/6850/4628 6334/6863/4628 6333/6862/4628 6321/6849/4628
f 6323/6851/4629 6335/6864/4629 6334/6863/4629 6322/6850/4629
f 6324/6840/4630 6336/6853/4630 6335/6864/4630 6323/6851/4630
f 5520/5969/4631 5509/5971/4631 5510/5970/4631 5511/5972/4631 5512/5973/4631 5513/5974/4631 5514/5975/4631 5515/5976/4631 5516/5977/4631 5517/5978/4631 5518/5979/4631 5519/5980/4631
f 5580/6036/4631 5579/6057/4631 5578/6055/4631 5577/6053/4631 5576/6051/4631 5575/6049/4631 5574/6047/4631 5573/6045/4631 5572/6043/4631 5571/6041/4631 5570/6037/4631 5569/6040/4631
o 1360.012_01.014
v -680.000000 92.879433 -456.620453
v 679.999878 92.879601 -456.620422
v 679.999878 89.500084 -455.220642
v -680.000000 89.499916 -455.220673
v -680.000000 86.120399 -463.379608
v 679.999878 86.120567 -463.379578
v 679.999878 89.500084 -464.779358
v -680.000000 89.499916 -464.779388
v -680.000000 84.720497 -459.999969
v 679.999878 84.720665 -459.999939
v -680.000000 86.120399 -456.620453
v 679.999878 86.120567 -456.620422
v -680.000000 92.879433 -463.379608
v -680.000000 94.279335 -459.999969
v 679.999878 94.279503 -459.999939
v 679.999878 92.879601 -463.379578
v -680.000000 92.879433 653.379517
v 679.999878 92.879601 653.379639
v 679.999878 89.500084 654.779297
v -680.000000 89.499916 654.779297
v -680.000000 86.120407 646.620361
v 679.999878 86.120567 646.620361
v 679.999878 89.500084 645.220703
v -680.000000 89.499916 645.220581
v -680.000000 84.720505 650.000000
v 679.999878 84.720665 650.000000
v -680.000000 86.120407 653.379517
v 679.999878 86.120567 653.379639
v -680.000000 92.879433 646.620361
v -680.000000 94.279335 650.000000
v 679.999878 94.279503 650.000000
v 679.999878 92.879601 646.620361
v -653.379517 79.879440 -680.000000
v -653.379639 79.879601 680.000000
v -654.779419 76.500084 680.000000
v -654.779297 76.499924 -680.000000
v -646.620361 73.120407 -680.000000
v -646.620483 73.120567 680.000000
v -645.220703 76.500084 680.000000
v -645.220581 76.499924 -680.000000
v -650.000000 71.720505 -680.000000
v -650.000122 71.720665 680.000000
v -653.379517 73.120407 -680.000000
v -653.379639 73.120567 680.000000
v -646.620361 79.879440 -680.000000
v -650.000000 81.279335 -680.000000
v -650.000122 81.279503 680.000000
v -646.620483 79.879601 680.000000
v 652.732788 79.232773 680.000000
v 652.732788 79.232933 -679.999939
v 653.864685 76.500145 -679.999939
v 653.864685 76.499985 680.000000
v 647.267273 73.767197 680.000000
v 647.267273 73.767357 -679.999939
v 646.135254 76.500145 -679.999939
v 646.135254 76.499985 680.000000
v 650.000000 72.635239 680.000000
v 650.000000 72.635399 -679.999939
v 652.732788 73.767197 680.000000
v 652.732788 73.767357 -679.999939
v 647.267273 79.232773 680.000000
v 650.000000 80.364731 680.000000
v 650.000000 80.364891 -679.999939
v 647.267273 79.232933 -679.999939
v -680.000000 92.379433 -646.620483
v 679.999878 92.379601 -646.620422
v 679.999878 89.000084 -645.220642
v -680.000000 88.999916 -645.220703
v -680.000000 85.620407 -653.379639
v 679.999878 85.620567 -653.379578
v 679.999878 89.000084 -654.779358
v -680.000000 88.999916 -654.779419
v -680.000000 84.220505 -650.000000
v 679.999878 84.220665 -649.999939
v -680.000000 85.620407 -646.620483
v 679.999878 85.620567 -646.620422
v -680.000000 92.379433 -653.379639
v -680.000000 93.779335 -650.000000
v 679.999878 93.779503 -649.999939
v 679.999878 92.379601 -653.379578
v -468.379547 79.879440 -680.000000
v -468.379639 79.879601 680.000000
v -469.779419 76.500084 680.000000
v -469.779327 76.499924 -680.000000
v -461.620392 73.120407 -680.000000
v -461.620483 73.120567 680.000000
v -460.220703 76.500084 680.000000
v -460.220612 76.499924 -680.000000
v -465.000031 71.720505 -680.000000
v -465.000122 71.720665 680.000000
v -468.379547 73.120407 -680.000000
v -468.379639 73.120567 680.000000
v -461.620392 79.879440 -680.000000
v -465.000031 81.279335 -680.000000
v -465.000122 81.279503 680.000000
v -461.620483 79.879601 680.000000
v -283.379547 79.879440 -680.000000
v -283.379639 79.879601 680.000000
v -284.779419 76.500084 680.000000
v -284.779327 76.499924 -680.000000
v -276.620392 73.120407 -680.000000
v -276.620483 73.120567 680.000000
v -275.220703 76.500084 680.000000
v -275.220612 76.499924 -680.000000
v -280.000031 71.720505 -680.000000
v -280.000122 71.720665 680.000000
v -283.379547 73.120407 -680.000000
v -283.379639 73.120567 680.000000
v -276.620392 79.879440 -680.000000
v -280.000031 81.279335 -680.000000
v -280.000122 81.279503 680.000000
v -276.620483 79.879601 680.000000
v 467.732788 79.258194 680.000000
v 467.732788 79.258354 -679.999939
v 468.864685 76.525566 -679.999939
v 468.864685 76.525406 680.000000
v 462.267273 73.792618 680.000000
v 462.267273 73.792778 -679.999939
v 461.135254 76.525566 -679.999939
v 461.135254 76.525406 680.000000
v 465.000000 72.660660 680.000000
v 465.000000 72.660820 -679.999939
v 467.732788 73.792618 680.000000
v 467.732788 73.792778 -679.999939
v 462.267273 79.258194 680.000000
v 465.000000 80.390152 680.000000
v 465.000000 80.390312 -679.999939
v 462.267273 79.258354 -679.999939
v 282.732788 79.232773 680.000000
v 282.732788 79.232933 -679.999939
v 283.864685 76.500145 -679.999939
v 283.864685 76.499985 680.000000
v 277.267273 73.767197 680.000000
v 277.267273 73.767357 -679.999939
v 276.135254 76.500145 -679.999939
v 276.135254 76.499985 680.000000
v 280.000000 72.635239 680.000000
v 280.000000 72.635399 -679.999939
v 282.732788 73.767197 680.000000
v 282.732788 73.767357 -679.999939
v 277.267273 79.232773 680.000000
v 280.000000 80.364731 680.000000
v 280.000000 80.364891 -679.999939
v 277.267273 79.232933 -679.999939
v 97.732788 79.232773 680.000000
v 97.732788 79.232933 -679.999939
v 98.864685 76.500145 -679.999939
v 98.864685 76.499985 680.000000
v 92.267273 73.767197 680.000000
v 92.267273 73.767357 -679.999939
v 91.135254 76.500145 -679.999939
v 91.135254 76.499985 680.000000
v 95.000000 72.635239 680.000000
v 95.000000 72.635399 -679.999939
v 97.732788 73.767197 680.000000
v 97.732788 73.767357 -679.999939
v 92.267273 79.232773 680.000000
v 95.000000 80.364731 680.000000
v 95.000000 80.364891 -679.999939
v 92.267273 79.232933 -679.999939
v -98.379547 79.879440 -680.000000
v -98.379639 79.879601 680.000000
v -99.779419 76.500084 680.000000
v -99.779327 76.499924 -680.000000
v -91.620392 73.120407 -680.000000
v -91.620483 73.120567 680.000000
v -90.220703 76.500084 680.000000
v -90.220612 76.499924 -680.000000
v -95.000031 71.720505 -680.000000
v -95.000122 71.720665 680.000000
v -98.379547 73.120407 -680.000000
v -98.379639 73.120567 680.000000
v -91.620392 79.879440 -680.000000
v -95.000031 81.279335 -680.000000
v -95.000122 81.279503 680.000000
v -91.620483 79.879601 680.000000
v -680.000000 92.879433 468.379517
v 679.999878 92.879601 468.379578
v 679.999878 89.500084 469.779358
v -680.000000 89.499916 469.779297
v -680.000000 86.120407 461.620361
v 679.999878 86.120567 461.620422
v 679.999878 89.500084 460.220642
v -680.000000 89.499916 460.220581
v -680.000000 84.720505 465.000000
v 679.999878 84.720665 465.000061
v -680.000000 86.120407 468.379517
v 679.999878 86.120567 468.379578
v -680.000000 92.879433 461.620361
v -680.000000 94.279335 465.000000
v 679.999878 94.279503 465.000061
v 679.999878 92.879601 461.620422
v -680.000000 92.879433 283.379517
v 679.999878 92.879601 283.379578
v 679.999878 89.500084 284.779358
v -680.000000 89.499916 284.779297
v -680.000000 86.120407 276.620361
v 679.999878 86.120567 276.620422
v 679.999878 89.500084 275.220642
v -680.000000 89.499916 275.220581
v -680.000000 84.720505 280.000000
v 679.999878 84.720665 280.000061
v -680.000000 86.120407 283.379517
v 679.999878 86.120567 283.379578
v -680.000000 92.879433 276.620361
v -680.000000 94.279335 280.000000
v 679.999878 94.279503 280.000061
v 679.999878 92.879601 276.620422
v -680.000000 92.879433 98.379517
v 679.999878 92.879601 98.379578
v 679.999878 89.500084 99.779358
v -680.000000 89.499916 99.779297
v -680.000000 86.120407 91.620361
v 679.999878 86.120567 91.620422
v 679.999878 89.500084 90.220642
v -680.000000 89.499916 90.220581
v -680.000000 84.720505 95.000000
v 679.999878 84.720665 95.000061
v -680.000000 86.120407 98.379517
v 679.999878 86.120567 98.379578
v -680.000000 92.879433 91.620361
v -680.000000 94.279335 95.000000
v 679.999878 94.279503 95.000061
v 679.999878 92.879601 91.620422
v -680.000000 92.879433 -86.620453
v 679.999878 92.879601 -86.620422
v 679.999878 89.500084 -85.220642
v -680.000000 89.499916 -85.220673
v -680.000000 86.120407 -93.379608
v 679.999878 86.120567 -93.379578
v 679.999878 89.500084 -94.779358
v -680.000000 89.499916 -94.779388
v -680.000000 84.720505 -89.999969
v 679.999878 84.720665 -89.999939
v -680.000000 86.120407 -86.620453
v 679.999878 86.120567 -86.620422
v -680.000000 92.879433 -93.379608
v -680.000000 94.279335 -89.999969
v 679.999878 94.279503 -89.999939
v 679.999878 92.879601 -93.379578
v -680.000000 92.879433 -271.620453
v 679.999878 92.879601 -271.620422
v 679.999878 89.500084 -270.220642
v -680.000000 89.499916 -270.220673
v -680.000000 86.120407 -278.379608
v 679.999878 86.120567 -278.379578
v 679.999878 89.500084 -279.779358
v -680.000000 89.499916 -279.779388
v -680.000000 84.720505 -274.999969
v 679.999878 84.720665 -274.999939
v -680.000000 86.120407 -271.620453
v 679.999878 86.120567 -271.620422
v -680.000000 92.879433 -278.379608
v -680.000000 94.279335 -274.999969
v 679.999878 94.279503 -274.999939
v 679.999878 92.879601 -278.379578
vn -0.0000 0.3824 0.9240
vn 0.0000 -0.3824 -0.9240
vn 0.0000 -0.9239 -0.3826
vn 0.0000 -0.9239 0.3827
vn -1.0000 0.0000 -0.0000
vn 1.0000 -0.0000 -0.0000
vn 0.0000 -0.3824 0.9240
vn -0.0000 0.9239 0.3827
vn -0.0000 0.9239 -0.3826
vn -0.0000 0.3824 -0.9240
vn -0.0000 0.3823 0.9240
vn 0.0000 -0.3823 -0.9240
vn 0.0000 -0.9239 0.3826
vn 0.0000 -0.3823 0.9240
vn -0.0000 0.9239 0.3826
vn 0.0000 0.3823 -0.9240
vn -0.9240 0.3824 -0.0000
vn 0.9240 -0.3824 0.0000
vn 0.3826 -0.9239 0.0000
vn -0.3827 -0.9239 0.0000
vn -0.3826 -0.9239 0.0000
vn 0.0000 0.0000 -1.0000
vn 0.0000 -0.0000 1.0000
vn -0.9240 -0.3824 -0.0000
vn -0.3826 0.9239 -0.0000
vn -0.3827 0.9239 -0.0000
vn 0.3826 0.9239 -0.0000
vn 0.9240 0.3824 0.0000
vn 0.9239 0.3826 0.0000
vn -0.9239 -0.3827 -0.0000
vn -0.0001 0.0003 1.0000
vn 0.0001 0.0003 1.0000
vn 0.0003 0.0001 1.0000
vn 0.0003 -0.0001 1.0000
vn 0.0001 -0.0003 1.0000
vn -0.0001 -0.0003 1.0000
vn -0.0003 -0.0001 1.0000
vn -0.0003 0.0001 1.0000
vn -0.0001 -0.0003 -1.0000
vn 0.0001 -0.0003 -1.0000
vn 0.0003 -0.0001 -1.0000
vn 0.0003 0.0001 -1.0000
vn 0.0001 0.0003 -1.0000
vn -0.0001 0.0003 -1.0000
vn -0.0003 0.0001 -1.0000
vn -0.0003 -0.0001 -1.0000
vn 0.9239 -0.3826 -0.0000
vn -0.9239 0.3827 0.0000
usemtl Material_-11
s 1
f 6337//4632 6338//4632 6339//4632 6340//4632
f 6341//4633 6342//4633 6343//4633 6344//4633
f 6345//4634 6346//4634 6342//4634 6341//4634
f 6347//4635 6348//4635 6346//4635 6345//4635
f 6347//4636 6345//4636 6341//4636 6344//4636 6349//4636 6350//4636 6337//4636 6340//4636
f 6338//4637 6351//4637 6352//4637 6343//4637 6342//4637 6346//4637 6348//4637 6339//4637
f 6340//4638 6339//4638 6348//4638 6347//4638
f 6350//4639 6351//4639 6338//4639 6337//4639
f 6349//4640 6352//4640 6351//4640 6350//4640
f 6344//4641 6343//4641 6352//4641 6349//4641
f 6353//4642 6354//4642 6355//4642 6356//4642
f 6357//4643 6358//4643 6359//4643 6360//4643
f 6361//4634 6362//4634 6358//4634 6357//4634
f 6363//4644 6364//4644 6362//4644 6361//4644
f 6363//4636 6361//4636 6357//4636 6360//4636 6365//4636 6366//4636 6353//4636 6356//4636
f 6354//4637 6367//4637 6368//4637 6359//4637 6358//4637 6362//4637 6364//4637 6355//4637
f 6356//4645 6355//4645 6364//4645 6363//4645
f 6366//4646 6367//4646 6354//4646 6353//4646
f 6365//4640 6368//4640 6367//4640 6366//4640
f 6360//4647 6359//4647 6368//4647 6365//4647
f 6369//4648 6370//4648 6371//4648 6372//4648
f 6373//4649 6374//4649 6375//4649 6376//4649
f 6377//4650 6378//4650 6374//4650 6373//4650
f 6379//4651 6380//4651 6378//4652 6377//4652
f 6379//4653 6377//4653 6373//4653 6376//4653 6381//4653 6382//4653 6369//4653 6372//4653
f 6370//4654 6383//4654 6384//4654 6375//4654 6374//4654 6378//4654 6380//4654 6371//4654
f 6372//4655 6371//4655 6380//4655 6379//4655
f 6382//4656 6383//4656 6370//4657 6369//4656
f 6381//4658 6384//4658 6383//4658 6382//4658
f 6376//4659 6375//4659 6384//4659 6381//4659
f 6401//4632 6402//4632 6403//4632 6404//4632
f 6405//4633 6406//4633 6407//4633 6408//4633
f 6409//4634 6410//4634 6406//4634 6405//4634
f 6411//4635 6412//4635 6410//4635 6409//4635
f 6411//4636 6409//4636 6405//4636 6408//4636 6413//4636 6414//4636 6401//4636 6404//4636
f 6402//4637 6415//4637 6416//4637 6407//4637 6406//4637 6410//4637 6412//4637 6403//4637
f 6404//4638 6403//4638 6412//4638 6411//4638
f 6414//4639 6415//4639 6402//4639 6401//4639
f 6413//4640 6416//4640 6415//4640 6414//4640
f 6408//4641 6407//4641 6416//4641 6413//4641
f 6417//4648 6418//4648 6419//4648 6420//4648
f 6421//4649 6422//4649 6423//4649 6424//4649
f 6425//4650 6426//4650 6422//4650 6421//4650
f 6427//4651 6428//4651 6426//4652 6425//4652
f 6427//4653 6425//4653 6421//4653 6424//4653 6429//4653 6430//4653 6417//4653 6420//4653
f 6418//4654 6431//4654 6432//4654 6423//4654 6422//4654 6426//4654 6428//4654 6419//4654
f 6420//4655 6419//4655 6428//4655 6427//4655
f 6430//4656 6431//4656 6418//4657 6417//4656
f 6429//4658 6432//4658 6431//4658 6430//4658
f 6424//4659 6423//4659 6432//4659 6429//4659
f 6433//4648 6434//4648 6435//4648 6436//4648
f 6437//4649 6438//4649 6439//4649 6440//4649
f 6441//4650 6442//4650 6438//4650 6437//4650
f 6443//4651 6444//4651 6442//4651 6441//4651
f 6443//4653 6441//4653 6437//4653 6440//4653 6445//4653 6446//4653 6433//4653 6436//4653
f 6434//4654 6447//4654 6448//4654 6439//4654 6438//4654 6442//4654 6444//4654 6435//4654
f 6436//4655 6435//4655 6444//4655 6443//4655
f 6446//4657 6447//4657 6434//4657 6433//4657
f 6445//4658 6448//4658 6447//4658 6446//4658
f 6440//4659 6439//4659 6448//4659 6445//4659
f 6497//4648 6498//4648 6499//4648 6500//4648
f 6501//4649 6502//4649 6503//4649 6504//4649
f 6505//4650 6506//4650 6502//4650 6501//4650
f 6507//4651 6508//4651 6506//4651 6505//4651
f 6507//4653 6505//4653 6501//4653 6504//4653 6509//4653 6510//4653 6497//4653 6500//4653
f 6498//4654 6511//4654 6512//4654 6503//4654 6502//4654 6506//4654 6508//4654 6499//4654
f 6500//4655 6499//4655 6508//4655 6507//4655
f 6510//4657 6511//4657 6498//4657 6497//4657
f 6509//4658 6512//4658 6511//4658 6510//4658
f 6504//4659 6503//4659 6512//4659 6509//4659
f 6513//4632 6514//4632 6515//4632 6516//4632
f 6517//4633 6518//4633 6519//4633 6520//4633
f 6521//4634 6522//4634 6518//4634 6517//4634
f 6523//4635 6524//4635 6522//4635 6521//4635
f 6523//4636 6521//4636 6517//4636 6520//4636 6525//4636 6526//4636 6513//4636 6516//4636
f 6514//4637 6527//4637 6528//4637 6519//4637 6518//4637 6522//4637 6524//4637 6515//4637
f 6516//4638 6515//4638 6524//4638 6523//4638
f 6526//4639 6527//4639 6514//4639 6513//4639
f 6525//4640 6528//4640 6527//4640 6526//4640
f 6520//4641 6519//4641 6528//4641 6525//4641
f 6529//4632 6530//4632 6531//4632 6532//4632
f 6533//4633 6534//4633 6535//4633 6536//4633
f 6537//4634 6538//4634 6534//4634 6533//4634
f 6539//4635 6540//4635 6538//4635 6537//4635
f 6539//4636 6537//4636 6533//4636 6536//4636 6541//4636 6542//4636 6529//4636 6532//4636
f 6530//4637 6543//4637 6544//4637 6535//4637 6534//4637 6538//4637 6540//4637 6531//4637
f 6532//4638 6531//4638 6540//4638 6539//4638
f 6542//4639 6543//4639 6530//4639 6529//4639
f 6541//4640 6544//4640 6543//4640 6542//4640
f 6536//4641 6535//4641 6544//4641 6541//4641
f 6545//4632 6546//4632 6547//4632 6548//4632
f 6549//4633 6550//4633 6551//4633 6552//4633
f 6553//4634 6554//4634 6550//4634 6549//4634
f 6555//4635 6556//4635 6554//4635 6553//4635
f 6555//4636 6553//4636 6549//4636 6552//4636 6557//4636 6558//4636 6545//4636 6548//4636
f 6546//4637 6559//4637 6560//4637 6551//4637 6550//4637 6554//4637 6556//4637 6547//4637
f 6548//4638 6547//4638 6556//4638 6555//4638
f 6558//4639 6559//4639 6546//4639 6545//4639
f 6557//4640 6560//4640 6559//4640 6558//4640
f 6552//4641 6551//4641 6560//4641 6557//4641
f 6561//4632 6562//4632 6563//4632 6564//4632
f 6565//4633 6566//4633 6567//4633 6568//4633
f 6569//4634 6570//4634 6566//4634 6565//4634
f 6571//4635 6572//4635 6570//4635 6569//4635
f 6571//4636 6569//4636 6565//4636 6568//4636 6573//4636 6574//4636 6561//4636 6564//4636
f 6562//4637 6575//4637 6576//4637 6567//4637 6566//4637 6570//4637 6572//4637 6563//4637
f 6564//4638 6563//4638 6572//4638 6571//4638
f 6574//4639 6575//4639 6562//4639 6561//4639
f 6573//4640 6576//4640 6575//4640 6574//4640
f 6568//4641 6567//4641 6576//4641 6573//4641
f 6577//4632 6578//4632 6579//4632 6580//4632
f 6581//4633 6582//4633 6583//4633 6584//4633
f 6585//4634 6586//4634 6582//4634 6581//4634
f 6587//4635 6588//4635 6586//4635 6585//4635
f 6587//4636 6585//4636 6581//4636 6584//4636 6589//4636 6590//4636 6577//4636 6580//4636
f 6578//4637 6591//4637 6592//4637 6583//4637 6582//4637 6586//4637 6588//4637 6579//4637
f 6580//4638 6579//4638 6588//4638 6587//4638
f 6590//4639 6591//4639 6578//4639 6577//4639
f 6589//4640 6592//4640 6591//4640 6590//4640
f 6584//4641 6583//4641 6592//4641 6589//4641
usemtl Material_-11.001
f 6385//4660 6386//4660 6387//4660 6388//4660
f 6389//4661 6390//4661 6391//4661 6392//4661
f 6393//4652 6394//4652 6390//4652 6389//4652
f 6395//4650 6396//4650 6394//4650 6393//4650
f 6395//4662 6393//4663 6389//4664 6392//4665 6397//4666 6398//4667 6385//4668 6388//4669
f 6386//4670 6399//4671 6400//4672 6391//4673 6390//4674 6394//4675 6396//4676 6387//4677
f 6388//4678 6387//4678 6396//4678 6395//4678
f 6398//4658 6399//4658 6386//4658 6385//4658
f 6397//4656 6400//4656 6399//4656 6398//4656
f 6392//4679 6391//4679 6400//4679 6397//4679
f 6449//4660 6450//4660 6451//4660 6452//4660
f 6453//4661 6454//4661 6455//4661 6456//4661
f 6457//4652 6458//4652 6454//4652 6453//4652
f 6459//4650 6460//4650 6458//4650 6457//4650
f 6459//4662 6457//4663 6453//4664 6456//4665 6461//4666 6462//4667 6449//4668 6452//4669
f 6450//4670 6463//4671 6464//4672 6455//4673 6454//4674 6458//4675 6460//4676 6451//4677
f 6452//4678 6451//4678 6460//4678 6459//4678
f 6462//4658 6463//4658 6450//4658 6449//4658
f 6461//4656 6464//4656 6463//4656 6462//4656
f 6456//4679 6455//4679 6464//4679 6461//4679
f 6465//4660 6466//4660 6467//4660 6468//4660
f 6469//4661 6470//4661 6471//4661 6472//4661
f 6473//4652 6474//4652 6470//4652 6469//4652
f 6475//4650 6476//4650 6474//4650 6473//4650
f 6475//4662 6473//4663 6469//4664 6472//4665 6477//4666 6478//4667 6465//4668 6468//4669
f 6466//4670 6479//4671 6480//4672 6471//4673 6470//4674 6474//4675 6476//4676 6467//4677
f 6468//4678 6467//4678 6476//4678 6475//4678
f 6478//4658 6479//4658 6466//4658 6465//4658
f 6477//4656 6480//4656 6479//4656 6478//4656
f 6472//4679 6471//4679 6480//4679 6477//4679
f 6481//4660 6482//4660 6483//4660 6484//4660
f 6485//4661 6486//4661 6487//4661 6488//4661
f 6489//4652 6490//4652 6486//4652 6485//4652
f 6491//4650 6492//4650 6490//4650 6489//4650
f 6491//4662 6489//4663 6485//4664 6488//4665 6493//4666 6494//4667 6481//4668 6484//4669
f 6482//4670 6495//4671 6496//4672 6487//4673 6486//4674 6490//4675 6492//4676 6483//4677
f 6484//4678 6483//4678 6492//4678 6491//4678
f 6494//4658 6495//4658 6482//4658 6481//4658
f 6493//4656 6496//4656 6495//4656 6494//4656
f 6488//4679 6487//4679 6496//4679 6493//4679
o 1800
v 146.464172 103.535248 -324.000000
v 146.464050 103.535538 324.000000
v 144.999695 100.000015 324.000000
v 144.999817 99.999725 -324.000000
v 153.535461 96.464203 -324.000000
v 153.535339 96.464493 324.000000
v 154.999695 100.000015 324.000000
v 154.999817 99.999725 -324.000000
v 149.999817 94.999725 -324.000000
v 149.999695 95.000015 324.000000
v 146.464172 96.464203 -324.000000
v 146.464050 96.464493 324.000000
v 153.535461 103.535248 -324.000000
v 149.999817 104.999725 -324.000000
v 149.999695 105.000015 324.000000
v 153.535339 103.535538 324.000000
vn -0.9239 0.3827 -0.0000
vn 0.9239 -0.3827 0.0000
vn 0.3827 -0.9239 0.0000
vn -0.3826 -0.9239 0.0000
vn 0.0000 0.0000 -1.0000
vn 0.0000 -0.0000 1.0000
vn -0.9239 -0.3827 -0.0000
vn -0.3826 0.9239 -0.0000
vn 0.3827 0.9239 -0.0000
vn 0.9239 0.3827 0.0000
usemtl Material_-11.002
s 1
f 6593//4680 6594//4680 6595//4680 6596//4680
f 6597//4681 6598//4681 6599//4681 6600//4681
f 6601//4682 6602//4682 6598//4682 6597//4682
f 6603//4683 6604//4683 6602//4683 6601//4683
f 6603//4684 6601//4684 6597//4684 6600//4684 6605//4684 6606//4684 6593//4684 6596//4684
f 6594//4685 6607//4685 6608//4685 6599//4685 6598//4685 6602//4685 6604//4685 6595//4685
f 6596//4686 6595//4686 6604//4686 6603//4686
f 6606//4687 6607//4687 6594//4687 6593//4687
f 6605//4688 6608//4688 6607//4688 6606//4688
f 6600//4689 6599//4689 6608//4689 6605//4689
o 1800.001
v -153.535828 103.535248 -324.000000
v -153.535950 103.535538 324.000000
v -155.000305 100.000015 324.000000
v -155.000183 99.999725 -324.000000
v -146.464539 96.464203 -324.000000
v -146.464661 96.464493 324.000000
v -145.000305 100.000015 324.000000
v -145.000183 99.999725 -324.000000
v -150.000183 94.999725 -324.000000
v -150.000305 95.000015 324.000000
v -153.535828 96.464203 -324.000000
v -153.535950 96.464493 324.000000
v -146.464539 103.535248 -324.000000
v -150.000183 104.999725 -324.000000
v -150.000305 105.000015 324.000000
v -146.464661 103.535538 324.000000
vn -0.9239 0.3827 -0.0000
vn 0.9239 -0.3827 0.0000
vn 0.3827 -0.9239 0.0000
vn -0.3826 -0.9239 0.0000
vn 0.0000 0.0000 -1.0000
vn 0.0000 -0.0000 1.0000
vn -0.9239 -0.3827 -0.0000
vn -0.3826 0.9239 -0.0000
vn 0.3827 0.9239 -0.0000
vn 0.9239 0.3827 0.0000
usemtl Material_-11.002
s 1
f 6609//4690 6610//4690 6611//4690 6612//4690
f 6613//4691 6614//4691 6615//4691 6616//4691
f 6617//4692 6618//4692 6614//4692 6613//4692
f 6619//4693 6620//4693 6618//4693 6617//4693
f 6619//4694 6617//4694 6613//4694 6616//4694 6621//4694 6622//4694 6609//4694 6612//4694
f 6610//4695 6623//4695 6624//4695 6615//4695 6614//4695 6618//4695 6620//4695 6611//4695
f 6612//4696 6611//4696 6620//4696 6619//4696
f 6622//4697 6623//4697 6610//4697 6609//4697
f 6621//4698 6624//4698 6623//4698 6622//4698
f 6616//4699 6615//4699 6624//4699 6621//4699
o 平面_平面.001
v -2969.999756 0.000000 -2099.999756
v -2969.999756 0.000000 2099.999512
v 2969.999756 0.000000 -2099.999512
v 2969.999756 0.000000 2099.999756
vt 0.000100 0.999900
vt 0.000100 0.000100
vt 0.999900 0.000100
vt 0.999900 0.999900
vn 0.0000 1.0000 0.0000
usemtl マテリアル
s off
f 6625/6865/4700 6626/6866/4700 6628/6867/4700 6627/6868/4700
